wasm_hash,functions,params,params_with_option,returns,returns_with_option,funcs_with_option_param,funcs_with_option_return,uses_option
"0013c216736f0c12bf9e1b3fd46176abbbed49781590859aedff59a09c52dcc1",5,17,0,4,0,0,0,false
"00172516c9999771601540706a997d8ff8cb96b3fae4aaed3b2d85deb6c43c5e",22,48,0,10,1,0,1,true
"002ed7b8f33f61789b8da0ed4b70021b60f4c5d47d023a338826e997683f0e22",74,155,1,52,0,1,0,true
"003710b383f9da7d650a7f719a7be479110266427817ebbed61d924505fcd7c7",57,77,0,56,3,0,3,true
"003c7f8bd6796e536a3acf5fac150403f0b6054fe7857c132a135055424b566a",3,9,0,1,0,0,0,false
"004c04bc1664c25e1694e1c0dd2f2649ccea217f6ca8f7a7566e0cb360a2398f",14,23,0,7,0,0,0,false
"004dc6f0eb924b7e4fcb51cc4680f97603ca2c4e20bab54865ba8efc0a7db33f",15,19,0,8,0,0,0,false
"0065931866678464fb35204299114c8fb5f8954f262e662b0c9afaab145fb952",19,24,0,11,0,0,0,false
"006a2161fc23ac23be06e3865b70ad7b0f7af511e156b2d7974c0b0720d9958f",12,23,1,5,2,1,2,true
"006a54fb5f6794e2ffd3ca83bfbc88fd41bccc8505917ecdb552c952d8d767e1",18,30,0,18,1,0,1,true
"006b5f39c4ef99bed27feaae3af96c0a9e9b82418e47daa9e11c1e0135367375",14,26,0,6,0,0,0,false
"00ad44c763aa2dfb23723c411be473f651139515d6c847c3702f3cba59de27a6",1,0,0,1,0,0,0,false
"00b1b70550f887bd87835270ddee76307ced7a00aa6ad354ed744bc0544a03ac",23,14,0,11,6,0,6,true
"00b33d5f9f8a0aec1aecbefb73c724a22800f5d8577f693b26ad7a00329d6f20",28,46,0,22,0,0,0,false
"00b7322ec568470b25e396f76701117a9ea6404054a4ce560a58fa7c3b9a16fb",2,3,0,1,0,0,0,false
"00b799483d38090ac268b32c33bf35d6d65c1c29e0ec42b95058de97396e02a4",7,7,0,6,0,0,0,false
"00fd3b7f10ee92deefad31f897ea764e2ad86cd12925fcad9ae98131a240a9bb",15,29,0,5,1,0,1,true
"0108c762ca6f8441564b0ef032dbb6a600f7f4de3df65f844e51d875979c51e2",13,26,0,5,0,0,0,false
"011439f1c1c296fc69fbdd9b4f2086db13a8ba828d58cd599b4f5f593ca95b74",11,9,0,6,0,0,0,false
"011c41afca8bb3d64635660beaa425c5f91c9fd0ca02f228d53a450f58ac50cd",47,66,1,25,2,1,2,true
"011ee0c72be16018cfbcdd6b16642eb29c4c85209efab3cf5013daf5fb4caae0",24,71,16,24,7,11,7,true
"013487869cda1bee3eea0826f04601383ff572cba9cbe5106ecaed9692605740",17,37,0,17,1,0,1,true
"01378d2861d40bba0ff6ea3ef970d25a8cb32bf38e90e1a53739f2ac672db5cd",15,27,0,13,1,0,1,true
"01427012043d3cdbbe5101448296dd01dbad44aa42fc164fbe865a6c3d7e3be5",16,16,0,15,0,0,0,false
"0144d0db1c2e48877b7b575488f0c3a7bf5cf188bf6d303ea756865b3889b8e8",7,20,0,0,0,0,0,false
"0151f6f0e8e711d09cb5ae35e980322a837fb418cdd034bff0713634105e05c8",86,144,18,75,3,4,3,true
"0165acc6315a20ba55948b57a2df7b7cd594453866ad674d751976521634d32b",3,5,0,3,0,0,0,false
"017045ece06dab958a9432baa40e87c066bd920bfab33ed543854742a227c708",7,10,0,2,0,0,0,false
"017ae0d7e6c2141df9ea927a715b3152f0cde31e202c9c3bb7cc0e745616beb6",13,21,0,6,0,0,0,false
"017d6f6a8012e954fe5ec032123e066b9ebcd25364860bd32e2e26d4d2c6cf8d",15,16,0,14,0,0,0,false
"0191f55837f76fa8d2c1d5374000c80cd0b33dfaddafcf27b50c7c8b1547328a",22,32,0,11,2,0,2,true
"01a5196f27c1e9f4b6088088f1cb168a2bcc84e8a8c8b3facc76342f46e58359",60,133,0,58,1,0,1,true
"01a8304d5e0f518980de0a1d4efd47c41b6b23230234ee64c72283805342a2de",10,22,0,9,0,0,0,false
"01aa22418312a9c5137150961bdf2a43eadaafe5adf935eaedab622555df324f",23,47,0,15,5,0,5,true
"01cb467660fc54377ff8fa887c41dae59652bc8b8d9b4d7afed3607981fce7ef",1,3,0,1,0,0,0,false
"01cdc6ae087543d71494f436fae7b4547d349d82c23fa7c6de0924f91af2e6e6",105,168,3,105,7,3,7,true
"01cfbd28e984de234c5fa3e91713d2304159fe00df2acdc58594a4cc3674a7f3",4,12,0,2,0,0,0,false
"01d76265b4cabdbcd4b38be35c2431988dc369a75c0b4605397bd03b162dbe72",22,67,3,4,2,3,2,true
"01eee75d6a1e75c93079d4370fb635edd216dac3601850bbda08e52a79b72fa6",84,141,2,40,3,1,3,true
"01f2429212eed5782ec8b9fcc4f7b7ea5af18f109fd10e2604174badeaa86933",27,52,0,23,5,0,5,true
"022a412d636be65024ce1f0b4e92583a2c0cc3e42adeaedfbd8cdac14d8c8409",15,18,0,7,0,0,0,false
"024551eb8f3eacdd07ed1948b433d9001327732d6f445fd139a115bb0a1695e3",15,8,0,10,1,0,1,true
"0245bac3d0ada657e247346273316c22b106c113f2085dbbc2c46faa0c28d498",2,3,0,0,0,0,0,false
"024f15dba90fa6379ec9b03befce2c823413f6190ccf6264553fa9a785a3da5a",2,6,0,0,0,0,0,false
"026a8dd9189d27f7d0356f546fedc1a84b8d5fb17727315d5022e5013c98ad6d",34,34,1,33,1,1,1,true
"026bb5d31661702316e24d4851ba9fba753645b62d7b120db22fcb0eaaa70cf6",14,25,1,9,0,1,0,true
"02757bbb738c2d76ea7fb364c3b33fb3f11217f7dd56d263e62c311c7b815f9c",8,10,0,7,0,0,0,false
"027bd328b31767fae389ef191b159d2f25eecf86aaeefd6c1481feca369eb74c",9,19,0,3,2,0,2,true
"0287f4ad7350935b83d94e046c0bcabc960b233dbce1531008c021b71d406a1d",3,8,0,2,0,0,0,false
"0293730a1d9bdb23ad2b2d7f6d7ff86dc5fbe620efb29187f8210dc1d5b90bef",17,42,17,11,0,4,0,true
"02a1e9fbffb22b6489aff91560f880180f9a9e38a8534ea4fc7cbf437d47cfd7",17,50,1,17,3,1,3,true
"02a3e587011c7119bbc4b4a0168c316dfa3ddc92ce97283b13ee875ed9c77b83",10,22,0,9,0,0,0,false
"02ab25a263653165bba4a74b3248a2406c9fd2e4a44f158a998b4abb0a24fe59",4,12,0,2,0,0,0,false
"02ca8ef6fe25c0b08c6651f6486fc3bc757db319816202092983ba51b00f0a45",9,12,0,9,1,0,1,true
"02cf88e6e3e9981e99094e3cc033e17fb565165cc57af1082cf22bb049837c7c",22,67,3,4,2,3,2,true
"02e0dbf89e9429b340c3f6b0cde241c4b229d50f1aa55ab7da231ae8c918421c",9,14,0,4,0,0,0,false
"02e7000afab3e6b6856dd6af979591df4aad29c10aa6940019da699e222b58cb",39,50,0,22,1,0,1,true
"02e9f32323236b7288dc2b3d4652db678dcd876301fb3852d9cfb7cfaf54e0d2",20,30,0,20,0,0,0,false
"02eacac2332ae8308becf4a0428b469b8b47f9ca0bfba8ef6418b6000b657e4a",14,21,0,7,0,0,0,false
"02ed06736d7f40803f5f340c269e9c6a1706a17bed892c9bcf4ce1dd5f13e524",40,49,0,40,1,0,1,true
"02f8392683b30e34ca543fbd48062562607e5d57bb8203113c5d09aad64ce455",1,2,0,1,0,0,0,false
"0321838d90959cce43a97d336ccd13c790db7c6a6c525e7c8cf14948d61e3ec9",9,16,0,8,3,0,3,true
"032ff0d178b88e5465c8932f47e35987096fe1f85df7136a6bf8e54fc8fd9bc8",4,9,0,4,0,0,0,false
"033d43e49f0cbb01a27deae719e5506a4b29d7a238a4f62760504e85c4ab93ed",9,3,0,7,0,0,0,false
"034518dd939f0a323b441e405750b2dddb86db251858f6d0eb21e01004822ed0",1,4,0,1,0,0,0,false
"034af7f5661f4c30585a5a3454844a06c4859f5e275d29a6faa9b053f39febfe",3,9,0,1,0,0,0,false
"0392b1ff40ef349e425e972da98284d264b2ffc7641143596c1bedd8f8b83158",18,42,11,18,0,9,0,true
"039fe4785397f7a40fd8b7feffa469a625a539ca08bc0a528da50cc9e4c1a9bd",4,8,0,0,0,0,0,false
"03a224152ec6ad3fdda621082b40aa0f7542f18cac981657c186161d5da52d55",10,12,0,7,3,0,3,true
"03a61e24b6b22258dba03426b3d05df340ae1a4ff5f1397e594ff04919deaf0b",7,9,0,7,0,0,0,false
"03b59a0639399f8b33a6b6f9f03dc897adcb2d4abddbb113e3acf6adefdae2ba",14,34,0,11,0,0,0,false
"03cd10f1c31084ad920dd34ca9d8002a20cd6b87a0e88cd146360d6e99acbabe",20,24,0,0,0,0,0,false
"03dde51960c6ae51a890538f3b01ca21829b010453755a5437f6d9b2d7d0bf14",5,3,0,5,0,0,0,false
"03f043bfa7abbc491852f1d0a90e6d6b8c13006774d54e38a12a062235fb0479",3,4,0,2,1,0,1,true
"03f4a0820f1891c14c10eee1a795572c1022c861532b10e6d8488fc705a4c3b5",6,11,1,2,0,1,0,true
"03fb7ee820da3797a8f9dbca01ab2e60020cbc57c66fc46f8ea11378a8c4a8e5",2,3,0,1,0,0,0,false
"0400f64ac0d79ac3c948061c606ada58e5eab74628442070259ff883dfdf1112",6,8,0,1,0,0,0,false
"0405b19fad70b482c88a4bb8ae75b2527c68e926f7797128bfa203d20bb94432",44,80,0,26,3,0,3,true
"0439e5eb5841d8eae3e6b43e7428268397d38edbb4c2d9d09823a4b31b0c3a5a",20,32,0,15,0,0,0,false
"0449759c767cbaae16bee7b10fa5aa9f6e9ef25ff5dd5607e39d7b9d100417bf",10,17,0,6,0,0,0,false
"048632bbfafa624fdf5632998a6261eefdd117e390019a35e2d174a14e2d7d32",8,23,0,7,0,0,0,false
"04891de23199f3d91113af75051a13b23dff5959fd489f4ad5748d72a7966e23",5,17,0,4,0,0,0,false
"0491311b4aebdd1f655d78bb40ae30b21264dc9ddb908401cbbb08c7144323d4",1,5,0,1,0,0,0,false
"0497742713d7bf91c22ccc79e6d6a84742dfe1ef62f466cfe5d3ab2907bf6bf7",14,24,0,6,0,0,0,false
"04c5d66dd19ea2b7328454f5972a2fc6a8fc13855fc430a11d14afd2782e8836",22,32,0,9,4,0,4,true
"04d3e8b60af5bcd40d90fdc7cc706b22d442c2c3d8f4e4c66314a5a60b42b118",7,16,0,0,0,0,0,false
"05445b0a4f2a29a6e0c791f3d9b983e1f464933e90afee365224d8fec5650987",8,8,0,7,3,0,3,true
"0551954a584d8b48060c0c3bc584a13632d2393514b14d86e336a83124b041ef",92,177,0,92,10,0,10,true
"0566a42855fac1c21402ef84e0f32625a9e3186c0a29bbbfd64c35dd7bee8a4c",12,10,0,10,0,0,0,false
"056e9e0c9b3698478b6227506ab1d0c19b4d6a7a133359ad3a5327c8d20763a8",2,6,0,0,0,0,0,false
"0576076cfef691d481fa5b5022a5436f7851824086f94824c2dc3eae15c9da53",8,15,0,4,0,0,0,false
"059186ad598f43f11ea1e1f975cc35783cc2f649a90fef21af4b1e44970c930e",33,44,0,31,0,0,0,false
"05a9f707ecc83974311323eda9b33072b40c9ad358575061589a05a493554cbb",4,7,0,2,0,0,0,false
"05b07e8ef8d5f7747a86adff00a39e63a8ac3bf7b6ad7e5baf51aca053c92ca5",75,158,1,50,0,1,0,true
"05c05ff6ba31d8ad02b7cede524e544827473057845b9bccb0a3ca0cf23ab01c",10,19,0,9,0,0,0,false
"05efc786918d9bdca034049cc3cb934e745d1937ddfc24ed3e7f1743fef2814f",9,11,0,8,0,0,0,false
"0600a2bcb2dbb08fd576c6a9868f914d3286cd3b0b19ccdd34a8cf0ba07be8ed",13,29,0,5,0,0,0,false
"060114a83aba476492ee46c79138da2fb6a8226c862a05d103c5f21ca6b344a0",27,33,0,27,2,0,2,true
"0602acc82ccd8ae0024b9214329e3958dc000e63ceacdc9ce12eb1b59b512960",11,11,0,11,0,0,0,false
"060d10e53779b685f6b2525fc6b1fb7f491601775a6f17fab319ac15e1e9c509",5,12,0,5,0,0,0,false
"063b932fb6b953a685bcb66b189b2143eda715650979095e39eb36c92ec7eaa2",27,39,0,26,3,0,3,true
"0648853acad2fcb8f0277fa23ed7da049c23bdb0276ccdc13d9bcd6ff905ecc4",10,26,0,9,0,0,0,false
"066e83cbba17c90371d50793ada73d28bb28a5c87bfb839fb83574a37053fb68",17,16,0,15,0,0,0,false
"0675365c717aa6fcf0372ebb44398630bf8f299730f03515312169e5c2988fd3",2,9,2,1,0,1,0,true
"068104a721636cdd6daefde2444715c25ec88f0a7c214bec97418c567cc1c4a9",9,10,0,9,0,0,0,false
"068e336e55e6fba54cf6cb0833c81d8275ef52cd18e5f6be3b1b10b4c644811b",5,20,0,3,0,0,0,false
"0698612e5e88ff06583318777d4026698ce809e1251392915b1e4757e8f157c1",15,30,0,15,2,0,2,true
"069d4b99f8162d369a40f7b70905043e28698cebedfe39190353c686b857dfe0",4,21,0,0,0,0,0,false
"069fd9e07f745eca4e14ce12f329c1c416b2d2634262ba0efe71ecb3d889764f",1,1,0,1,0,0,0,false
"06a83259f0c66c380856b7233ca4d5300c3bb88b6f7609d8d86c8a3f72045d0b",5,4,0,1,0,0,0,false
"06b037e0d38bc5a8d236b4be1f21f7bab687d625c20552372d1f38b87bfe25f2",3,3,0,3,0,0,0,false
"06b44635985d124cf794ed687469c845c18ab0b6244766f85c7b55ab1290d4ea",19,35,0,8,0,0,0,false
"06c1f6e92b37a856babf9e510db5066f1300d97a0366d75c6e8f948fa5cabffa",22,36,7,22,0,2,0,true
"06c3630e53fe1ca7f8e6cf4b2854652bfcf646459f33b5cccf27e41616b4ec84",9,11,0,8,0,0,0,false
"06ceb0d4e4649dd5eb5d3f676285a1de20fc856bc260444964e6097c1233d015",15,29,0,5,1,0,1,true
"06e20c5fe4e8adde2af502aa5f22df7bf09ae5af1f8354ab6c038902dff9382b",1,1,0,1,0,0,0,false
"06e6744b7d0ea9e915b924f8f2488a0d490c10f225f2b5db48223d883176af33",3,7,0,0,0,0,0,false
"06edbcb1b334d6ee603adde68854932c1cae04bf0b56d940bbc77236fb75cc3c",22,37,7,21,0,2,0,true
"06f1617092e949f6c3fb9e8383048c000d8d61759deff79247ab3c8e207403df",5,12,0,0,0,0,0,false
"06f4207b0c9ef78cc595e075ded8fa40e73fdb8346e5f9281068a2d4ba1e5037",75,158,1,50,0,1,0,true
"06fc453cf0ccad8672698042bad6d1b4fe199e6a5f112e9dec8e4beb9cd085e9",14,35,0,11,4,0,4,true
"07097f83dae3b746db7dba3263d9cc334efb88a9a7d5450fb96ca19f33d284b0",12,14,0,5,1,0,1,true
"073b070eaf32b07ffd4ab83704dee2207adf1416d1b254d3fe999caf7d22ff06",1,1,0,1,0,0,0,false
"0744aa1fbfb2f5f45a646655731285ec2277b235549e2365c7c4e385304b8539",1,1,0,0,0,0,0,false
"0745dbd5a9f85931e3b0b287b27732e46ed0daf2510518350b2eeba5c0fe8101",18,24,0,7,1,0,1,true
"074c596f146d74faf87feded3602784b5077d755873e07e8860d2bae7b9fd63c",13,18,0,12,3,0,3,true
"07530d5a256f8d65a450f4458351586fc2fed78107362f3f2e99936e62495dd7",8,20,0,8,0,0,0,false
"07595b731b0227ac78306e56fcce2b72a93bb5a3c47676849f0551fe83f0e642",5,6,0,1,0,0,0,false
"075d05e805432fe18a7d1ae5b76040d3317d2f737dba788ed1e6fe3704affc49",2,9,1,1,0,1,0,true
"0763565a23553a24edc54cb52364842d20414c2a0e510ff07e8f6754b653b479",5,9,0,3,0,0,0,false
"076b08d07fbb93da066485d25371e53482701025c44ef4a890f6c48165a912ad",6,26,0,0,0,0,0,false
"0770955b2d2086eee8409259be72e4ab417ef2daea7021b5184d2d1e5007cd97",59,91,0,33,0,0,0,false
"078929c49941c631f2ccb3625e6db62da0731ee44ab2194c5ca33e02e8b75866",7,11,0,3,0,0,0,false
"079867f5abbf4149de212fea939e4af73378c7dbdfc532579a15a76dff11b14e",5,24,11,2,0,3,0,true
"079ae61c6e8aab65f1a4e5c2b90e1ebebcc9372ace737fff019bed61fa85f86d",7,9,0,7,0,0,0,false
"07bab30eb93f9d194b079a3f02ba86821ae82b9d4770a38c6b7b8524df9e284f",19,35,0,8,0,0,0,false
"07c291d5a72a39fdaf9266460787a665ff72988e6e4c82cf436868cdbd538864",4,7,0,2,0,0,0,false
"07c7ca484344ed228114084ddf10b2016c12918578771c2dd727b4b712716fb6",1,0,0,1,0,0,0,false
"07d2be4bff8337a9c2b7996977d11442b7e4e2d90bb09c91de1c192b595da176",27,48,0,12,3,0,3,true
"07dd8af025397465265c15c4d02282883db03975578a573f15e24b4df0bf1530",18,32,0,15,0,0,0,false
"07f80b9d60c6c6248ed0ab8f048529b836f6c2fbede164350fb660868c9e74b8",31,47,12,17,0,6,0,true
"07fb2ee6e793302bdbb5f6cfa68d8f3acc4ab13ab2a574d74eddb463d9c2bf35",10,17,0,2,0,0,0,false
"080060264d519877bd3483f090756ec82bc5d27cef28a29e7ce00bcd3238af66",26,58,0,17,0,0,0,false
"0800cdf64090d448001ec036143a35793e6b6c54587fa5c8e828e4f816375b04",16,33,0,7,0,0,0,false
"080aa8e16f18dd61a0258279638c0f2cacc645117e511f8194ac98532197def7",21,32,0,21,0,0,0,false
"0813658dd1c3634412cfc9b743ac2e757b34ff34e4edcb5c213164b2ded932d0",1,3,0,0,0,0,0,false
"08168a26fa82d64ed906c4e6d839508f70b7ac32c02595cfe3a3e64946e53cdb",7,15,0,7,0,0,0,false
"082178f13c7a74a62bacbdbfbe4436cea2660761a96df547e17cf1618ca94bd3",19,30,0,8,1,0,1,true
"0827f7213450ec893e04c3530a9c4fa6f584561caf57b81b18a31b06d35d9091",6,9,0,5,0,0,0,false
"082a8115b3ad35fe9fd583edfcd26baf033188bb022fe44f9291f84f6e6c9ddb",5,5,0,3,0,0,0,false
"0835edff67631f34a690899d5c4287b998611bb2138d1214a769104cb23f1459",8,22,0,4,0,0,0,false
"0837462232e532f98f540a531e407868c90b0f101bbf7d3538246aa0b4fe547d",1,1,0,1,0,0,0,false
"0859847eb6b6fabd8cebbbd8ce930a6461b521ba056ed36d1c478191386b20cd",3,8,0,0,0,0,0,false
"085d276aa68f708ff1a254e6121b04a7cba6eef9f71cfa5cca1c231c98b67424",11,21,0,6,0,0,0,false
"086b776c75188841b6c53910a94489961f1873886eb1e92cb2bea252044554c9",22,35,2,7,0,2,0,true
"086c2ecb7f58986219c72b95075f06f87fac0b72c1aa63cd37142fbec4b9afee",15,16,0,4,0,0,0,false
"08708aef565c2fcc37fd945395a79ef1e752e9f4d542761295ce791b831baca4",20,68,0,20,0,0,0,false
"087b17c27a124b1f75db0e5d68f5220e20d8987b555ac87a87db9a0247c52fde",14,22,0,7,0,0,0,false
"088003b53924feeeb7d1f850b7eebd048612c8e34c077e6ea3eb4a5ab4d12206",6,15,2,4,0,2,0,true
"0891be5a00c8b3a9c171d167fd9dd97564e830f1681b98dc0846d245aef36c2b",79,153,0,59,19,0,19,true
"089c7a8ffa046ad4097b12bdadada4255e5a4c5b2420415c4f6dafc5db6e72d6",8,11,0,8,0,0,0,false
"08a398eecfd4fea7c178c793857fab3753b04c2b58c15ba3a5a862fe4b715bd2",19,35,0,8,0,0,0,false
"08bd738cca54aa6ae361657de11428e76f525805018e679465e5cddb020faf1d",6,12,0,1,0,0,0,false
"08c3cd63ebfdd85544a3aa1ed084959d7b33929006a712e1701cb44d60a33cfc",4,10,0,0,0,0,0,false
"08dcb1dbb7a2dab1ed76e621dcac0cc7ca9d2457b6133fe0c9570772268df4d5",5,15,0,1,0,0,0,false
"08e0ee46cbaf82479a674a535ba4fb454389c9a557c7b8959a0804a46135e730",16,20,0,10,0,0,0,false
"08fcb72372f3d9b73b9185396a31a894f98a66a50b27a1397ee5bd9de7a5d5bf",1,7,0,0,0,0,0,false
"09025cd98dc3642c978dc241409788eb28e5b7df1761078ef1363f6ef363bf67",1,0,0,1,0,0,0,false
"0915e04080abb775e973b1f5e1d3d76030234fb196758d88524a640ca6a604a1",31,55,0,21,2,0,2,true
"0921f2a998a1c89dfa87d07dd6d46f7221a9131ad7457820f3082b7c556528e7",7,6,0,2,0,0,0,false
"096ef5d5da3fade4c6fd8d169b3319f6b35e5ea62daf8e5baf4cae96f4526c83",2,7,0,0,0,0,0,false
"0983a652f2f7253709def620f07407194e1424f353d6a5bec90e3d37eafc2e5f",63,94,0,36,0,0,0,false
"09896cbf3c01d41adb5a06e989abe7e579c13b5e1b46d6a2badae929e442bd89",12,19,0,6,0,0,0,false
"0998bbba43a9c9e492a6f4895a4a984c102cf1d9735199c7ad57694961385948",5,14,0,3,0,0,0,false
"09aaa3986159fa223fb4f73850b558a6861e9de750bd294ee88ca4c12690dae3",6,16,0,0,0,0,0,false
"09cfe695e763159a6bae06f3db549290ff2327510c1c70e847a4ebeeb8cd073a",21,22,0,18,0,0,0,false
"0a41411f7250a78da15d6cd6cf78086e19d98bc917dd0a51e03a34f5ab969781",16,25,0,7,0,0,0,false
"0a7779217d8408b9802344d8e99c224d6e0d6253a6bcd4df726a06fd4a4a02f5",9,21,0,8,0,0,0,false
"0a77ea9670a6d6eb5d7cb8602d176dcfb841dc4943a97c945fec456314a2a8d3",1,2,0,1,1,0,1,true
"0a7cbed38e067ccd7dab4ff414a9bfea03ed28da667307f90a4406c5eeb37d23",1,5,0,0,0,0,0,false
"0a8ee862d5fa45a3dca9c2dc8ba111b83e9ab333a78d89273ae0a111211445d1",7,12,0,6,0,0,0,false
"0a9a17a88c4a2a0bd9c090b2701382faf1f2f2ae00b2d1d12c03f9a07de74ad5",5,10,0,2,0,0,0,false
"0a9cc89a1264e1f625596249294e2d25269bc52b582eab65063e6f79d4f4d29d",13,21,2,13,0,1,0,true
"0aa494ac7715b2d8a1d01413ae343b65673a6d9842730d43b42f06109bf2e9c2",15,18,0,7,0,0,0,false
"0aa8f825c6af2412c75155dc1be10cc9184f9db19266d95fc68acfe6cf46cdbf",26,43,7,26,0,2,0,true
"0ab013dd9f4373f3052ad39dbb4f60def9495b77d301a3aab08405ac2b1052d8",12,28,0,5,0,0,0,false
"0ad0e5b60069211d8ae54e2cc4249fc6d356ed941a250101b2d77d9f7a3f0562",8,13,0,3,0,0,0,false
"0ae59e2d2c214dfce035c17a47f7a29dc25d385989ad19ada6de7fb58024b1a2",6,17,0,1,0,0,0,false
"0af2a834e70ec13e27ee5d9aa3b08e20e24038c3d99cb638c34d358fd25d828e",10,12,0,10,0,0,0,false
"0af3bac3c0f5fe6d2f5382917ca15a56b4771ec00b4699b2bb23a054196c2bff",9,14,0,8,0,0,0,false
"0b0d6d3a7436d09beced3b156179aab4ebb512eb99c6317f486b3d7fff5ecec9",7,15,0,3,0,0,0,false
"0b1452c7f942b0879bab79dc5ffd15077ccbd5909ff806371660a0c7b43d88ed",1,0,0,1,0,0,0,false
"0b217488c9f84a5d49ace411129b4c9a83e0cc6e430667a6ea4a351b3b8061e7",46,79,0,24,1,0,1,true
"0b368a2c4cadd957895913b996856ec8068e81c0e3623553c744aca6bb764e8a",21,23,0,11,0,0,0,false
"0b4ae5413272ec170f2d892e880108879da1bab579921110c2f5bd4c9f751855",2,4,0,2,0,0,0,false
"0b4d8db29605a780a3df25aea579a9cc8b65478cd5775d75778a7d8e2dda5327",1,1,0,1,0,0,0,false
"0b52f7682e7063b9470037dc59b2480e2fe877651cb0db9279800e0f85e6a9da",15,29,0,5,1,0,1,true
"0b543c8b2646f348e4ac15b33f20142e1a2c996e73fd0b81b44cfb2a8a867f73",47,66,2,22,0,2,0,true
"0b7336b8167d4a9716d8463a489a8c5d8e7651fb872c9854d09750fa061661fa",4,14,0,2,0,0,0,false
"0b76ae9bb4967b41d4cb9effad8babed8720b5233f9ec3384f6944a284caf074",17,31,0,10,1,0,1,true
"0b85a7d1479435adae1f26cd1b5415c02b836bd5ccbebae4f0eb265312848951",21,26,1,21,0,1,0,true
"0b913ee4752e49d33714e7b90c206a328702a32c8849a7c6c2cd0ac8e70d65f7",27,36,0,14,2,0,2,true
"0ba7ff671737db8fd43219ac3957ca54f3e343bc346dc709964a0978802300ff",8,15,0,6,0,0,0,false
"0ba8f9707e2e70b35267da7ab9718e4cae2c3ba2917e90aa625d413e02fe4d6d",20,21,0,19,3,0,3,true
"0bc09721311516e6b7e43421a5e25ad45a438d1438d1d4aa423ea7202a5bea63",26,35,0,14,2,0,2,true
"0bebc24948941497ddd871076fcd6906b26d978fe803dd7ef7877dad6746431e",21,36,0,17,1,0,1,true
"0c0433f737b1a3a21d9b17f60cf2b673a38bc20f0805ba9f7b0bde04093b87b5",6,5,0,3,0,0,0,false
"0c0a264d4cc0b3e79b8533e2a2e1f0ed21501a5a3f9f2455d2f18c232940b865",5,7,0,1,0,0,0,false
"0c0a93e462aaef901189718767adc82d7c75b247e0012b5dabafd1a286d40072",23,30,0,23,0,0,0,false
"0c0f86f1b420d6626667da4c374c6c62f133467b1a4d8fa3d4649f3a21c87228",7,10,0,2,0,0,0,false
"0c11feab7a8d073a155ed03dc875239e39f9d08554c3720824282759a5262428",35,98,0,35,7,0,7,true
"0c12f7899a1af1b52600dfeacccdc3bf8106119d65e2bca2c8a93bb114ecbfc6",14,34,13,10,0,3,0,true
"0c22c96756f4ef6245c53f44662cd5f51ef2332a5f8c33c45a2b2b93a2e25ec9",13,18,0,12,3,0,3,true
"0c2672a8fcece2cb6f06c67129f29d19fe1201b319915772c1459d7e8dd1d974",14,18,0,6,0,0,0,false
"0c283991764b25bc550b2a00cfe7a745c32307753434e47764beadb4247ad9cb",53,89,0,36,0,0,0,false
"0c2c741dfca2fd9fda5656c5b65ed95f1268c200e1beffd5c670c3b52a53e9f1",5,11,0,4,2,0,2,true
"0c37cabe25f5f67f5e8199847c0962328c11147ebcd4cd5e7b66d3c97515f77b",16,21,0,16,1,0,1,true
"0c41c203cb1625792c717878573178664c4ac5092cda1f2ecea66c7cf337a386",18,51,0,7,0,0,0,false
"0c491cc15edf95dbc131cbac07dc3035f05a9e6fd180d2733b9315685323df26",2,1,0,1,0,0,0,false
"0c4e7755b1679ca2ab1e59dbed6266d9c69594124e9648653d2ea02c8c4c59e0",1,2,0,1,0,0,0,false
"0c5bb14b013509b492a91e7bf09db2dd527ce8c7a8c049007cd953be9094ffc2",7,17,0,7,0,0,0,false
"0c6dbd0a4a658747414d289f861e1f1fea0e4d482eb36959165511f94c7e778f",33,59,0,16,3,0,3,true
"0c70a73f5355b2fb0dab67fa9aec6a02514e7c1fe4763cddb14fc6b37676881a",13,26,0,12,0,0,0,false
"0c7b9a38c818265cb5d0f3ccceaf852fc9d4c090bf93748d53f8adf4bbdd230e",16,33,0,7,0,0,0,false
"0c7bc30080eb314862d0a6b56e689d8b6b3c98b93d2715a027eb85dbc6e98041",5,10,0,0,0,0,0,false
"0c872d8526f8749c25160f5208166645fc6ffaa8738b4fc4d066369ee2f1350c",44,86,1,44,1,1,1,true
"0c9e090b9232777fc2c023aa85a5ddd00700204c9b393134efb1870956cbf80d",16,35,1,16,0,1,0,true
"0cbc0aa6a92452375eff21a6183b46488f6ee11405999430e68a5a23d9b6c8c2",39,77,0,32,0,0,0,false
"0cd50b810003cd0f4421f89063e6b7c7515b59255b73497a4ac9fb3a186a94cc",1,2,0,0,0,0,0,false
"0cd988b44747add1a9845142c9a5c63260be7bddbefeb36b17a7065e538bd51f",1,3,0,0,0,0,0,false
"0ce70958adee1abcdf8c706c7396f53ef66c36acc9d2778c58d59bad0d0ad569",14,10,0,9,0,0,0,false
"0d13bf394ddeeeb0b2059bccbf34e74be1aaf74a7af3ed7dcc5c01718850a398",12,25,0,12,0,0,0,false
"0d2f93eba3df605666d99666dacf19832c826d720900c4d061726b6f464da79c",1,0,0,1,0,0,0,false
"0d3bb3fd10858326c2efcf22ed9b31989670b466002b92384e123d91db682f13",2,4,0,1,0,0,0,false
"0d3bdd40606105a1b81b697cede65ca546bef6da78255a0719cc42af93692f97",5,12,0,0,0,0,0,false
"0d5acf25ef0b020099b18160b6487477237b74fd5f4029179016eb8205b17ccf",6,8,0,2,0,0,0,false
"0d6ce19f9083c65cb453e909ba43a3782d33bc7db04b3ecfbeeab5c5c8826847",8,4,0,3,1,0,1,true
"0d78a64d9aaccce2623b8afec4670ea2dab349f0e5c90380a95bdeb6eb5f3315",6,12,0,5,0,0,0,false
"0d79ede0c37137dd3238334e776ce44c7c14d09edfa65642c38ccc47f1634280",63,131,0,43,0,0,0,false
"0d86a5873854a72266975c0b2446c79b3e33303d0c3b8376817b3322ca928c54",12,14,0,6,2,0,2,true
"0d8880855acd9890f8d80af299c814fca483ce56292fa0d9110a1c998c81857d",28,19,0,12,0,0,0,false
"0d8978476d1f5110eec388ff897345ed520fa7e64e5943564e60b720b3d3d8e5",16,21,0,7,0,0,0,false
"0d90072b8c0c7f8863422422f56270e63445f6ed0105e1d234030740e1c3af3a",5,7,0,0,0,0,0,false
"0da9f9b059079de7d8d9c8dd5875755bcb70364c496053669ccad3030bfa496d",5,6,0,5,0,0,0,false
"0dab4cf7e6cc683968018550f80395f5c71a178b35b418ff952165f9123ff55d",7,20,0,7,2,0,2,true
"0dc4532efd3e390572a2ed1d01cc45079a8c76ea46859f7cf62fd5935b845d37",17,19,0,6,0,0,0,false
"0dfec6396c840c218fd4a92855544d52f10d34dac397d27fb6cd49956a31d4ff",10,11,0,10,1,0,1,true
"0e4d324bed41d8428bfeb3d4456c4cb67cea8613365572763478d11b7606ae2e",3,10,0,0,0,0,0,false
"0e5497cedd3e04b042e9e8da00a930717f3fae1a5f3605f4730506229381c838",19,31,0,19,0,0,0,false
"0e558e06e5843302d94d42b1ab5063b8b61116999310ab5c62e8a581ef701903",9,9,0,9,0,0,0,false
"0e7cd0af197cd313a1676df9336704dd88d1c5bd9f57c3fe4b6e4224538a819b",39,77,0,32,0,0,0,false
"0e7e427ee624f1a64854e37beba830c3b7ffa040ce365d88d1944af893593a18",1,0,0,1,0,0,0,false
"0e8cb9ef352a24a03790ff9e37e5683a5152a04a8acad79daeea1368726cf93c",10,15,0,9,0,0,0,false
"0e96c1688d5cf9b667562291d498610666710ca2632a33cdf9ef6397ca6fc7e1",1,2,0,1,0,0,0,false
"0eb3a9c49b66b4af26b0a95337a334b31d981a89258d0fbe0b8d7390a36fc2aa",21,18,3,9,5,2,5,true
"0eb943385bc490c0c540d41d7aee553d6f17dacf2915dc010653b313ea3395c7",44,81,0,26,3,0,3,true
"0ecfaf5f13fb4e0ebc7044304ea67d699643c98cf31b563d220eb48c8765a6fd",1,7,0,1,0,0,0,false
"0eee9cf07be1ce8503c9885a87265a3af03aaf04761c8a5d95140648c1c73c54",7,20,0,0,0,0,0,false
"0ef011ec6afb97e24675cdf83e4def5d59ef4bc5963ae12806afe9bde07e4bad",16,27,6,16,0,4,0,true
"0ef057179a9027be178a287bc69b63fc5237370840f107ae029bd2133a9b47a9",33,67,0,33,0,0,0,false
"0f07a598439581a0fc5990d4d1cbc4e2b7447109c505295ad9f7268790028cbf",17,16,0,15,1,0,1,true
"0f3336cb82c088d8430af0b9110c309baa6c2eade24e65d35b16650d197d1592",60,147,8,32,13,7,13,true
"0f3423cda709890d7a5e36b31f74474a7f45162bdb3546bd93de98557f22035c",17,20,0,11,0,0,0,false
"0f3da7da98491c9de211d676d8b84c7d3a1486baa28a75fb02ff172fed12e714",12,20,0,6,0,0,0,false
"0f68389835616ab3b47ffb15117550b02ac124520fb566e4ca0be1cf7ed8df9a",15,23,0,8,0,0,0,false
"0f7684ef49d12cd27e730eed1e3bf4b9911524da20e9a591fdfb6f549c7cf394",4,12,0,0,0,0,0,false
"0f7c26197a8b14e48386cde8ad471750611b527c519a00332c0515458406dc63",3,8,0,1,0,0,0,false
"0f82fcd8cd0e93f418b222686d8fb18230fb8eb0adc6f77ba40fe3949a228be9",15,21,0,6,0,0,0,false
"0fb09df4f7c8725a7b76219d72f775e04dd07bc4a79b77309bf552cd11b80812",19,25,1,13,3,1,3,true
"0fb61144ee7d631a5df0ee07740f2ec9eb62962c61c34126d08f8418e868833f",31,46,1,23,0,1,0,true
"0fbd3322591d2d477480eb2ced2a855873e2faed911e3e5dfd7cbb1488154e46",11,8,0,6,0,0,0,false
"0fd48b93a642fe22204b467ef427c881f75f640b8708547211d501a0e0bd74ed",20,35,7,20,0,2,0,true
"0fec361a7e94f2e945b2675ef1b2c81f481d8beacb488ba02dbe1c505d08e387",14,29,0,3,0,0,0,false
"0fed8de986bc052d26eedb88e0f32760c7276a0a147b0f34ded0179147e4aca7",13,13,0,13,0,0,0,false
"0ff33a64086e15aa09c3a025f9e3522e1d8720969372de6a923252d1185730a4",7,16,0,6,0,0,0,false
"0fffb0345c627c41c5eeabbf4ad7f21ea015f9235e3711e111317a1a848fff26",6,24,0,3,0,0,0,false
"10085890de55d74c063d19f9ff62cd678a65b614dc4267a370b84bdf2bd86dc4",4,6,0,0,0,0,0,false
"1015c63aecd9971a0340447bfb1f3a9e55738fc772ce30d87969bd2a1ee4fc60",18,27,0,17,0,0,0,false
"1017cf7c4c23156440fba5735cbafb48b6e1b746684752cda14e169bb40aa412",52,89,0,27,1,0,1,true
"1027f1587b8c70b1024128e323ef6acd2161c431fab0dc32bb64133a292759e0",88,140,1,49,0,1,0,true
"102905d9c86470c5b569d7a25e98aee81cdc14be47ec8bf880754798ea8d1126",1,1,0,0,0,0,0,false
"103b724dcaa8d5b133870acf743cb74f8400c173b2a50bb113f928cb986dc947",11,32,0,6,0,0,0,false
"104f6b8def5988ca1a3c03a41876c5e690fd36bd90c5456e8c7df8fbf52601eb",18,35,0,7,0,0,0,false
"1071c5a61545b4b025837d30fc7558183ed74365547f94c361d9354ad5e05cb9",19,33,0,14,0,0,0,false
"1079bee7206a3e29f8cfa1d5603c528f699640c88c155438d066f2dfcdba60d9",13,35,0,13,0,0,0,false
"10a6cff21be3385c4fefd2c733fe6433bbc69ac4c5c4a13000b3a68af5750ca2",15,24,0,11,0,0,0,false
"10aabf89028e07102d6360c6d180e8809f62910ed62d5a9789287c8db7d66628",4,10,1,2,0,1,0,true
"10dd57668a8e81510bf56d3a1c6846d4737b143e90c2cd5b4f1105c6e0e43f31",12,20,0,8,0,0,0,false
"10e85a81916c36ca577f8c0612eaf0bf19778725a7d38125b8991aaee765e736",8,11,0,5,1,0,1,true
"10f2c1f3624bf391e75722453b3857088b70465559624acba8ad47b37b85ee4e",7,7,0,6,0,0,0,false
"110cb9b5ce9e8e45729d344fbbc79c3dd730915217d89d4e25545db35319df9b",23,62,0,8,0,0,0,false
"11329c2469455f5a3815af1383c0cdddb69215b1668a17ef097516cde85da988",8,11,1,7,0,1,0,true
"11470814e29377725c36c095eb18bcf5ca9ae481ef0c754592ab91f91a01478d",15,21,0,7,1,0,1,true
"1188f6b59eeb10f909340e356ec5929e16ada61cdb100d8699770b705a1a5a52",18,41,1,9,0,1,0,true
"1199117e0bd80b2a4863984c826c89326dff650381407f27ef5485d5f0468925",6,20,6,2,0,4,0,true
"119a8c2eab5f732c18d7521426e1038151fa837506c63ddca17c6851e2fbf946",48,33,0,43,0,0,0,false
"11b335d47780effb07c2179fbc3159c8e603e218559f776422adabe2fa3d7cfa",22,25,0,15,0,0,0,false
"11ba5c44157dfbdcfe1f67a54b3054952a67e5d36e5ed7876d26eece39d82c3f",13,26,0,5,0,0,0,false
"11c4d94c3c13ab5b0c66c2252465b26aa608d736ee77f759996aa03ef83147d2",47,66,2,22,0,2,0,true
"1230a70e9f000bedd1044e7fc330912352ab01640f3a67cdc9b186d720549ef7",15,34,0,15,0,0,0,false
"124ca4b0b4271bcefcc5875d7dad5f037cac7a2efae92af0ecd88bc70dab5001",10,16,0,6,0,0,0,false
"12a264f28b33abd4c19fa2507194b1893813cc505aa8328f3495169eb952d092",13,35,0,13,0,0,0,false
"12a61d8916e5867e4e0cb66a302895adcd2375b2b6583ab4d3a39bf6d73368f5",19,42,0,18,0,0,0,false
"12eb9cc043df31ab2ebb36ca4dc398bfa11901cb1dcb2d7e8097c988fb8f7835",4,8,0,0,0,0,0,false
"12ee703a6126d427cf68ccd3173b173219d77339fcc096f6839615a87cf6d15f",7,15,0,6,0,0,0,false
"12f9e730332fe2b1ae1a210b58d3c72c59d337bdae3b7ec12fe67ae5aac27473",4,8,0,3,0,0,0,false
"12fca5a7a96577273b6d4184cf9c984036cda0e8f0594747e7b2933dced37ee6",96,150,1,65,0,1,0,true
"12fd219457b92f1de40da737aac2055d18ad9b2d97af4827b9b16ff1ad5ad725",32,54,0,13,3,0,3,true
"1303ec7d872e3bae325a1f89d2b48e9bd866b82fa65dbde82b1f9c40f29df809",15,8,0,10,1,0,1,true
"13123f7a26db87fade4288e2b4db710fef8923dd90d067694330c315ca1d0628",7,16,0,6,0,0,0,false
"13190bc5b412d415d0f1243be1c8cae6a4a324dc6acda80d0c16171a5a592823",18,45,0,7,1,0,1,true
"131c6437fa761b11a3fe61bdf5f3f429a822babbcd3f3344427f8c21df21d0e6",21,24,0,8,0,0,0,false
"131db85e62b0f7e3683bf4b5a6ae22b801d9acb2effd5cf3d78e9921b77b7c94",8,23,0,7,0,0,0,false
"13346ebdb5ef364f9d4f8514f7b437565c20b9f2f768b18bc122fb6692ece7c6",12,23,0,12,0,0,0,false
"133907e8a1ce576ae2ef64eb13af35deca8a5262995a037bbe65097cd99f5827",32,66,0,13,1,0,1,true
"1345fedc0296f30d5d629f1a5023721a9ba92da86ebaae323d293bb1003f265a",14,23,0,7,0,0,0,false
"135aee78ebd8fbaf6ac4a0a18d953e0d4d39792e2b4eef4566d0b4e6865e6b15",3,11,0,1,1,0,1,true
"13631c719e7b24f19bc4cfea6f35b4c73b7ef169d9768649e40e9f9228e224a3",15,29,0,6,0,0,0,false
"137ed782d779a45ca824b47565e61608fcaa4fb8c66ec21f605b72f656280bc3",73,86,0,64,20,0,20,true
"13a55fc3c9ac7b48a89b901cf042d32578f8fff3c3592ffb31dbff1e00d14188",5,13,3,4,0,1,0,true
"13b158655e40396957537bf1c528c6542b315930c1c9e0df640f57293c8af2ca",22,43,19,18,0,5,0,true
"13c5614b3a924bb0956d39c28884f5eb6a88dcbb8a34f35831e4a61b2c341fae",16,25,0,8,0,0,0,false
"13d6076d2062d13a924eb43ee09512eee09af7763e9f7b93531e20e0e2b128e1",10,19,0,8,1,0,1,true
"13d633d8e406e5bc0a521f2519144d44c4cd394a0c5ff704277659184276705d",3,17,0,3,0,0,0,false
"13e39f947dbc5e59d9747748c2e964a81e654c0c4c471cb683c233080c141ad1",3,6,0,3,0,0,0,false
"13e408b80433c7a12366f744020bbdbb8effbb16c4f76b063498e5e558f3270f",41,62,1,23,2,1,2,true
"13f2599d4028f68e97deaffeb04b4a3cf025275085a5e11b219520691e474f59",17,13,0,8,0,0,0,false
"14004421de97842804c53cd9503e2aa4f43a56a5d93ca544b8de649004ab0ac7",3,7,0,1,0,0,0,false
"1400833dffad8232baca9f5e0a85320ebf2cb3e8a474842c611d4295ee48e598",10,8,0,10,0,0,0,false
"1406b671bc614ce38e22159ad3dff82cb82896a2db9a7fa9bfe4e0f714a4dfa8",31,52,0,17,0,0,0,false
"142a6bc9cd56dc2c0edc713132c82111a8b44bf15be5ff12a774cb016e143f55",23,37,0,14,1,0,1,true
"144ef7103d39fb69e93f37300715044c51dbb3ac1e3a2df261a0e5373cd0bea8",40,70,0,39,0,0,0,false
"14600090dfff24f0821f0276e92f389e7367fb6e24dae0c7dd22c2bf21eabeb0",9,9,0,6,1,0,1,true
"14690cce38f89fd37eac1b516ed3be17967c9fb45e97adcb779ff65b636e9da3",1,5,0,1,0,0,0,false
"148ca1a98456b2b2cabff5b846de9a27690fcabc76c6a7081fdf9535d6773018",19,35,0,16,0,0,0,false
"149c280d4a93b7dfab90b53b5cf81951224babf4c398ae3ccc9e84b517fe6188",16,25,0,7,3,0,3,true
"14a957abbc36c85f7ee73ba8a2a04ed02d2c5cb5e468460ea3bded51ac4716a7",38,104,7,38,1,7,1,true
"14a9f98d9cd8acb8612581dc571700fc6156c1ba04ba89d2ecdb1f9056feff06",6,12,0,4,0,0,0,false
"14cd94d7dd4b508e8013fe8c6e5a6da97b0c4df6361bf9517695bb2952864cf5",39,77,0,14,0,0,0,false
"14e6c8d4e009d43cbabb2db6961e620928aa45cf1667732005686492e636fdb5",41,81,0,40,1,0,1,true
"14ed2bb1a025c22bcc730ffc9da3f5aa9f7c653f4be402812c32f249e20dee01",16,42,17,11,0,4,0,true
"15218e552cd31a02fff6c844c5fb6892b9affda2d0330e67cdb5de3205c85a8f",19,56,0,19,1,0,1,true
"15299dec7f7c48bae0b3e02fb3c149d8dd2a9d03fa50ab255cbd640633ab29a8",14,23,0,7,0,0,0,false
"153ac7ef984651acf6d11b7caf01051370c44a99b37cf686d878564b8b9dbb24",6,12,0,6,0,0,0,false
"153f151d3587a19ad0c521d49294eca627dbb84057457f03f009090149ca5bf0",23,39,1,4,1,1,1,true
"153fe7ff1bea439a818992133687edde22382d000aa02293f6e941768a8deb43",38,77,0,31,0,0,0,false
"154791d4a0dc95647fc97ccb23d2de81ca03fffa923ac264abae2d183e70adb8",5,12,0,1,0,0,0,false
"1547ea35eb2b23c39a67b23d8a7c1b39bc74cc37b6552b97818f595d3ae04880",14,24,0,6,0,0,0,false
"1548732c24baeb358f236a564deaecafff5d613f6473636fe4a73b4d179bed68",23,29,0,8,1,0,1,true
"154d0fd4e06e1b86ec5fca2beddf767772b1aef89caac74466ec8842d835a00d",14,12,0,13,0,0,0,false
"1557a16d408aa08557034538b75ac64e2655af3909e8065ff2de75a425d0a67d",4,20,0,0,0,0,0,false
"156d597fe56f530ba67863663e3cc3680deccfce9820b0664b6cd629a2b47674",14,18,2,9,2,1,2,true
"158d3d3c239b554a1b7dee02eadc01126db13a58a6b73bd28d2a8e5f8f6c6621",11,11,0,5,0,0,0,false
"15941b501495479421f98f08f2a8d98c12b7eb14d66cfd9fb8f497270a336fa8",9,10,0,3,0,0,0,false
"15950242d8b569491c09d2880ddb2aface570c921c122a487c6c5b351c40fbe5",24,38,0,16,0,0,0,false
"15c45224530b0bf4507ad80bc377a55068cf9334089242cec7758e723755367f",6,24,0,0,0,0,0,false
"15c54713fac198e0db5383991cf373abfde340b44958870554aca9babc788e23",22,41,9,21,0,2,0,true
"15d909c61f47e8ee0f4ea2df88ab0c62e25e40a011eab276dff366b2718abba2",1,1,0,1,0,0,0,false
"15eeef673aa30936462faac39a8c27506d756750d2e663809122edb124d38017",5,14,0,3,0,0,0,false
"16223a9f6dc7d733e3f56464c3ddf8eedd6e72f2b7d4cadf6c2a947cdda69525",41,99,5,19,0,3,0,true
"163127be0ae731dbc045d2bd704c3d4949606df23fbe749e16d08414cedd5979",26,37,0,25,0,0,0,false
"1660d2fa8f781e50e9323c94479fbe0383a0f152d7c20b25ddd32c0f744eb4d5",7,8,0,2,0,0,0,false
"166dc8c50cde7779aaf57965ec0b16caf326c3e23f6f579e05b43f1c2bfe5343",20,40,1,19,3,1,3,true
"167ab414a226427de34c19947ef9c5cf38c6c0ed91ecf9392f7cef3278ff506c",22,43,19,18,0,5,0,true
"1689dda6ff110bd09af64af4e82759a37b30ac3183dd96e47e04ae179b493e56",15,19,0,5,0,0,0,false
"16a2527e1853f98313d6526d5926f9d2924cfa878556a1ba367aad5d3b837869",14,21,0,6,1,0,1,true
"16b03e0d6cbcc6a3373edfd62d278ac4f5d61348bebcf1240ec2b05303027dea",20,51,0,9,2,0,2,true
"16b2a6b175349b071927ad96927cdc668598dc32055d4fcfcfc29afdf73c6420",9,17,0,3,1,0,1,true
"16b92175e9b0d0dd81469c098bee50d364ffde0d5298eb50b484e622f8cf1e0a",14,26,0,10,0,0,0,false
"16c283f0fc9d1182d4f82ca0cd636cad9c5209f853de3f7e38401874300c6727",3,11,0,0,0,0,0,false
"16cc7e0e678e95c981b99c35a93bb48f3dbde46c55e879257412ac6fb2ba3ae0",19,32,0,8,0,0,0,false
"16dda8e3ee07c37c0579af921db80ba31b63f09d322748249f9551073dbfc7bc",31,24,0,24,0,0,0,false
"16f229fbdacc7f9266bc49613c8b3fa898714ff857c42c4211922d567bb1cbaa",36,47,0,16,1,0,1,true
"1707eb38f896ab6f305e6118a755058109e1877bd6b933243c6ebc65d289f64b",76,119,1,42,0,1,0,true
"1709c3a68425d1457bcf9a2a916283bfc682f82a80c939af2d2201ca87b49c3f",7,3,0,4,0,0,0,false
"1711b7c790a978c7382584e121cee7883a557a11cd91177fdbeee4320a96f9c0",8,18,0,8,0,0,0,false
"1711bcd20feeddd4dab6660cb2408c90085c5b42227bd10fc059140524899b09",13,23,0,11,1,0,1,true
"172bba5089fb1dc27ffd25f8c025c8fbb1ceda47be773e51f032cd4d247915cf",27,48,0,12,3,0,3,true
"172e520b9abde9ecaca23af2899b36be391be0d88a59818598a54bb90358abf7",16,20,0,10,2,0,2,true
"173c30d93cd8d1a2ca60f89498993764f416aaa0a8aa1d06a229e0400dc829c8",5,6,0,5,0,0,0,false
"174972e6850180682c46185f58504955763ffc74f188ec7544a60b9a21747a7a",4,8,0,4,0,0,0,false
"1757d66322ae87f1f72679a8ba7229b8eb4284d075b05b08f8bd423e496b92c4",6,12,6,0,0,2,0,true
"176f4086640d2c5ce433113033ac7f161ce37180f46f8e5cbb9cff9db82eb900",11,18,0,4,0,0,0,false
"177665634a1312e39c6fb5ee97d3263274cd4f72e124f866ad347c93b6c00d4b",4,4,0,4,0,0,0,false
"17905dfba425b340c9f52e547b1ad1dfd0ff70156a4854426856022f3d543ff8",14,23,0,7,0,0,0,false
"17aac985522aba1dbcc269a2b332df6da05faee2b1358bb3337d3c13c9152dd1",35,68,0,29,0,0,0,false
"17b1f6a47d5ff3cebce3fd0ae4a79e4e602ad86aacd5fe0a25b90ac6ac18a985",36,37,0,21,0,0,0,false
"17d5d88b060ae9eebfa3d36293e39e61006ea963ca655633d76f0379dba4007a",17,20,0,15,2,0,2,true
"17fc0897758f4ef16ad8bdc234b70a754363a93731c1eb7b52c8593247c3bf53",17,37,0,17,1,0,1,true
"18051456816b66f12e773a56f77c5794fac1b1fb7ab6e22d4fad5a412770f73e",22,28,0,15,0,0,0,false
"182b90482d40efd661a7f5e32ac9cb328bc4f66293d778251001d6744dd570e3",20,28,0,17,0,0,0,false
"18336805466bbd05bc388610d36de73994f5b9061bb199c02418a073fcf4b281",5,16,3,2,0,1,0,true
"1863d95f609cadd95a557550ad6bdc05a443304fb69fb1d110e7874ea27a1ab2",14,23,0,7,0,0,0,false
"18723bb03e7598832b3bd63f122e68538229c9e651a7ab32b0911e2fa7665d35",7,9,0,7,0,0,0,false
"1872e71c6ba523dcd60ec9afa29000b38211c846dfda3be9c4f6199fde54f9c4",17,35,1,16,0,1,0,true
"188cacf8f830a043f187721235281e47018960d60d3e3794541578983662dfcf",25,31,2,19,4,2,4,true
"18aaa5a99271d17356bf1cfb3c45c8b8f1541cd8491279f6ae46b869b788069f",15,18,0,8,0,0,0,false
"18b3fa2361346f457c1ad7f1c167e7019fbc8f05cd473c59289071a8d66aa09a",6,17,0,0,0,0,0,false
"18e40185bbebefa02e358353699302c1c0266a5b3d048981b241eec8d22ffd76",17,45,17,11,0,4,0,true
"18f37c4e1d980e53d8ec8fb7bcc28b0c6ed7eb5beea95c4af76c762c95f61332",13,16,0,12,0,0,0,false
"19173258dc8d5cd819032df3f6fb031e57545d044848b9b288acafb39d051496",15,17,0,6,0,0,0,false
"191d631292d22f5383491784ed33972a3480b0a5bc79b88ac6bd7835862b916b",7,11,0,7,1,0,1,true
"192ab84143557211d84f13fc15862e42debcbc3db0c516f792f51d6b8e1a5868",14,18,0,6,0,0,0,false
"1939cb97a2d5e0c55964e7b88bc76e20caadf7217b3ad2826d4d4b82bd41a00f",50,85,0,48,7,0,7,true
"196dab9448790a1de0500928a3df6f10e81a3bd0bd4fbacbed2215a1c0075165",45,87,0,44,1,0,1,true
"198033a67ba4b8104414fef4e1bd8c4d79c5304325134e1045b168daead4f3ef",16,33,0,7,0,0,0,false
"19868df3653d427cafa1c30bdb6cec1ca5c8c815eeabab8a8bae6d83efb1fedd",5,7,0,1,0,0,0,false
"1987491eb783da3f0c3854ea2cfb6eafda0c3e0ecd3fcb9fa9d7392a08fd289f",12,18,0,7,3,0,3,true
"198e66fa8d07c24456055c7286a9a43d7a0203812f9c3e837518ac593679bdae",17,28,0,9,3,0,3,true
"1993b1791cf40c1c259e7869851f34968ed8f4770f6a159f69cb44a7d4845799",7,9,0,7,4,0,4,true
"1996bf22d9933cb8da6c98b8eb195532ec92a618b83af254541b1679b29d9545",24,30,2,19,4,2,4,true
"1996edb72bb62ab1b2313ac9c862fdfa823f013190e33b1fddedb6d7367beb19",1,7,0,0,0,0,0,false
"1999bea2a86436b82a2f50476a04b70ae8eb95ffb432396b84d48155308ee4cc",6,7,0,4,0,0,0,false
"199b5ababdad34cc83538fdf6da7821f62d65704834f680a2cc336867e208d1a",22,48,0,10,1,0,1,true
"19c29306023af9d8c70e515cdda3538684e66c882015ef550bc9f8dc825cb168",59,116,0,30,1,0,1,true
"19da1a600b2119d4eb6f01c238583ba7d0b6bd628fcce05b5594a5e39fb5d18a",7,9,0,7,2,0,2,true
"19e77528c7816a75f6efbac22609d18ec43baa57b436f505225d10075346f208",12,21,0,7,0,0,0,false
"19f62f37e57ba77c24e674428f1a232433c263f8076b55b5c88fa3642a471572",25,39,2,11,3,2,3,true
"19fcba31e1f40fbdf84254b24812ea314069ccb9788347d5ab5e03fc105a0134",22,32,0,11,2,0,2,true
"1a10a79ca9c5e69789bff88a0f79c2e2917871d0f3cdb62145267254922e8609",5,12,0,0,0,0,0,false
"1a22a1b7b808cc3aaa195d6b847a43f45815521a7a618629f83d27947511958e",15,28,1,7,3,1,3,true
"1a306048cdbde1ac9e8db9b612ee17f1cc293d23e3e536c815c503980684f502",5,16,1,0,0,1,0,true
"1a3fbfaafa93ea53475f12fa13ca2ed3c2cdc65083dd21759056b4c06f937d02",11,22,1,7,0,1,0,true
"1a4405136adb4e7c10270baad11b7255829a71566784cbf88c132245ee05cfd1",64,150,0,62,1,0,1,true
"1a4be5c9a95f84542979ea3384c59294ecf316c062df837149aea56a78233a83",7,2,0,4,0,0,0,false
"1a571ebbb2586039bbc344b153fe82eb8819b91b7a49e124c74f05d2ae416c5d",2,6,0,0,0,0,0,false
"1a5e7ee9fc8023cc176fe70a0621a971f020a141f1709def865523d5747c8afd",10,18,0,10,0,0,0,false
"1a743923fc284b64dd4ee0e0c29ae2f364ebf89caa0fb3f73aa0ba807be30354",3,4,0,0,0,0,0,false
"1a7891217dc6d8e530356d46e81dd2baa1a2da4a22e00afe26e0fdb2c3a51c69",8,54,1,8,0,1,0,true
"1a8c4b52764ce65315c5938593f9993d44b14e45776e33ef327794c3f493cf04",45,87,0,44,1,0,1,true
"1a9cfd0c8b1bbb42109609979c820f2fd97c71acfedf4e683bffc6abe186a328",13,10,1,8,4,1,4,true
"1aa23951740091f238ddb75281c9aeeac6bd3b6b29a4de645efcc5c5ffb7e133",15,19,0,8,0,0,0,false
"1ab5e135d3cfd6f15a13b0939c2c10cab1cea4243c78a9e19ec8a50c27043ef0",22,40,3,12,6,3,6,true
"1ac9ad2258396a1c4ceee5049841e61c1c2953919cc673f8c8c050c16d76204b",11,12,0,7,3,0,3,true
"1aebf6dc9f05e01423ac011afb36dc87829cb2c34712f0f0dd4c98bbf3714c09",12,14,0,6,0,0,0,false
"1affa1858ae489154bb0f9d0b58fa944745bad3976295261fe6b9db2a5fbcb43",17,13,0,8,0,0,0,false
"1b3168b55aa844febfeab0ab56e3217bf0d309b63bbc750cd535b0cb7bf84bc4",4,10,0,4,0,0,0,false
"1b335a4e8fb5f6305e27cda599320d2c92644077284f9a40f59fd3999e1e206d",6,17,0,1,0,0,0,false
"1b64d61d10f6e20ca0de8087141165895c7914e83afc064b58767843ba60159b",9,7,0,7,0,0,0,false
"1b6b75fa484e7b7ddbd6b485f9a29317af127618cd56afa86addc4ed7ea93316",11,21,0,8,1,0,1,true
"1b7e286025799fc53d34f01c2c68409f5ede06c53d4bf652a9d361defd3a132b",15,23,0,8,0,0,0,false
"1b883c32721d191a06c2306cc85586dc6ba9bd1144f6edffe988edc89bde8682",70,116,2,35,3,1,3,true
"1b92162308b2d0a24cb86b4dbdf608d358a67ff4a8d5f11ebb7079ebcf6340bb",8,23,0,7,0,0,0,false
"1b9a8ad4b3acd136b60868d49faace6f8a4d392c78157444dbb40f24ed96a680",9,12,0,6,0,0,0,false
"1ba283d867d6805948d63e643412a833e74fcb8b23c49167e97d3436a14ac830",65,154,0,63,1,0,1,true
"1bc6c356ecd32410271f2857634cd8a38b1a0b0975236090ce8af35abf212e25",47,71,0,28,0,0,0,false
"1bcd7570c017e700b43ba5ef46f89395b6f50311c59c3cfe60d206a528e08263",12,9,0,7,0,0,0,false
"1bcf80cf878b2f8c323a6fac315aa091d645fa6e3e511eb706e32a0d05f5c1c2",11,12,0,11,0,0,0,false
"1be98bb41080d1d882f17e283826335d2db3f201c752f37cbcfcec0cb5314790",1,2,0,1,0,0,0,false
"1c00a45fe5d6c28368a76597d33301a96aa714f8bce25a21717f46ee4ac864c2",25,27,0,25,0,0,0,false
"1c04217af84d8ad799e1b460d1c456bcc4a9d26d9328031b1757c321bd5928d8",18,50,0,7,0,0,0,false
"1c0928af078a4a9beff5e04647240b9fecca7a805b751c803f96ff92f75b9a08",5,18,0,0,0,0,0,false
"1c093a5f27927d00b1c9c6606e10adc17062d8d61c8b8d82a006c1721d1dad9e",19,29,1,8,2,1,2,true
"1c0956b892aa79478f6b21fa87dc14816be04f748f5a163e1da26e8056886b78",13,15,0,0,0,0,0,false
"1c1b6e0563ca0be8e5cd8c95a528d574de57e03891a5ba7b1cd4cbe238a98283",8,11,0,4,0,0,0,false
"1c1c79b36912a5b393212750198ec240934475e82fde5ce383d193924e78e193",45,87,0,44,1,0,1,true
"1c2144c8c73e8ef26dc035dfae2ba719ec254d0433ac08db32debb83e4c70876",4,5,0,4,2,0,2,true
"1c3910cadd1573c550300a98a3599125b589e59cc50f8cecba6ddc64b22e82e1",5,5,0,4,0,0,0,false
"1c64fa2c9e2db303fb14cc8fa9aa7f6d0d326633b90f87b5bc4a1e76704e2741",75,158,1,50,0,1,0,true
"1c654af4f33a8904e865d42e01734e14a234702719deac340a6a1ae5dde81651",9,14,1,3,0,1,0,true
"1c9c49e5ed65bad6319dbc8efb9dd44217e63def0f21e4fdcaaf4f582405986b",6,12,0,4,0,0,0,false
"1cdc5cb8a4407e27c1a5286a7b55d849b08ba341fe4a6c01e65f1c9cc3e19556",14,32,0,12,0,0,0,false
"1cf1ad98b51444c86d78bb526594f7380ecaf243db3aee807a2e4813ecec62e5",1,0,0,1,0,0,0,false
"1cf9922bcbc2bc80d22b0b7935b9a01311a05570e0897c10d8becfaa90c0c829",8,19,0,2,0,0,0,false
"1d07309d9e6d95df721e3e231ce35865ed6381121de5544f4355d01690f812a9",5,25,11,2,0,3,0,true
"1d1c90d3b0135abf7a31cfdd7ebc358eba9d6bf44bbdc7a04386318a19d8631e",5,5,0,2,1,0,1,true
"1d320c64b1b4baa6a7c663b48aa2e02ca0eb653175924a2c66f5718153a91187",5,15,0,2,1,0,1,true
"1d4604048c4baddcb222d4b077fcd0d058e212da81e717ddeec26643814e0113",5,14,0,1,0,0,0,false
"1d58a51eb749f2033f4e2e91c342719ee84fef5f9eff119e50dcca91ff0157d7",6,16,2,5,0,1,0,true
"1d5f0cdc52e99a28ca2b8287630dc96b45862e65a2a089d97742b9dfdcd5ed25",9,13,0,8,2,0,2,true
"1d64fdb00ff27d96ccc0eda4c2b353e01a0d183de00b93a3407d3da9f6d7d2cf",3,3,0,3,0,0,0,false
"1d6a1d33122aa9eec8df4b079579d12fc8e8a799488da527ebfb726b20246176",40,52,2,38,7,2,7,true
"1d704331dda9871c03acd8b33cc27ea846e723d661fc27126b7e88e7fb924888",32,60,0,32,2,0,2,true
"1d70be282a612751248f951fcfb75aa9d0d3f425a04136c089aeb6569d8e9b10",9,14,0,5,0,0,0,false
"1d728cc08869f01b7c8c994f91d505e3576a150a072b96f8d3401c5ef2b430d2",96,150,1,65,0,1,0,true
"1d8582bf1753fd9e000cd8404ac3036f09eb18bc58f8f2203675b1ec3b6f43df",9,13,0,0,0,0,0,false
"1d9057993dce4c885d84478c9fe58c727830897204f4d44bd51797cf226e94e9",36,53,0,14,4,0,4,true
"1dbda19a2c9962cf798b62557f7c6388a3ea3c7c506ddb7aafbd549843510c6b",7,14,0,4,0,0,0,false
"1dc5b1a938dfa7531aae9b62c418e828ebf5dd0523ece552ea7d17e0dffbc2fc",14,26,0,6,0,0,0,false
"1dca4f7cddd6061d58959f67839bfe0cce59cd5c744446f8c4f70f1c93a23f81",6,11,1,2,0,1,0,true
"1ddae7ba14b237ee06039cd3ee129d9ebcb156c1db0706cddc6b9cb4aa72406d",12,27,1,12,0,1,0,true
"1de520344c09e25ffb0ec0a38c5cb1c98a153548ea51a721e4aac4a166af148a",24,33,0,17,0,0,0,false
"1df7e3bcdb66147ae2922167c6f6b81db7a4af959c42a51fcbbf98e6ab5f6095",23,16,0,13,0,0,0,false
"1e00a0b9718b95a0cc799111d231ffc890f03373d21cb87d5501946536a6dd54",11,20,0,11,0,0,0,false
"1e25669bacd907ec14114b9e943312a6ec4ab265cb407646cfb567517009ba70",17,34,2,10,0,2,0,true
"1e65df19aab602c415909ef6ab3043ffd349c21c35b97aafb3946c471d61cd39",13,23,0,5,0,0,0,false
"1e749dd0d04ccc61a2504641038ca9718149d1760f0b538a92da0a869266302c",9,7,0,7,0,0,0,false
"1e7701ba9ef2f012708275ade13aa9d43426cdd0d0f60d6575bb888754780471",13,28,0,5,0,0,0,false
"1e96415ebb371da1d54b0be09b1b3f2515766b8b2125f1e00a8f7484056a196d",4,9,0,1,0,0,0,false
"1ea384f6f4d93387a32c70b8d469908cc3b39f6bb84e5be0c3410c73ba7189bb",1,5,0,1,0,0,0,false
"1eabf1189d3c62d9febfcd6445333cb955d719693800e8642efa14da3d4f8ebf",1,5,0,1,0,0,0,false
"1eb13ee69272807a012b722ba6acceb9aa8c93ce8c2793feaed5bddc49fc3d09",24,49,0,19,0,0,0,false
"1ebc440a59382c6cde9db78a2c3794267bb83661c999976b93678bdea125c709",22,32,0,9,4,0,4,true
"1ec233f4385cc8d2a7359cb4bc42d583f7f8b7d8d1827c62a03bff588cd8c0f9",20,40,11,20,0,8,0,true
"1ed0b9d99371d970b08cf74f3ff7c447721d6f01c1a3ba78d29645ab29999cee",7,12,0,7,0,0,0,false
"1ed72fbdfd79269dbddbae3d35dff987dcac93f2b0c89e164317a5b82b01f4e2",6,10,0,2,0,0,0,false
"1ee35cd0fc4dc981599b71eccdc59bb0c256a7112d85eedbaae8874577ba59d0",4,21,0,0,0,0,0,false
"1ee885769eeb210e9a9aa18fbb9f4b17ace5e247a8aaf8b57f76b81ae8e2d143",1,9,0,1,0,0,0,false
"1ef95069b7d31a580d32d83442d1eded333071c5000b1427601cae034f3c3091",16,33,0,7,0,0,0,false
"1f00dce865cbb94e935773a81a8490030b57f03b0411eab2f2721b307d907038",33,59,0,16,3,0,3,true
"1f11c292d09b1879e6a3d37fc1f5b885d87eaf11ad00a3abff95a5bef58a1f49",6,8,0,3,0,0,0,false
"1f22904bf0edb5b75e4ac7e2358f19a1d7e42f2b0a56b0e0730b17ea5a95dab2",10,30,0,10,0,0,0,false
"1f3ff9e2e1dde06da0cb99f28dca461e6ddc89c2811f78b6c1c555744e70ee11",10,15,0,6,0,0,0,false
"1f4dec04505341a6bace85e1cd1f3944d0631f8dca2305e8dbb67b818e06cd5e",11,22,1,7,0,1,0,true
"1f74a6c48a5ac4bdc98226a8009e86ab711011d378f0fcb971d1af6040f8d762",13,25,0,6,0,0,0,false
"1f74bc5f2a9b0008b833675039b63d3194d89b1a66972a991941b28ff02dee7f",24,51,0,8,0,0,0,false
"1f7949915027dfc31b649264be5997ad30c9d9052f570cb46ef0b8e2d5323dd8",15,27,0,13,1,0,1,true
"1f810c1722d2ce1d1e87733629fcfe6fed2ebd20510256e55c879c25eb4bdec1",6,16,0,6,0,0,0,false
"1f9164dd459790a2c243491c001f22167d07a16eedd1f4a15f41558d949127e0",14,26,0,6,0,0,0,false
"1f9780ef608bb0b970fefbc532d2258d4603672e4ec3508449f8c53887221ed6",26,65,10,13,3,3,3,true
"1fc10924b9734473de0bf24b984fc00d23d57cf05f78dc67917b117ed3dca936",4,37,0,4,0,0,0,false
"1fc87e6e3d07009930a485e7c71c3e23bc6e52a6f2a793bc9f5223fb29947cfa",10,12,0,10,4,0,4,true
"1fc88526e1f5b684f8d307aa0803bb01269df013ab4faa6c566bdba67f3c8944",13,26,0,12,0,0,0,false
"1fd5d59a8705d1658ccc16d7b8eeba3716c945abcd7e56947b77440f962c1cd0",13,17,0,7,2,0,2,true
"1fe6ccccadb2dd3c2115961a76829bb0af478f39973cf37fd55b4096c7f0a211",13,23,0,6,1,0,1,true
"2003e82a50362c162260ba5a48d3501a21f0e89409ca1836e11a81e307fb7d87",1,6,0,1,0,0,0,false
"2008e237f928dc1eba92f072707e6587a7a00cfa7b2dd30718af5f64c8bd9a8e",55,83,2,55,2,2,2,true
"202079983fe1fdfea29ef9aa08f38f3f349cb0e30fcbf993a5b4ca4dd33179e4",47,88,7,46,0,4,0,true
"202d2b0de5404555302d1ea79f1a13ccede17c9d5ea9c74f711fc8759bfc17d4",8,18,0,2,0,0,0,false
"205bb5edeb25e982eb0ad284ce192caf78219c69c1b5700ad744e5c3b8594c97",59,118,0,30,1,0,1,true
"20646011eac2c0f8cfc03ee573c69a6eceb3b3387783e2a94a1a78261516344a",60,127,0,30,1,0,1,true
"2080d6f0e1a64812f1f7965f72052955a33d45a9f533fe7200f560b995d9f9dd",11,15,0,4,0,0,0,false
"2093072112c02305521c7410edbb8f0c46455b0c34b736341bb34f9a75bc1e7c",9,17,0,7,0,0,0,false
"209ec0fe525adc00ce0c6dfd2d8f113ac4cee3d56c0a0b085d5d8c9f2611f02a",15,29,0,6,0,0,0,false
"20b61a7119a79adc46986e454062d6b7b677455738a467e79c4fb2aca8340896",11,18,0,10,0,0,0,false
"20cc19bb76c164bba8280713a9abaeb4d0d37b05bb81a8c6aba4e682160f6d15",1,8,0,1,0,0,0,false
"20d6ffa6882804256ee8ffc2447f62d633e29d6aef4312bcc40b1f495790cfa8",5,11,0,5,0,0,0,false
"20dc288bc08efc0094983e497d716bcd963a921ba7113306d4401ec113e9e98a",74,155,1,52,0,1,0,true
"20e46f0cf3ad51090705f73418a1f756a60079339bd8485f1e8157539c6bcf40",2,2,0,2,0,0,0,false
"214c7cbad25f58ab91898c37d7da952c7a749fd3155e6e64cd80bdbf0b46422e",7,15,0,1,0,0,0,false
"21627db1486ecaa2a3cab3653f06c2e10dece1bf00e109cbd3f0133e2958167b",9,21,0,8,0,0,0,false
"2173790286c29eff1997c9d957f4a58f4d6f7814443cbddfc56d0bf5d68cd688",70,116,2,35,3,1,3,true
"21970f086287da193e88c412b1ffa7aa470afbea9990eac9b1c8d1fcd7c3940e",21,40,9,21,6,7,6,true
"21d2c897a107ff620a561be90366c8f998e716609223bf87788e23b3766f773c",34,69,0,33,1,0,1,true
"21d42b73c1c9b3c64536360084c4992d055fb5ff4312fd45d8410baf7eb91b1f",12,17,0,4,0,0,0,false
"21da5dc9cee718a43e3306088f9240aa98293ba6d91361ef1b4a92ff067951b8",7,13,0,4,0,0,0,false
"21dd9b215064bbf11eaf7646ccf5936097ff493902284b082ac3df60257f25aa",12,12,0,12,0,0,0,false
"21e8c3b8e57111090f11a537494e233a4db67afc07d9b1300b0ab0c2ca24532d",23,69,3,4,2,3,2,true
"21eebb27f2fb9c6b45a4a492df5ce9b28c31e0679532930cf5a41866a3ebaa03",9,13,0,9,0,0,0,false
"2223b24ac64d87f82a070443bb3bfbc400857d2bdbe2ecb791b4a72814912d9f",4,4,0,3,0,0,0,false
"2229dfab54855c6722fba1b731e42a4e4d16dfc00f18500b0d3bd2e55440c21b",30,38,0,16,0,0,0,false
"222ac2d82f6b9fb26cdabb73a2fae473ea47954a9d191d17ed7fdd0af588aef1",20,40,0,10,5,0,5,true
"22330c50948603448e64fdb3dd6007f5a8dda1808f6a027d70dd13b5885e098b",16,33,0,7,0,0,0,false
"226e9cc649a87ae6396d7c46714b7d4378b029c666ad1b00da51a11aa55ccfc4",1,1,0,0,0,0,0,false
"227c4ca343ee5808bf6037aa50060448d5074540eaee3f933401031a801e6467",25,37,0,7,0,0,0,false
"2283a169df3423a1ebcd94a080a9d20bb6dfcba0e82357ef1bf6450f2ef8a847",11,14,0,4,0,0,0,false
"228bb6e3eaae60514c9052f7c894ae2313e43454712cc0adbc412d6a98363af2",20,16,0,12,1,0,1,true
"22909307151388c37820e6bd1a891cf4e8922d62133bfbcb499870a012860023",1,10,0,1,0,0,0,false
"22921036280bb2ca5cb8401540205140adfc18e1019731d12b4a2a0d738d8eb2",24,24,0,22,2,0,2,true
"229a60b519e2e27b2bfc34488f3e717cfd22ffad9300e08bddf5b146ff7551ff",5,10,0,2,0,0,0,false
"229a96f469034d4d8d58d632bda70f467736ba8c2b9282e23802d13804f2769c",6,12,0,1,0,0,0,false
"22aa6f447cfbdd3aff60cc56ee399f400ba4de98185ca77cc3099fc011e8239a",5,21,9,2,0,3,0,true
"22b4737e67db6c85b518f09a477c15c9d4115d87b85ee47158c797d61e7aba6a",3,6,0,3,0,0,0,false
"22b5c205be6d9d0845608d444781799d5b653f5095f3eef192effbd9f860aabc",5,2,0,3,0,0,0,false
"22e25896129abdba5d9d08d305788b0be910cd6f0b94f0843e82f75967e6329c",27,29,0,27,1,0,1,true
"22eb3cb88be1178c3831a0aa37c8b810ac4526db68ef89cc687674a86c0eb6b9",5,7,0,0,0,0,0,false
"22ef9eacd5f50fee5d5b81b738f33cd64e97151897dc064a60ffd807fb501a2d",17,32,0,13,1,0,1,true
"22f461acb9cf45717ebc2038ac7a3e4c619aa6d63ece774f025636d810738212",6,8,0,3,0,0,0,false
"22fd6320773d137dd3144cf75a53b5761b3b9f4bdef1709c0e65792d523cee9d",11,18,0,10,0,0,0,false
"23013860a4bd6b69cc13374c55cdb017351f5a436e58c23a4fc7df34e14b684e",5,10,0,0,0,0,0,false
"2329ed67c5e25a3ef93d755b57ced692150f00fef6625504a0ed2c3dcb5eb7af",14,25,0,9,0,0,0,false
"23584ce7c6c7cfc116d106d5127d55eceb170d9e878879de1e2dff0356b8fbc2",8,13,0,8,0,0,0,false
"235a706073c2cfc5d1a88b533349e5c7819bb16ae6f1d8c5f7414d990eaa4581",1,0,0,1,0,0,0,false
"2360e1ab46c1b16cc898a9c0717d54ea1014a9d325d27cd2de9b50d5ce2e77a6",18,45,0,16,0,0,0,false
"23715363ff5f399eab3c57b671270d193b6452616aafef32df8d44caeeca2509",29,35,0,16,0,0,0,false
"2375073cd353887140c1255685f0541c76bf2589c67058f8a79337ff693989cf",50,59,2,25,3,2,3,true
"2380ec51833b72649a7131f4cc0d257f1deae89250e0270b965f0201dfbe132f",16,30,0,15,1,0,1,true
"238c71bef9d26a5e0d3ab46a89ce820ea7a17e3bbcc0669027476c4b79fd4164",15,16,0,10,4,0,4,true
"23c2067b912fa7da31b5afe60ed952bc1903390d6bad1054cb75bdf4d1f3001c",6,15,0,6,0,0,0,false
"23ca3ce5e4c3c01c599bdf52b2de8cc99c26c0ac5939457982e771ddb21d1d04",9,15,0,3,0,0,0,false
"23cafe79bb16a32098004aa2906e0de5b1fe63783f67a5c539f5dd5fc2746ae4",20,29,0,20,2,0,2,true
"23ce0c3a57f0692c6035dc0607029c8a65239aa1c6363b72cb266691d2cfeb18",3,6,0,0,0,0,0,false
"23e6aeaed2573793373b460dfa8c5b32305f2195b752498cc6f5e5254dcae4b5",10,16,0,3,0,0,0,false
"23eed8ec8ca1bc0110219261e4f2db4562827c954c6a705b795dcf8134b2fef4",1,1,0,1,0,0,0,false
"23f8313169998ae2636baf2de9e0e4e119cfaafc7730b415745714f3a419ba9f",6,6,0,5,2,0,2,true
"2406ce6d5764e323dbbb9ad38970bc56e0091f142bf263f860c7ae3da757f699",54,112,1,54,12,1,12,true
"2415f43928780c4b0bbeebeb5529e6520eff2228f579c486338baa12c7c94967",15,21,0,7,1,0,1,true
"24183b8f14ad7d5d961f94e7a8048549bf95f29058bac8f93d1085014862393f",26,35,0,19,0,0,0,false
"2423510e2b66c4a5392287de88924ef56924fce7e25b3f65edf84feab73c82b0",4,10,0,2,1,0,1,true
"242e83515679587c49021871eccf6c68e24448ebd7ee8f55ea2ba41fc9487b2d",7,9,0,7,2,0,2,true
"2437c2efa8647fe0023d5b229db5a714369a4a3842ccf207add7c267702163b8",9,14,0,3,0,0,0,false
"244c606179fe43c4c1a33a110c20195c7fa0871b7c596476037383a3ad6ff7d6",42,60,0,42,3,0,3,true
"2460db9d5cd0e7c1449a706ce21113207e68c925aad855a4e8a1cc9e594117be",14,23,0,7,0,0,0,false
"24640750cd5ee593c1dcf32833b8f46d32bdba01b29ec2dd9d3e5098b870b60a",42,50,2,22,3,2,3,true
"246dc90ed569c53f4125d3b0fd1994cab70b871fbc27675a68d2ef6ef9efd19a",18,35,0,7,0,0,0,false
"24710cee8479d0da6098a4788b11b701565dd187f8c947eeb12c2326cdcbe1d8",20,59,0,20,1,0,1,true
"247e84746238f5ba5c4c164bca2c5de41c06d7012a4fb86e762251556df87e19",15,29,0,6,0,0,0,false
"24906961678dc906690ebfb13eb7b044db8b96a230826f474cf4f566aadd9f77",16,45,1,16,3,1,3,true
"2491b9b663f647bdb5ff358c3bbe6ddd4e9a43bfbe8edebccd26ca71ad2e84b8",63,131,0,43,0,0,0,false
"24af90f51c5b4924193204a8bf8158e5e8c1c27f8ef49ff66a3d08cea27f2992",11,21,1,11,1,1,1,true
"24d066497584a373393b9bb82a619191dccda12173a98abff79e420b97f9c5e4",4,22,10,1,0,2,0,true
"24ebee24855ed093a4b8346c2e9a4f8e18febf94d3ba2143c721617379c94167",73,150,1,51,0,1,0,true
"24ee1d7d2d4f8e47cf48d44d3499f3e332802ca6053eb01c7481c1dfc2299464",8,15,0,4,0,0,0,false
"24f1456544ebc25a598792c4f64113711ff78ad6d9bda95e057ed2ade7c23800",16,42,17,11,0,4,0,true
"24f44a917f5c30448fbd6d9a32460d99bc44001da1018e8214633d5d3d6716f7",7,7,0,6,0,0,0,false
"24f8c78c998e4503daf6d7f3313e7aaeb1c0a818ed6527323c342f0c104f9f5f",9,21,0,8,0,0,0,false
"25123ce4ef3c68fe25a2bde4f628f639d18f9ccbc05e21cebdf12105cb717238",41,99,0,28,0,0,0,false
"251475c367730162e298eb88497869511c9b68f55faaac2a06dfbffd47f92b4d",14,15,0,14,0,0,0,false
"252d8c8160e4205652a28bf68fdc49cceb810825bd63df3c6d75f83716c0f72c",42,83,0,41,1,0,1,true
"25435367f418520019d7eaf257a9769413c68cb9f88c8ebe9c9a88605d1f66dd",10,12,0,2,0,0,0,false
"254e16e9268c4ab7eb8684afe996115e38dc8693b71d6fea21ae3a4d96fbc81e",3,7,0,1,0,0,0,false
"256108b48b9e9e26f4f42a68c093d2d1c3049ec26be7363de28a9267185e6055",76,151,1,76,6,1,6,true
"257b603c6fc6798985cfb5541a2e03559e81461efd13f6e3816f817607f18b19",17,25,0,8,1,0,1,true
"2581ebe02dff2ead81f16def83241579859f01d2fa575a329ab4425a126f4091",61,138,0,59,1,0,1,true
"25a8feed629782213d9faf537c211e87a9ca51612cc54bf1d2c0716b9968da0e",8,16,0,8,1,0,1,true
"25b78510ca85641fefc25c8aa3fc3daa96969ff4577d3a16861b61b608c7707f",19,33,0,14,0,0,0,false
"25b983d9dcc3a5f4ac244eb7896c92f19e99d7547bf14993abfed1eff851f5aa",12,25,0,0,0,0,0,false
"25d5718c1ebc2f5d7ab37d6cbc4849f01321fa6c5d24d12916781f33a8ba7956",4,2,0,3,0,0,0,false
"25e310b6e60a61af53a6d2fdcdde42608ae73bdbda4ef4dd6e419e3fea02e22d",38,61,0,20,3,0,3,true
"25f9a46c125b47c837fe22ca6873d3c628dba4a17619abaa969b6299f8ecb87f",15,17,0,8,0,0,0,false
"2604abe82bac0f3dfc456ddd440725818618d3ca2025ff9957048d71987368e8",3,8,0,2,0,0,0,false
"26394cfb2b9076479af256262a10b51ba39c650dacc0ff917d3aa1b7f4e4fee4",28,60,0,18,4,0,4,true
"263e85edf1e7e9b664c7ecc4084ee39ab14681f9900bf74da5f4cf5c73b55a1c",11,18,0,10,0,0,0,false
"264f13cdbfad820b4b59192203909a0f16526f21feaa2be567ca1c36fa691dc5",21,15,0,13,0,0,0,false
"2651373152d7e6c451a0f55b6d739d3151fa4e58c2cc6290953efb65b4b06f15",11,22,0,4,0,0,0,false
"2660fcb340231cdfb03b501cbc9bceb3022507f3ccd4271ba578e9264cc2d982",6,13,0,5,0,0,0,false
"266208f82c5031327c9cb84b776d7c32f67584ffbea5e43cb0458cb89da86042",77,126,2,40,3,1,3,true
"26a0f6e5ba916ae004dc9935629a0a793e19aceaa37946a22b8d605798908c5a",4,17,8,1,0,2,0,true
"26a4462af2bee182fe4726bb9f13b9c30a19d7e257fa7fbabe74f4d560e45ad1",52,89,0,27,1,0,1,true
"26bf5a768b2d307e081f5604b466f2aad9abcd1574def0e0295457cee86fa7b6",7,6,0,6,0,0,0,false
"26c191e979bb4446a1f659359753d8fa7f8be1e1858ac6cd991568b6a6200a5d",10,17,0,5,3,0,3,true
"26c495019afb7448f690a82d6e66d8fab1ad3fd3e7b4aec7d554209966c9d19d",59,120,0,41,0,0,0,false
"26cca5dcc7eba2074e34a10da3926fecccb047a151b52257b0ac36dbb3aaf16d",5,19,0,4,0,0,0,false
"26dd8e49ecb6ce2fc4a148c4a7ef2b0ee9ebdc850fb0410ed58a24d9ddc5d834",39,77,0,14,0,0,0,false
"26e0506ebf3e5954906ddd5ac80ed6f57c95d79480da56be9edc9a629ba79368",11,17,0,11,0,0,0,false
"26f71e210a0bc650caed1cf60a1b96a8e96a88a682b35de2c661adcf56c43f44",46,72,0,29,3,0,3,true
"26fc3c08d9a9f35096f84c00235a59ff09be8855caedd3f302f47688a618b2a5",1,1,0,0,0,0,0,false
"26fc6c8bf9b79b8a3483ec707f489bd6e0b1cacec026b3c47cc6fb44f35543e4",44,86,1,44,1,1,1,true
"270030f026bd52e2f300f85abed9e24ac15fa05daad946a2eb5e79df60a6c7ab",5,4,0,2,0,0,0,false
"271b5da9e22b0729dddaa29c047c443f956df931a31b1e43702fd23bb9577afe",4,8,0,4,0,0,0,false
"272253de67fe19e0601d2c597d5f0f29e07dcbacd556528a1ed546165657ea89",1,6,0,1,0,0,0,false
"2722ba243e7f577a6dbd761b79a79e19b3fc5aba8b7af75693eb04f33bc10ccc",4,8,0,0,0,0,0,false
"273c11a2d25b2ad7264a282ba6f55ba64981867bd75a05bf208355706a1dc6f8",1,1,0,1,0,0,0,false
"276173f2ea1d31f39f7a3461003d15f32ee0ddfed339b900239ef59c9d53990d",2,18,0,2,0,0,0,false
"27635b9a4439ac911b2a9b431627ad2e2545faded01da27e405003050ec91887",17,42,17,12,0,4,0,true
"27641409cee79a481e120b141d8c3c3135b83993623344a9039c1739cc58abe0",3,5,0,2,0,0,0,false
"277391ddaaf81688d26387ecf1d293afb3e03d7f36400194d97a6c755b979e5f",21,50,0,21,0,0,0,false
"277444b5d4a175567c78d774ec17a7f3279983f34b135cf02803127bfa206a87",27,33,0,12,5,0,5,true
"2774f76f4c57f1c2ade041f1bbb30d4c54d885f3fa79d7888e57203fc1e90139",10,21,0,10,0,0,0,false
"278a251a348d0f9abe805874886932c1d1ec5c4eef7ab653e98ce46c008f215d",5,6,0,4,0,0,0,false
"27b2ef8c7288da0bf5cd997cb7ca02c71163b339c76c496ed7985994b25019a7",49,82,9,43,1,7,1,true
"27ba7083393c6d22dfeaebb5830b41e4e6dbe35bad9e5337fe66a81a09deaf0d",5,12,0,2,1,0,1,true
"27c9ce99a671b7769a690acf1669b2e353e707eb22516d38ef3dff6180a5aac5",5,29,0,1,0,0,0,false
"27d996131bbe1ce965b5b1bf8680ddc7d385f430f1941b840792b9151c5ebc1a",14,20,0,6,0,0,0,false
"27e58d114a98f91063994a97b239ec0627f874c36db3be91876ca01b696b793c",34,49,4,13,0,2,0,true
"2807b5e97eae6486abbd275afef36d3105c4d8378959044822abf2bc929bff48",3,7,0,1,0,0,0,false
"2808e0862a9650ff728117213e7adf40e22c829078e7ebb8a8fc2d2fe319ef87",5,14,2,5,0,2,0,true
"282a52a3ecbc04bd1d998357a75e9180a2b7d9cf083470072794d233fb2666cf",23,33,0,11,0,0,0,false
"282f46c1ab69fbc5c0306c72ff7235ec462595bb174b6b2f11c2bc02d397e76f",4,20,0,0,0,0,0,false
"28301f816a8e9047d7f82ef713f0f0b96b5a6ec66ec992bc24fd74d1a1acd1e1",13,23,0,5,0,0,0,false
"283b09bef8e8b2b118311acf724d42613d3416b40846aacf1433051713f95bd2",14,21,0,7,0,0,0,false
"28461b24adafcdec445bbfa60f634631cdd69584d5fffbb92bd2e8f31d6ced47",13,23,0,2,0,0,0,false
"2846583d95da5c975051fc39081028ef562aa08a0ec6c6bbd953cede7e1ab2e4",52,112,9,45,4,2,4,true
"284e955c58825f56d2b8d45e44d39b1239057fb1b088a357718ffc5cb31ce0ea",6,10,1,2,0,1,0,true
"285273f85406691396a035c138ca8b840b67ae3521b55bffbd462f5cdcc4c9a6",6,6,0,6,0,0,0,false
"285bf8efa74ef2acb75d267e0f2e30bebf5788d331ea40651c4f89dd83f34e53",33,67,0,33,0,0,0,false
"286f4fc9deebdfb306cbd533f4cbea75c24c746f9fc4481e4dab0b4738e3797d",1,0,0,1,0,0,0,false
"2885e1559d0f30a5004b1f8b04678330c1aac168b04c298d3082480bb8e5b6eb",10,22,0,9,0,0,0,false
"289b36c4a865341b0d7bfea7448df9530b998aa4daa30997221c02714f79875f",18,32,0,17,4,0,4,true
"28a8c7adebfe1a0f40aea4b12d3ef7f5da3f1ef84314da8f04b213d5de4dab38",8,6,0,4,0,0,0,false
"28aeee6baad2b799bc136080f3bbdf4be65fd0a6cfad81725ef63f5b08c83ea4",45,72,9,39,1,7,1,true
"28b546662a133ad1f72e476460c9c7822f0cf1a5bfbdf0bdcb0ed2ac34adb7fc",20,42,11,20,1,9,1,true
"28b61d01071b1048b0203b71204829d2ad87d7050cdb37022cab236543b7a39a",15,23,0,9,5,0,5,true
"28b987db1204a2884de0f4818cbcef6a1f5d1890d4774ac753ee6a38b34d63eb",12,19,1,12,0,1,0,true
"28c2cfaab1506d1d74d883cd1de3527d2d938c9f85ac4a6eacbfa199cc78c674",15,27,0,11,0,0,0,false
"28c870064c76241d70fda5392b7d44203f75331f8074b26c88f5cbd7e724e318",11,21,0,11,0,0,0,false
"28d0d7af7fb4f187446c33132df6b1f8f0d873ca270957a31be99cf4f0a4a167",7,32,0,0,0,0,0,false
"28e7d30d5b353d5ca1cd66ad1d2b6384b46744ac91cfd48af3f7ec496704e2cc",50,85,0,48,7,0,7,true
"28f8a3d2098d231b095d6412db721266309907ae2cba39398f4457b08c9dc96c",5,9,0,0,0,0,0,false
"2916599bb56355538ad993dc5e739c5f177be994b52915fb2f506a9e3871c0ce",19,35,0,12,3,0,3,true
"293572d45789b097e5ae217194aaa640c4ba21e9b75e93145c2a7c362c9b0094",57,103,4,49,7,1,7,true
"2947d39cb28bf34dda3ebb6ff4b31a7a51d4e88dbcae0158fefb4f0931f02487",1,1,0,1,0,0,0,false
"29539cbc8a9e1be50ff1e226b325735af2958f4431390da04457bb7c1ea83385",43,95,0,30,0,0,0,false
"295aafdaee65cb1de20e3edd9394cc2cd3f74654a24087b34c15ab9e89b6f226",44,73,0,26,3,0,3,true
"2977cf001ad288c7c5394297dc58686fc3537d620fb574bdd67ee7a1726a8776",1,5,0,0,0,0,0,false
"297a57063431ccc4dfa755068c75022c6824d13d499bdb0d154dabf3a9d92c78",5,12,0,2,0,0,0,false
"297bfc31bc4ecab26f27b194e17fa440f0f1cae4c68f36914679ed4f861ce0f3",22,35,2,7,0,2,0,true
"299595b140067d5637b93137bb121255327d0920defd64726376ca9df7a70f7c",6,51,0,6,0,0,0,false
"29a570eefaa04a949f543becd922874b9d17189540a32b8687be2a3fa2394b98",6,51,0,6,0,0,0,false
"29b57722a2b96b88d5d07f1c810f8d131ee20fdadd36f0c420bfed2438db1f2d",39,87,2,36,3,1,3,true
"29bdadaadbf0dbb20ff788aba9b70ac67a457f6b621bb17e94c2305a33586e3f",29,45,0,29,1,0,1,true
"29d91418f16b9c27177390540a0bd860c1de762958bb4c3eeae608ff045588e0",29,50,0,13,3,0,3,true
"29eb1047312dc244e06128910bf60aa71e4104083c5bf41af006177b65216ca0",63,91,0,33,0,0,0,false
"29fa3581a357cd7f32e40074486cb37f2b9155f859dd19b9a9e784ba81658ef2",4,6,0,1,0,0,0,false
"2a0415e10d20eb6815a1cc11d3ef97fd856989402bc97a18328cef86c92d2129",10,12,0,10,0,0,0,false
"2a072a0fdb26b670e706d9999b0d2a182f7d69b6b92b16ce236295b2ff2a7f20",19,20,0,19,0,0,0,false
"2a10395035a829ba38f9e0da8a619ca4f7257977f13fe840e949e84c55acf6b5",10,14,0,4,0,0,0,false
"2a26cfd01ff6874039c8e5eb001dc24b13ced4caff922b5ea7cd14cb0cb42e7c",3,4,0,1,0,0,0,false
"2a4b9e2a5b325b5f7dc440b28df35c360795e85e034a02b758f3259f9fedfc61",49,57,2,25,3,2,3,true
"2a4dd54a4f262ee64b221b70854a41875fc429e96ce3686e0316024513fab577",17,41,0,17,1,0,1,true
"2a581acfd0bc2a2cbd0abc56d9f9bd254260b368340478d611922f4f03ae270c",12,16,1,4,2,1,2,true
"2a6866c1850dc7c2ac131c4bba925d476c4179cbb731092fb555a55a654a9c44",12,11,0,5,1,0,1,true
"2a7c7120c63b809a8b59e91dcbc493f3501831ba4d45c549cabdb25b50f78dc3",78,126,2,40,3,1,3,true
"2a8789bf5dd392b91ddfe6591072a0cb9fae70045abf379fd1dbbc2db4af1de3",51,68,0,50,6,0,6,true
"2a8c80a24e25e6003f5a26dcea93b41faebd29dcad616f1f021d1f1abd901ee9",1,2,0,1,0,0,0,false
"2a96b68b159c932e86b50e6e7b2582ceaf067226f36cc90f2e05e96824b81f68",5,11,0,3,0,0,0,false
"2ae12d8ae21c63301eefbfa1b63a5c3a2d9d85ac0a60593086b6a9020db6ce21",4,8,0,0,0,0,0,false
"2ae525f01dc69d900c3faac9276c6a8514e916325a39fdf27228b43341aa114a",74,90,0,66,20,0,20,true
"2ae5857b21db00e06cf512b9f4ba8324478ea8fd3d24cb5cc40278d39b9e83ed",15,20,0,15,0,0,0,false
"2afe22fc3ee4314d9fe6ea58eef77e7dd799dfaacbda41fc20b6ab1d86bcda02",19,20,0,19,0,0,0,false
"2b248593dd244d6aa86798f164a81c13e4e2a4a9c12761aa1ebd6ddb7e5228f9",60,127,0,30,1,0,1,true
"2b48212aa3f2af4b81e9dcee3000c6396eaf00afe8613d0fa2665f9cdfee0adf",17,32,2,11,1,2,1,true
"2b694bb469f38029716a4d983329fb6487a659e31008af7f5b3644f12cf9f120",15,30,0,10,0,0,0,false
"2b80b1cc81cbb1acc1bd29bbbc9d0db38167e69c202ce5d7f16e448b25d9eca7",76,119,1,42,0,1,0,true
"2b9e0f1b58a64e94bd0fae538a1991abba1b67099362a8eec45dd6a5aa9dd8df",2,2,0,1,0,0,0,false
"2b9eab7f43b52a06a7fec9df7e52a9aad49175669b49297c7f60b3aaa089e664",29,70,10,14,3,3,3,true
"2bb6c8f4188de4a3afd87492f54f3de90eedb4f5a13618b8fa40e6f9a4d313fe",3,17,0,3,0,0,0,false
"2bbb91c58cb8432fd40446e80188a25e7c07dc2edc853e885d65cafbbbf19581",14,33,4,10,0,2,0,true
"2bd0323a98acb8469606808368da6c79824f2dd8391494b94ddbeb3d22c1a957",22,33,0,11,2,0,2,true
"2bd0eeb781b2f570671aa980a1cd72b8b584f7420cade4706d3088a7f3e4a1fb",52,70,1,26,2,1,2,true
"2be577797c24cdb02689a6114e09ff77c7bf66944e2c15390eec3ca8188008dc",5,11,0,5,0,0,0,false
"2beb325875e1e19482e06cc7e81955f7c92302b317372811e23dcbbc1df485be",7,14,0,4,0,0,0,false
"2bf0daecde95f3bb74bb08207fea58cbb879807bfa3b794ede5867586b185ed5",16,31,0,4,0,0,0,false
"2bf6acd66b0b6319dd2e16558a52312f5d964c3fe1ec9a9e796e60fa82f4c965",13,20,0,6,0,0,0,false
"2c0e70d719e45f7f8c31f7848efd99de29cac9612581b2b0b557c24f1cf04961",4,11,0,4,0,0,0,false
"2c176e0cce409c3e08e84b8d6e6890f3ba5036fa84a95a77be69238e14f0d604",29,45,0,12,3,0,3,true
"2c23658539a645be49a26c78c6de365d2413f8eeb5109f52d92c73f0cb900f4b",5,9,0,5,0,0,0,false
"2c2b3c9756f372092f9120393b41b1b6a5aa5546de169d1100daf370e1c880d8",52,103,0,39,0,0,0,false
"2c3cd29d25cca370391674a98d34a846953cd15fadd2135e6339e97a97aa09f5",8,19,0,2,0,0,0,false
"2c443d0da4440a17519d5972d8cf182449c225ae8d0de0223035cf8ffde7d987",19,32,0,16,1,0,1,true
"2c4bd46e18729472deb652bc5acdf2a6167ae64014ab14571f1de8cefbc5dd85",90,173,0,90,10,0,10,true
"2c89aedcebc6ac925a5775f6050e5327a103e1c7d4996760de1ebcd70e1c4bf8",15,29,0,9,0,0,0,false
"2c96d2d9f9e1784dcc16216f51298488158aadd52e0d08886bd244f6aa6ccb18",2,5,0,1,0,0,0,false
"2c9d7c42b5701fbe5e756c947ae4310e3bf266b8264d06b51e8f5074f321177d",5,13,0,4,0,0,0,false
"2ca338e04b72469e956a116a5d271b3de4f900bcb8228039473f7302bae3aa76",45,88,0,26,3,0,3,true
"2cd1e92825cd5d29ce71df0b356956626d3332fa5a2117d743f63c8045882a03",55,77,0,31,0,0,0,false
"2cec63099ed44e9c506f6fa69ed243309739a79c0cfd42231b6df65eeeefc969",4,9,0,1,0,0,0,false
"2d1fccd4bb897e48b388fee4ff256d7ee0b676de11525d5703230199b4ff5578",19,13,0,17,0,0,0,false
"2d35c1155470630434b03beba361f7cb1d8fcbb3e8b0cf23a76c83de13c0b142",32,46,12,16,0,6,0,true
"2d366bf7d9e7cdd60dac172eed8f460d4a1dc38f945a80a37d669e23f15faf05",45,87,0,44,1,0,1,true
"2d51fa27a53c60132163cf5d579e1a104bd54e6342fef872ba8efc50657fce99",2,3,0,2,0,0,0,false
"2d770946d5429b0988fd33904cf19b5498823f668cb69a0a5028e988023d2040",50,70,0,28,0,0,0,false
"2d81cb548e574c7cc37323387c361abff594593a82ab76c7ac83c64c99acc049",9,17,0,6,0,0,0,false
"2dab26b2042bde1cbbc4d1ac5eab35625e806d5b92841132bf5d7505badec91d",4,10,0,1,0,0,0,false
"2dbd07e548febe2ded979b36ae48db8249b5a3e03543299e4e49ec94c8939613",13,20,0,5,0,0,0,false
"2dc19d49f7555fb29d7f4d40564e6e7fe9f11b1360834ee647a37129ec8c56cd",3,9,0,1,0,0,0,false
"2dcbad1a18dc6921a8bb4c3c47164c217d188d1c5c595d211e9dfea724bb4b78",4,14,0,4,0,0,0,false
"2dce7fac91b4b3d3b996f34101542a04fbd844a2ba60019233dd973b63c0161f",13,17,0,13,1,0,1,true
"2ddb5ef1f8f029ea93313ed7a6886f763eda7287d8a08bacc0a427ab0aa1dc1f",15,29,0,14,0,0,0,false
"2de645cd2165b9ef3c839538aff1ee52d28ca02a78c4f8dcef6cc69586e6477a",12,24,0,12,0,0,0,false
"2e0f2b25ccffdf088617b92f4967fe816009e5d383f8bbb66e19ac3631e4dc7e",10,11,0,6,0,0,0,false
"2e1ca59d5ebf053231027766ea7989b028aad9a1f37fd6c7a761d4bf106533fe",13,22,0,6,0,0,0,false
"2e2a40784db058b6acc45849c5feee6a3026e570db693ce0cb8b336554d2fe20",4,7,0,3,0,0,0,false
"2e2cc3aac07681913910549b815390ddd7052b699307b0f418780597356dcc38",5,13,3,4,0,1,0,true
"2e2faeb67cc3cbb4bc87e6e6e70c27846ab4e11f053b700a1b338b9e65bf010c",704,705,0,704,0,0,0,false
"2e5b711d5bb77f6e8875c4b1991b5bffb4f10b57c3ed6e769a8451fc780e9ae0",5,22,9,1,0,3,0,true
"2e6e3d1948035714d38189a5047116d5ab93cbc574c9f727d30ef88b5540b1fb",14,24,0,5,0,0,0,false
"2e6f1daed872881ac52bf637328076cd81a3b5a70e46524453a354309c7a3786",69,113,0,39,0,0,0,false
"2e7364d5cf7deb127c5388df2a5eba5e1a0c3531d323cedd001b3fae8e1f8f7a",4,8,0,0,0,0,0,false
"2e7cd82b9a1f5e2d9de05ac172f663dab58df6638b8c604e28ca33a3b5d9e250",17,37,0,17,1,0,1,true
"2e8927c421bd5d642903be60fd6c65f29993a440617fab7ec1ad6d11c4b71236",5,9,0,0,0,0,0,false
"2e9cfcbba3c2e672c61dd5e13ce3120be5667a8166380eec639f70b84161ff6a",7,13,0,0,0,0,0,false
"2e9f9eec7968eca2461a4bff3aa6b3a283f739ee7536243f46177ce19acb1095",5,10,0,2,0,0,0,false
"2eb96f7b10a9c586163851769666ec14f63291712cdbca47d36c2251a579189a",26,34,0,14,4,0,4,true
"2ee4f4297cdddb9369089963be89b63060760e15c1ca984aec85729495b4ed95",10,20,0,5,0,0,0,false
"2ee7c3caa6271e91980d2e188f3cadced5b01da9b5644bcff7d6256529041ac6",8,22,0,7,0,0,0,false
"2eeeba73daa2dfb243ef73ae69a2535bd90cf5b07b2788d6a7676838c12eb734",20,37,3,13,0,3,0,true
"2f0ed3386df25548595edf341c82436f7f917bb7c8d2e19465a949605bcd71c8",5,12,0,4,0,0,0,false
"2f298d496e00f77d3447275bc15ce44ddfe9b9295d4be9409ab140d123454819",4,11,0,0,0,0,0,false
"2f6794570015e7de80623402126a700bc009f7f1cc5dc5823e4967e054cfe183",53,56,0,53,2,0,2,true
"2f91a70d1a90673e280644e0489923858d135dab330fb5ef8e32e64029ecabdd",52,46,0,27,13,0,13,true
"2fa0a01f0d14b3a3aad4b65d98dbc4d388e4e6b18165404d270a168d477cc06f",6,15,0,6,0,0,0,false
"2fc7a4925f2b666617b8be19b4560f21353eb4c96525e99f6fcabe486ce9be07",1,4,0,0,0,0,0,false
"2fd3a8d9f27ecf000641e7e6380df6a3a4f5fdc472cef912c53fd76dc80d68dd",15,14,0,1,0,0,0,false
"2fdde8ba8c0e998d4fbcae11b020250b3e6b3aec65d1948ab848118b7f076856",17,33,0,12,0,0,0,false
"2fe833967e5abd92bc7de1b9c33a434a9b08b879d1952234f5e468a72fb100fb",3,3,0,2,0,0,0,false
"2ff34f4ba7e2088649a67243a983bb43ed392145738a1a399294b054b83bee2e",4,7,1,2,0,1,0,true
"30008c191108626b82eb9c410abab5bf53759c886b0b97e9b07e7ee5d2dd21d2",4,8,0,0,0,0,0,false
"300cb94e7803fe8094f6c7e4c7411a7309c0dafbcb0efb432745481d4f0567bf",4,12,0,2,0,0,0,false
"3024312f46747bff8c4b6f1fe584df72198ce64663134b8ca5bbba6b31641f31",1,2,0,1,0,0,0,false
"303466e6898038f9584b11e8fc7e6219db3fef841e8e3536617b34d3efbc998c",6,5,0,1,0,0,0,false
"303d7c102e09bcb9082566a6a5fec834d6a61d1a6ace8de86e9a437c79c67436",14,21,0,14,0,0,0,false
"30658d2aea376525acb23c73f73d4223832c8553a91fd018c276fe734f44401d",10,17,0,9,0,0,0,false
"307515b60bf06ce1d082936fb514cf65bb1b19443b9bc9940bf4b6bed6634601",27,34,1,27,1,1,1,true
"3078e41dcd71a4d67404b7e8bc63a092523209efcc2091abb508b20927f80443",22,46,0,9,0,0,0,false
"308f13398e80c8c523149073af83846b996e469597c2e4baa8c436722037a5e8",9,16,0,1,0,0,0,false
"30affd8d738e21caa79bdbe4fa1b3a42d96412f2a8d387fc67bcac69ac5e6cbd",21,35,0,17,3,0,3,true
"30bab567295b20710cc5cfda64241eb2daf23f93d53da0f342ba85e6874caa20",2,7,0,2,0,0,0,false
"30d1c4c48d1e11dc277a1cfecc040fb39d4dd426124296e48a2b630bacac9384",61,87,9,37,13,8,13,true
"30e7508d1efbe178b8d3042c8f47f9c95a0a8bff8282f66d4cdbba5dad43600e",19,32,0,13,0,0,0,false
"30f5f6fde393ef12be0e3a3efd1dc73a0125d5ae30a8d6c1ae3fe495b708ee8e",23,18,0,16,6,0,6,true
"30fc735df857e01ee3a880e317d8734165b95761d58ee7ff350aa729b0220866",5,29,0,1,0,0,0,false
"3106caf7be6c0dab2d05232e936ba9a1a3e96329cdbad68269b023d88f70bb3c",9,18,0,6,0,0,0,false
"313085ec45f69c4c9257208140ff6be1b7cf056104fa99deba785699c5496d72",6,16,2,5,0,1,0,true
"31328050548831f63d2b72e37bcfd0bb7371b7907135755dbe09ed434d755ca9",3,9,0,2,0,0,0,false
"3132c163655a259f955500ecb5a200855c912fa4389619d043f81ef13c3f2f7f",10,49,0,0,0,0,0,false
"31656b8b150e97d3a8dd1cc333f9156eba77267aeb20ac6dc375f49411652995",46,79,0,24,1,0,1,true
"31689fddf77002ba1507c865b98878b34674ba09ded1dcbae2eee3607c18b946",15,20,0,8,0,0,0,false
"318e477634a134419d7e8996bcd335afa95c073167539bce8352db682dcbe656",17,29,0,9,2,0,2,true
"3190d6c26154d1257d66e7015f039ce1be2fc69b5d9226119916d182f7ac290f",2,5,0,2,0,0,0,false
"3194f6415c1596e2bad58bbb9daa011003624738cbc58c878468d0ec856d45a7",29,48,0,25,0,0,0,false
"319e0a64cf54f96630ee806f16f9d5aa6a9114f9f07bf00891192f930ab44f8b",1,8,0,0,0,0,0,false
"31a37e177857c117ef3a790cca89bdf5cda64e41824bfcb56f9eddf226ac9db3",22,61,2,9,0,1,0,true
"31dc1520554afe46f666756b05b3070b1b76d05039c21f7c65dcfdef22e7afde",7,20,0,7,2,0,2,true
"31eeeea74040e9a8ba4fb705c66463b340536c3b6d02848e51fc6beca5bb389f",54,76,0,37,1,0,1,true
"31f21e980dc283e86ba78ad1791e0d021364c18f5cc30d789166eae9bd724010",29,35,0,28,2,0,2,true
"31f467a75005551fd00e08df3a9e446f923ad04232346ec689cf07d6bbd2527b",5,11,0,3,1,0,1,true
"320d8f763c051f16de91f453c925d1b6a80d693f5e064e797a2be0fefc473f4b",11,20,0,9,0,0,0,false
"3243f7d91aba4079d43170c948703af31605fbb93de61dc89d314507198e7a69",8,11,1,7,0,1,0,true
"32507ca48ace092bb9522c88473f47f87ee840870f6892e579200f478b07b975",43,55,2,21,3,2,3,true
"326d04b8ef7d53771837f11e1ef5540a0772347b549be4485c3cca68c700117b",15,16,0,14,0,0,0,false
"327e197c58e2b10412d00a14580c2a8b64b297114f7e53c83b4563e0ec528b65",22,30,0,22,1,0,1,true
"327edc2902457a23eb19d9150fdc3e3688f8b1246b01ce57965684192a5655c9",43,74,0,24,0,0,0,false
"32800492f7504ea0a9e39d10db20c8c81f3368c7b81c858c7a476a890317f1ab",15,29,0,6,0,0,0,false
"3281a57894c0d14e03d466ed9f09bce420b6f601eedc40a155eaed0d91feb43d",12,21,0,5,0,0,0,false
"3285192fd13f4b8294ba616eddc52910c25a5eaf6779c9578c12343bfb4944d2",2,3,0,0,0,0,0,false
"3290c94213d344e7e4546dd6b3218a3ded559fa3f0dceecbd42420092d03365e",26,43,7,26,0,2,0,true
"32936559de8a87f0977aa4507502faf5f45c50daa88eaeb0bc89ee34a1b08892",21,32,1,18,1,1,1,true
"32975f3e9c8e9fa43c3bcf05f690f006dedf81c1cd8b585c4ad33e3f5cf36844",7,9,0,6,0,0,0,false
"32a625c44c7ef2bc067059c2e6e233eb7655e29b47e02830ea80cefb16dd3bac",52,46,0,27,13,0,13,true
"32addca261b74e50f723d4dc6132b4d07fe065128711a6c50b3803b37ea3a70b",11,13,0,11,0,0,0,false
"32c897f73d8e0551447e61c9a4aae6ac0718a7d1f06842bf91a0cc7078e09d84",22,29,0,22,0,0,0,false
"32f46be54943bf044b21050800f0923a1d1ccfd29afbb27b3275fde619fd02a5",1,6,0,1,0,0,0,false
"3307f4957aba9ea2c8b2bae81df6eb27c3b8fedef394bbdcf49d3549dac8c6b0",18,22,1,8,0,1,0,true
"334e870bcc4adc6b35525b36dc79af65b8f4c41eda51443efad305eb327a95c7",9,43,0,0,0,0,0,false
"335ab6c7d37f37af999c27ecb21b6a0fced02c013e6e9c499f199803afa501c0",21,27,0,13,4,0,4,true
"3361c92fb535344856b771c6ef94947dc57f33ce09b1439ca6c495165f9e42a6",11,22,0,11,0,0,0,false
"3362855a624ca392b495153efc1fa33925b42f1962d469f6aa138987fc03c91d",5,14,0,1,0,0,0,false
"336d906c24c49f6dd6e7569c9e8498df370107db7c98b72506939c64c524995c",10,5,0,10,0,0,0,false
"337633a79b9699869cb8af018e90f69a9e42491feab904582e7445f9d7be62b9",7,10,0,1,0,0,0,false
"33811c29b7bec48f48776f680ae5d74d79fc37ab6c8012eef016aee4cc16d181",17,25,0,8,0,0,0,false
"3396bd6ce8b9436c06cf184e7f17a888f815f1af08047ffc40de7c085a9e5570",14,21,0,7,0,0,0,false
"33a874e3eac8907abe3079ccbad8859d435cb44bf691afa24ff4657e484a7c2e",8,14,0,7,2,0,2,true
"33ae44349c7631e372e5cdeb85d8da19f86e4e2fbfbc0ac71283a8e62cd90d2f",12,18,0,5,0,0,0,false
"33b21675e80df0ca70dd9f60370349c687820e8a9d72afe9648a38d12fa902fa",20,50,0,20,0,0,0,false
"33cf727fadab4a674692093497a6a1c29a5259a00089ab8ff8384dc7c0711923",10,18,0,3,0,0,0,false
"33d309b1be08dc66f358979e48b1051a916e2952f529d0f42eae9d22e304d0e6",23,43,0,19,1,0,1,true
"33ee3e09a2d28559f89955a428e4e2ea292df8d1b9047461958e1e9edf54a5a0",14,34,0,3,0,0,0,false
"33f86cfb0918010ed29fa954b7ea0d0d4d5a96e5caa4e9d055292b5cc0dbce4e",7,13,0,7,2,0,2,true
"3406081bd6c7ebc9f7371a1edf3ba5fc4115b04c8f36b91ff4d14bfdc6069d45",15,33,0,11,0,0,0,false
"34073142c3abc94582b8813154e58c25b42137233b5c0aa8bb767d8d1abdaffa",10,13,0,3,0,0,0,false
"340e7709a463c394b92a12c2a57f3783fa5e69e16ddc25d5cc96d4c7a72bec36",5,6,0,2,0,0,0,false
"3424dd67753e0ef1684fba2277e3fdf38fee8cca6a1ecfd1ee77a27b0917a304",44,69,1,44,0,1,0,true
"343daacc113ea8e20a769ec04a1c9e157cb520d7fc90286c4cb6a6f740c51433",6,8,0,3,0,0,0,false
"3469770ba4faf69f7237b1555f72b2aabb265d9f31278c3ffed56c6825e09aaf",6,15,0,6,0,0,0,false
"34735c4395c476e5cc0bc25a96705a2bc74483ae8f23fd67e1e077ab098e7190",6,8,0,3,0,0,0,false
"3477e0e7bbe8b60f44266cd4170150bb43ea7f52083f2b60c9f48b19679b984c",4,22,10,1,0,2,0,true
"34793d2958cead393044ec5dcd1fb94231ffe40e6efb1b2fdc6655dd77b3e2cc",10,15,0,6,0,0,0,false
"347df27942bc24ade34d1ffdc47db069801bf9ee2e74bf5dc230653804a76886",10,49,0,0,0,0,0,false
"34824565038e1c044b03c718f906a90ef0ef114a30b334fb05638dae91853157",9,16,0,4,0,0,0,false
"3482e6e8b0b0c284c19b4fca8896d541db41f5eefe944741961ac4322c416bcc",4,13,0,4,2,0,2,true
"348678c2188dc4b01c4f4d9f8ad680737db9d1a07fc723fae7d7fb58a3c39380",17,34,1,17,2,1,2,true
"34a9e1ab926db3c942a4b1bbb7ded90d75115a2d7f3afc9ac8fa00c7db20b09b",9,17,0,3,2,0,2,true
"34c11402288825766587067558681ffe41ec216101e980415b2f258f1a26be46",2,8,0,0,0,0,0,false
"34e19cdaad68669489e8f3e9c5e7b469f8448d3dddd2a7d130c30c926eee30af",6,13,0,6,1,0,1,true
"34f2c5a7bc01edc0d7038d6b063b4014c5bc9f9663b543ef09120b1df475c3ae",12,21,3,12,0,3,0,true
"3501ce63f60937015868c1be897b9185f1aa6f31161685e522a9054516b18c9b",55,92,0,51,7,0,7,true
"3522b04da9725f0b602b449cd3d700174bd721515e688128feef7853ce452045",8,19,0,7,0,0,0,false
"3535a4047f1e98ddb2ce8156ae21b4d3cb8c47adc3901d52aad7935a4e261bfd",35,69,0,34,1,0,1,true
"353915ad440965ea5f8d92fdb8d93cb2e309fb365e68e6762bca7fd6762b30c7",13,34,0,12,2,0,2,true
"353f6c53acb55091f9fa3cf3c68ac04970334ee5cb930415ec1be446dac5c250",17,23,0,6,0,0,0,false
"354d8735ca76ce9a0ca6895646b7c7a0dfc0e93929897a749212b8852ca403aa",3,7,0,2,0,0,0,false
"35b1a4a7b52c32301d3738cd25d71f831a8359fe8839c84712dcc4bc6682f64a",3,3,0,2,0,0,0,false
"35b413d52a33ffe2e27622dc469aaf03441cec55f76886c6cfe951df9739a3fd",10,16,0,3,0,0,0,false
"35c4ceb5571a874e72b6fe20d080b9c8d4171185b1ea7b9bde4ce3b4bee3f2b4",93,154,3,93,7,3,7,true
"35fbb22d04c3e3c41175d341666a0f30ffca3f1764de655f1a38e3a34bc0c1d0",7,2,0,4,0,0,0,false
"361b7b7bdea88460922eca24ee9c7ec494ee59d5364d05342ee47a893f55362f",23,62,0,8,0,0,0,false
"362901a320a398259effb43ba50116da855239a604b612a43746528a7a0ea49b",88,140,1,49,0,1,0,true
"362fe58a853847e9ead1c23242c68b4ddafd8de071b67eaf3323533ab61bc99a",0,0,0,0,0,0,0,false
"3633852cab02a763a5add4758619250b1e0c70a476c7924e7d2f68b464112623",11,26,0,9,0,0,0,false
"36569aa188be6573d60a3c3e2ebf61d4dfb9790b08d8607af4c09108b73007bd",13,26,0,5,0,0,0,false
"3663097cf90bd655a1fbfb444c33b2aa643489bee61c1918df60c80c2ef365b7",4,16,0,0,0,0,0,false
"366d3ae53b335a0e29caee0d85d1c5ca5fc62a2110ad73315f0d9aefcc906c34",9,26,0,8,0,0,0,false
"369878fea8bc1d94043fde1675711acd0be8f02273c795815c9aea80e2d4f6e3",13,26,0,3,1,0,1,true
"36a04bb8f3c84acf130e1213f4ae96775e9cde9946d07a3d6f2e9a0cb975cc21",1,1,0,1,0,0,0,false
"36a4f21b580c798906b6d547ee9dabdf4ad69140493dd067139475a91cb46779",8,10,0,7,2,0,2,true
"36bc4cc0f60a276ac38bae11e46a530f5cec5dd8be0aeae7207ac4893d546e81",9,26,0,9,1,0,1,true
"36cf00667cbe75fce98c6f99632c423072ccc2336d67558a7811262754fadac5",1,1,0,1,0,0,0,false
"36e7c9f71a3627ae0faf5776c00182328d9c5baabecad4c4efdbd15f742b870f",13,23,0,11,1,0,1,true
"36f6ae12877159f21d3b2a0447c479c1c5bd7a934d59831b81ca712a55589d91",13,31,0,9,1,0,1,true
"36fd0482f60c3b5e6b90e67cb64ffaf5aeb851007e2dbf05569a76e3c6a1abb2",20,25,0,12,4,0,4,true
"371aeecdd47020a123199e9922b25d79a42adb6b28cb32b3605634527e10af88",6,8,0,5,0,0,0,false
"37371dce4692c6ec98e13fa5392b796ea826372b79523099ac538bda1d4a5194",23,25,0,15,1,0,1,true
"373cbb3142cfd8751f39ae55f0111a83f907c0b0f2640cc8d4f87eb0f5077dfa",7,18,6,2,0,3,0,true
"3749befcd2439f0688b202f345907ac6d7abf34d942d4fa9aed91f03e42e6425",3,8,0,0,0,0,0,false
"375995a596dd102c00f0a6a80b95ab4d8af2afff99b1c00816b052d8be4366bf",1,1,0,0,0,0,0,false
"375bd32e521512407d015ef9a846b7c7a37d5054fa00dd5647f76876cb7c3b4d",3,9,0,1,0,0,0,false
"37619824f970d1ff5ad6d2d2472a9af9e2eb3db14778469c2b231c4d9e37be54",1,1,0,1,0,0,0,false
"3763bc38a73fe43f7b7a75b912451ea359581d77dd401b236e7e17bdf3908c5b",7,9,0,4,0,0,0,false
"3765316eb65dd4c955134a7c18bc1bed142da5c9a1369693847abd828be74234",3,7,0,1,0,0,0,false
"376ce809bc0d78e197787b29c049286cef0caadb2f08d1755c750bfa0f5957d0",5,9,0,1,0,0,0,false
"3782aa96c3c47651a96716bffcd50780836f3790d88870a2f86381c4150c601b",13,19,0,12,0,0,0,false
"37833c3260ba9cb7a8d537eb999919d392de9233079f68f644284186510f7656",17,24,0,7,0,0,0,false
"37884c0949fe2ece54ef2f2f41bf3d062f68b0b05f18edf6a0f1232c895a5ebe",27,40,1,12,0,1,0,true
"37a9c465578642fc185b3e6340278014b532110cb4b8eec6cbe5aba64350b1f3",55,96,0,28,1,0,1,true
"37b29dbc6407328183c23fa6f795bcbb72e63dd88847b5e0217f1e7a194104f9",41,89,2,41,1,1,1,true
"37ce4e0c958db6051e361563a8d453b830e0699947b19d1c3d2f5173576d92f4",3,6,0,1,0,0,0,false
"37d98330950fff998fd89c9e40a594370f1030ae30b5112d8928547186a4f51d",39,65,0,11,0,0,0,false
"37de1fb241d1e99015fcd3c8c2a8b1bd9d560ab23aa2a5ed409152b9bd0bb064",6,18,3,5,0,1,0,true
"37e982560066d77568f636e192cfef93135b7eaeada42863c229835936913eed",16,28,0,7,4,0,4,true
"3809a3d319b3a82b998de3cda2af0e8942bab4a2d088f80df2f105822faa5796",7,20,0,0,0,0,0,false
"381d58842f4e495b80870f99ada3732ac08556a6e2f6f04ae79fed70b6a938dd",4,7,0,0,0,0,0,false
"3828e27c28e2ae17b4b970e19167bca3edc668379ff3f274841e9501f4bbe23d",1,2,0,1,0,0,0,false
"3833892e217f09e85962ca40109ea12399da18bb3014f39c5563c54ffff9c7a8",9,14,1,3,0,1,0,true
"383a35de086c17de7fad562bfcec269f6c640c1b9ccdda29eaf3aff5acf1016c",10,12,0,9,0,0,0,false
"384c9419b900f5294a71e1025b5da2a867a5313c24798130dae18ac94b8868a0",5,10,0,0,0,0,0,false
"386cf10839b3b1e6ba5988791de65877cd948833b2fd9f6ab07d3bac9276bf3b",19,35,0,16,0,0,0,false
"3880e526010ebff3a78d9508a8f918a19833c5cf4534d5444b4861a8dbed6e7a",15,21,0,14,0,0,0,false
"388bf0ca1a93dd871e64b37d9f9d08764e41575df7931884bc3a292519cb7514",1,1,0,1,0,0,0,false
"388f8355611364b1fcd1219256c8360cc7e5ac44df86a6de107c702cf223671e",4,16,0,2,0,0,0,false
"3897ac969edb4e13a8d00d7b2a57f529e744a859a45daace4f84e1d5ff0897b0",4,37,0,4,0,0,0,false
"38b3b960415fc94d1aa96e29bed2ff8c0bc4267e4c75114074225a0c09cbf347",13,18,0,7,0,0,0,false
"38b9a94d83620273d588541b76fcf6569b40f5fcfbefbd4645335d895616b1a2",12,20,0,7,0,0,0,false
"38fac0e030b13ec2c5f9378e5a37162f39ad95d175644be07b8b31c564528583",37,64,0,14,1,0,1,true
"39170a9640dcae6686539944314d9e14692dc6d9c7dd20480aca979d4f57ecce",13,21,0,13,0,0,0,false
"391d449e041b02d98168c9cddcbfec4213a1b81a4dccc2fcb344c84f1a693325",3,3,0,2,0,0,0,false
"392e4bb2e09e067766f5de1532f4c79cc772c6b9f68a39b85f535caea9709731",7,6,0,4,0,0,0,false
"3967b1e7a284bce179272f5f8826d02d73fa1cd0791c8e0764a48bafaaf62f17",50,49,0,50,2,0,2,true
"399397fe1a0571b2e02ef02381e2933d9e5cd28a9fe3633a26665a19a2c43df7",9,11,0,3,0,0,0,false
"39ade914159ace3fbeafb0c4cf60497bd0dbb83932832bb21102f6e41a0ed70c",8,11,1,7,0,1,0,true
"39be8e7d49cd82d0fa79a07a05fd268c97631d0360382bb8fe6732d75513dad1",10,18,0,5,0,0,0,false
"39c1e2dd39980dcb1171c40e347b8a3092307a39368cb49c908c1ab06cd23406",50,59,2,25,3,2,3,true
"39d3311d358c9074ea834788ed95f3099425d460b1d834769e3a35be41a1e4ac",11,18,0,10,0,0,0,false
"39e7ab207592e1cb4bf6ce918cc74ac6b49e84ceb7cb97129eb33da0d119dec3",16,28,0,7,0,0,0,false
"39f1e78e3ba94e98344cb1bb23afa3176657156511d1c8e2d06c26310439e0aa",25,33,0,15,0,0,0,false
"3a0128950bf931b7d0668bd4f7fca9a1823311f108ac409c97df0180a7aab6fe",31,59,0,25,0,0,0,false
"3a0989825793f80ac7d8a0a348a6745d045f813c9347160ee33e340bf7bd41da",5,14,0,1,0,0,0,false
"3a1e0f87a4a0080a45c05216ed479b2a415e286b5da00ce48bb4aa2e9040aa3c",9,11,0,8,1,0,1,true
"3a32d41eed54b2292852f27a014c3a62fca7ff62923d24ab44e6ac4eb37af8f8",17,34,2,10,0,2,0,true
"3a344136c420be23ecad963f1ce9a2af4270bf934850c9b1636df6802faab11c",36,71,0,30,0,0,0,false
"3a35e48573a4aa300de8e417c8e3b01e30123c49ce67e7d67e8752d1850ac729",13,20,0,5,0,0,0,false
"3a4803ccac05b32f7f65c48816598d3b0f2e65baa55298ef11595127a236e4c8",7,18,0,4,2,0,2,true
"3a4d6200e8be6e28226efa4655a12523c590f0829532d8876163c84af75b9057",5,12,0,2,0,0,0,false
"3a66ffb55bd844d198eafc38f805c8456b5599a998ffc64fbeae8ca13d9ba87c",4,9,0,4,0,0,0,false
"3a6d3db17f5dd76d4c900bda3556d43cd6503e55469e0e93619327e053f2fff8",4,12,0,2,0,0,0,false
"3a782ed856992f9487c40600fdda61791526769e128f998ca0621a29a4de3b90",5,5,0,5,0,0,0,false
"3a87663b3f6e9413a0b37bf9bcf34eec006b87fb452e244950e47866d2d308e6",25,47,0,18,3,0,3,true
"3a8a3209697d26671448ad2de7f069493dcff0abe8bda0abbf2a2fe4735b06d7",12,37,2,12,0,2,0,true
"3a958cd4f685d08bfe6b69bc300615cca905e563f5847265abb2d4df2e6ba32b",5,9,3,4,0,1,0,true
"3a9d275b620eabd52732eec05790663ab8c10881b92d0383ff38941eda96b5f8",17,16,0,15,0,0,0,false
"3a9f7629675e3d2841dee17f82f2009e14d17b0051eaecf47355401561452518",8,22,0,7,0,0,0,false
"3ab60a613d8d982748c9a3aa8cbfebd5b231938b648eba94b8573dbb38020b2d",6,18,0,2,0,0,0,false
"3abdbdf37aa7a93b0c9af6f3467fa99e4666ffeff8fbe4b000c907af1b9a2445",4,9,0,1,0,0,0,false
"3ad19403a23fd8002ad3f82e6ba2c0ac595b4f640cb8793010b72c85943b7573",2,7,1,1,0,1,0,true
"3ad6318ac21a8beae32cb7bd640c305963998707ba90692630492d0c4e785482",8,28,0,8,0,0,0,false
"3ae17966258e558bc0a990e52f5d364a066a70f8dd1f13a208eb78c864c4ff9e",55,83,2,55,2,2,2,true
"3aea65ff1e6f584e8987b61c641e090a33ec45512013c78bf6324c356332aa98",1,0,0,1,0,0,0,false
"3b046d031d798a1068bc357892c61a678e1fb4125c3600b997bcf4752c35f25e",71,116,2,38,3,1,3,true
"3b08457b90e1dc90059c3420a3c0f66060377ed27f2af7d0c4061eb95710f122",10,23,0,2,1,0,1,true
"3b0c0f94ca7857ae42982da4116e53fb80c33b786a950778e7c5146590624cd1",18,40,0,7,2,0,2,true
"3b0f6a9fd464ca2ea0493f3272faa47125c66f6a0574304735411871d40e9199",17,25,3,17,0,3,0,true
"3b13dc688381c17aef9c2dcff38a4ff7afd9372518dd1c6494308941d880b62a",44,80,0,26,3,0,3,true
"3b361e654ad5274321a76b75cb7c509f7ffd1b4d3236ec32e0af052ccddb8fe0",13,26,0,5,0,0,0,false
"3b3659f72396f0925f39c33cd6664bf2e3ba8318b18375296de1e42e39616a50",1,1,0,0,0,0,0,false
"3b65f2f1d0bcafbfee1a870dbeab549655b3d596d4a44fd18083320f5b594c6f",6,15,0,6,0,0,0,false
"3b6682171f3f9cd45053245d30a293fd37f6ddfff816c18812a48089369e1f4e",10,18,0,7,0,0,0,false
"3b79f2dc6c3867ce44c272f1c12206d5a832747d54ab3bb58fbf7cc870cc910f",20,36,0,13,1,0,1,true
"3bb3934cf08b663d977bf6f3d1acc05ab9a952e709b7802e8e86790730e0f476",2,6,0,0,0,0,0,false
"3bb76e3c5849a8d09bb080583d25a4882667bf0a83bee391e0ce969ab6d852e9",38,70,0,20,0,0,0,false
"3bc7997d8f216e3bfa9311893763b488302de7010970bda70847570753fdf0d1",9,18,0,9,0,0,0,false
"3bd05dfa2bf65299d359e86a4672a45900e8c5768d9f056ad8da5ccd779bcd12",60,89,0,37,2,0,2,true
"3bd4a6da60043c5fe2d077bf31055ef7b83fe0dfccf0e270460ad2704b118507",1,5,0,1,0,0,0,false
"3bd714d035fdc8468194f68aef1a5c021c8d59e20012950337a4f35407e604ba",5,10,0,2,0,0,0,false
"3be6cba845bd81462f0ba63824c32bd3e4e40d24d59a481065777ad720ac0a14",3,6,0,0,0,0,0,false
"3bfa341dcf6be3190838965cf0045b4bae2a21a777ff63c91b5a9240bc4e38bb",64,82,0,46,1,0,1,true
"3bfe17146d697d2e357ade365313e79c94a43f7d697464fe62665dea7d89d8a2",4,12,0,2,0,0,0,false
"3c030c6e93ac973cf26e39947176c85a2bf61210e9c1f98ce638b963da948c96",83,136,1,46,0,1,0,true
"3c1054716aaf0d60d0898662ddf9a81f36dcb9fa5bb285271b080682ae444605",11,22,0,11,0,0,0,false
"3c2e6adf068becdaa7c55e195124ed2ea50b2e6533cdcf30d3ba103b87965ec3",16,19,0,6,0,0,0,false
"3c2f68775af6c3c38032e67aae2946562e93ac0701437bdd3867d028f264078a",30,43,0,14,3,0,3,true
"3c3b4e75a94e9a9cac638b505e2661dca341eddd8484002b309731d16352281f",11,23,0,3,0,0,0,false
"3c531bc7dc6db9f421104a002d0314771c29f67f178e34407617318fd1cdde77",19,29,1,8,2,1,2,true
"3c5dae1828b213c8615ea93b3430a01be31b8bddb8298663ca4b2a2642b1800c",2,3,0,2,0,0,0,false
"3c8a9b8c5cdee3676dc46953cdf50a9a89b53254d7f669285895f370684b310a",28,58,0,28,8,0,8,true
"3c8d0b8b347752e57abe0b50380401ca8f5793bc971b685fd072571bbf5d54cc",1,1,0,1,0,0,0,false
"3c92ab9087a63bd3ef4035a94be63d9e746df6e4f001ba63f56ccd332c768498",7,11,0,7,0,0,0,false
"3cbc9a0f340582868aae5a7a3171a8049f262b962d00875265c7ed1404210db5",12,24,0,3,0,0,0,false
"3ccb31cbcf126f4f1452a45445385f64c01a20686b2bb02f8ab1fc0e3ef6efdd",15,29,0,6,0,0,0,false
"3cda0d78dfcd8f3b7aab36a8002e887146e17ae982e9553a3f55b4ce61ec17ae",13,21,0,6,0,0,0,false
"3cdffc31a624d29e3279c58660c5fb128e74801734f0590b092a6b3f5922e652",3,7,0,1,0,0,0,false
"3d19336d8b3c5e20a8208a95445736dda55bf4aa780bd0fcd71c66f06b8bdf48",1,2,0,1,0,0,0,false
"3d28b81b83345ed4478e88f335df469aa92d427affe0876a6b08f40ad257ee97",3,6,0,3,0,0,0,false
"3d2e285e7b2971cb1a04edcf0b7e408baa55d349817870d0797bb26db177d62c",11,23,0,8,0,0,0,false
"3d3c0447351c24e4fadaece14088c724d742e8172a587022d9cd65af9ce9089e",9,11,0,7,0,0,0,false
"3d3f79e97dbe76b1f8fbe2095ddcd03738ff9988ec74ec9d9fb47bf8c661694f",51,87,0,48,7,0,7,true
"3d508cc14bba21e357c5464615d1bed3ca555112e119817d5a4e219f25ed2ef1",12,32,0,11,0,0,0,false
"3d5315c4f0d3df139b10353a6904f951d877e5be9cd3594d06e96ee569ae6cf1",1,3,0,1,0,0,0,false
"3d5bdfc11bc3a2602d18c9863471e7c9260534de95b9f5f488dc1dcdbdd6cdb7",33,44,0,31,0,0,0,false
"3d69970c585285e627babdc2ab69e087e4542bd9ecc07a277b28bcea56912571",12,11,0,5,1,0,1,true
"3d69ca1fd7f2c14acbf60e0005f4327caa9944ebb8d8ad5a7c0269d87482d14b",19,33,0,14,0,0,0,false
"3d7fc44024a51577aafd021e376d529e8bb559e8d71e52d94e18738a57a5c53f",2,8,0,0,0,0,0,false
"3da9edcabd7491b2245920551bf7cce020c70114e219216b948ae3dd3af2e49c",14,20,0,6,0,0,0,false
"3dad79585c6bef820984c18c7465454a2e1113a686e787a0b6ed1b562fb1e20e",16,28,0,8,0,0,0,false
"3dedff985dce28f210bd359afa9b7f5bd137bd69337cd5db9076be80ad388096",16,33,0,9,1,0,1,true
"3e0ef75cbee62cf119eea6e29da01e672010727ea68a88edfd82da98ce8b6bed",25,56,0,16,0,0,0,false
"3e10a07ab2c17f5ed6c557b9a0869049aaf6d6ee1d23c47895f69d4ad9cf57da",4,6,0,0,0,0,0,false
"3e216c3e0b8338c2528b76973def0d629de55591304d5a77404fb19335fe6bb7",3,6,0,1,0,0,0,false
"3e24f11c4f11d86bf620e6105199336b56229fcb1ee4e6a706d1b26fed772ca1",17,34,2,10,0,2,0,true
"3e37ff89fa95f898cc1f0caf0023227f34652b191189bde59df2d02d4aa0f7bb",15,29,0,5,1,0,1,true
"3e44006fa7750ef252ab0ffdb5150fc82caf3d9d7c82d69e1b91600f64b7834b",44,73,0,26,3,0,3,true
"3e464b6dda26a8d5b0bf13d2cb7781a6142bf2c2e4b64edcba093911fa16df5c",12,4,0,12,0,0,0,false
"3e4e179ebb6bcfb8b32b19c1ac82ec732069a28ef672283a46b2246149c7c8ee",2,0,0,1,0,0,0,false
"3e5dfde1926cb96428498b72596c2ebbe01e60709ff9fb7556bf17e99743a647",2,11,1,2,0,1,0,true
"3e7a2f545e6447ddf0f6b3b338e0dce313a3f07cfb74e053d8ddebf751165176",13,25,0,12,0,0,0,false
"3e8f372ac26c0ab674c6da7b01bd237d4c6c89f34a3d353b0edbc72644f12364",42,60,0,42,3,0,3,true
"3e981b3b5170e8e08429813b01b4aae93effef93e9fc4b8d62ecd205279c23ee",10,15,0,6,0,0,0,false
"3ea3cfc5c30efdc08dd505e9ab4df0d5f687f9a371e09dcfe1f00d74efaa4b53",67,106,1,36,0,1,0,true
"3ea78067bdd2cb63bde0d28f28138f3e9236d513d10fa2e8db51bb30684b9a30",10,12,0,2,0,0,0,false
"3eac8ae28c81ebc70fb7b8feb4eb862aaed0463767b8824d2ff64a699df90928",3,9,0,0,0,0,0,false
"3eb27908ba3d4c482e0de9a36003a48d19da66931bc8f5e6187464bcd0de0dbf",5,13,0,1,0,0,0,false
"3eb9643f927f5992d68acdf0253d96e0ab56014e5a8200f97e68d271bd7193a2",20,32,0,10,5,0,5,true
"3ebbeec072f4996958d4318656186732773ab5f0c159dcf039be202b4ecb8af8",14,31,0,2,1,0,1,true
"3ecb29bbe5aabf60d914a84f6049c964c76761686ab9fdad06cde3b59f0c4314",46,63,0,25,0,0,0,false
"3edff485bf3f4f7cf1cdc2640bf594b9037dfa984a6b398283369af90d3bec91",13,26,0,5,0,0,0,false
"3f18920da0c1147589d244a045fe48802fccc8a5fa3eda41f03cfc5715fc91c2",7,11,0,3,0,0,0,false
"3f2a02eea6c458c034fa5d2a9c57ce02ea8ade606cac8a8080afa443f6c4319d",2,7,1,1,0,1,0,true
"3f2d08f3faf2de0289bb6f12a029bab3766a66fc9531c2b5ce9febf483434240",25,28,0,25,0,0,0,false
"3f2ec1439fa3b3b64e7bc615fd6a712e12865419a6a29edfcf669976b37b0419",6,51,0,6,0,0,0,false
"3f427b964f842b2a0b024fc00ed668b28e985f291ee4815fbbc4e52d500ba0d7",7,2,0,4,0,0,0,false
"3f42cfc31109f0a7db35129c19933cc858e317d359adbd2bb6d9b8ebd563e21e",13,26,0,5,0,0,0,false
"3f573f5a168aa7069ce189b56a361c5556adbee57073b21121bbb5174460a7dd",30,45,1,23,0,1,0,true
"3f7792e289df95d3199ed9db35a0cf2a5154aa64cd7298a8c441b7170230635b",23,37,0,14,1,0,1,true
"3f7882ccee842e8010f1ca102f6fae8d49baa3458deec4e534e93196b2c0c26b",32,57,0,32,0,0,0,false
"3f8603433994e0076a8f241e4b8b69aecb977d3907046a6f7bdbe72e9e6c48c1",36,53,0,21,0,0,0,false
"3f88b09753a43291da62799db81a051fda10ce97e7a091ad8ace4da17c62c284",16,26,0,14,1,0,1,true
"3f9150b678116d364fbc2bcb51ef7ddd0761d571de1f6bd7ba6e64871e827de6",3,0,0,3,0,0,0,false
"3fa7e52a889fc2e4f27929811dccf8d16ce10169a61cb8ac52053a69204a4db4",2,8,0,0,0,0,0,false
"3fa9143a2994aec5a6ab7fae31abbee379e1246a88ca150e6a89cb5c5fdf5760",14,19,0,5,3,0,3,true
"3fa9d6c8a77afbd37f545f88a24722199aa1b0aaf3ab74c0f46d29a5d170beeb",12,13,0,12,0,0,0,false
"3fb6c2ca091168a22951c19acc6e118db88d2953153b1770e01f26fa26b1023d",61,74,2,24,2,2,2,true
"3ff02d2ccad569cce82f6fb74adf46303d8159cd22c27c18be492e587d364f57",10,22,0,9,1,0,1,true
"401ec68c5aa2f56691b12407eedbf2ce6c24ce43bd9503a45cce6071ba2e63d0",4,13,0,4,0,0,0,false
"403a211cdaeb1e5341544a9eabd8e3ddaf0828fa0e013beec04136efba4a1fb0",8,23,0,7,0,0,0,false
"403ffb9261e4bc67bbd737faf419239f2cad243167f153b727c1446a96a666a4",34,75,0,34,8,0,8,true
"4041cbdd8d7d1b700e6b24afb0b40a59aef67f36459782dbd32da381e02a63a3",12,27,6,9,1,4,1,true
"4045e01865653cb2eb2e5cc39dc533a655efa8e365f11054faaef8c228524364",21,35,0,17,3,0,3,true
"404915c346d9727cddfc32883c171bc0918cff64855d96c7e7705eacdbe05013",18,29,0,13,2,0,2,true
"405a8be1ae35cb0da5fd565ffdaf35cb3ce3064661cb7284b4cadd24603d82df",18,24,1,14,4,1,4,true
"40740fff41c64737aa80a6b81341bc1ab1201624bf60f8ee801c93089ee42444",36,47,0,16,1,0,1,true
"407e01ee25a9ef57784eea8436d323e8388b4f4f335ae601bba269cdb69f2b73",1,0,0,1,0,0,0,false
"408a30db145877680f9ca40214c1baf5ec905b7c9675fcab09dffe48c22df141",8,17,0,8,0,0,0,false
"4098a4b7331bc965731333eb838649add4cf2fa786cf7d3c693dc4ad88111029",34,65,0,13,3,0,3,true
"40aa34ba577fc93b3df0b7cc1d35e965420b69dc25732aa9973d80f3439a1f53",21,26,1,21,0,1,0,true
"40b4e26a8a36d05b52971282d058014b07540cd959b7fd7f1d061d31222e7fa5",14,18,0,6,0,0,0,false
"40d2dcfc78c9783bb169efc3b738469503fe4001eb8a8c44ef35246da41d0ac7",1,11,0,1,0,0,0,false
"410b28b225f84b2918059c47094d64b1ec2cab307f5e3ed8619beef2d0511114",8,18,0,6,1,0,1,true
"410eaffd7826d97b47291cfe7f883268b0463c1c85e767c389734155061c1105",1,2,0,1,0,0,0,false
"411c137e5d4bd66e9c6b4add155bf00cc37ea159fa6cb7cd7943137776e7b4e2",11,13,0,11,0,0,0,false
"414c07c64ee4a814a81387e4e5269632a06b9b15ea91221d6160fe51503ba9ff",6,16,2,5,0,1,0,true
"41641b953a889c7025f706508cf1ffb1e4759057eca3db933e681986bd14f157",2,8,0,0,0,0,0,false
"4164f47872741793bc682f6fb124623c6c1eb64e342b73319c11d05c2e0e39b0",7,7,0,4,0,0,0,false
"41663fe154af5bc18e8482c3569b4d983e4d7f11d0a4727da9fe3f72cf44c8ba",10,39,0,0,0,0,0,false
"416704f4bce9a1a69d10b468deb0ed98944a6d21a5341663636b085df773c8a6",18,38,2,9,1,2,1,true
"416f44dabbc1ac367ccbf6246e25564dc419bb3467cddfc3d2b559298d3c7559",5,9,0,0,0,0,0,false
"419dd5f0be5fb08dfe387f76e120d1d722d683a0778f807cf6a2b55efcaa667f",63,94,0,36,0,0,0,false
"41ae735d2312f50975f5b7c70c3f71c2a0785113014dc24e474c3f3688e6224f",56,76,0,55,3,0,3,true
"41b0f2614b2be48f5ed741f3c64c09d0ad64277e427f4dbace477245c1655ee2",13,27,0,4,4,0,4,true
"41bc83102ce89d3fede0bbc2c3895476e9a0a544a48b1d3f2abf0a0107352638",4,12,0,2,0,0,0,false
"41bcf82b614b6c52747619648b6d71545f27eba6590ed12c61f1d07273e20160",11,13,0,11,0,0,0,false
"41df04894bf2d8291492326f7a6ab9c90a90cc9828e31990ce8aeeab42680bfd",12,12,0,8,1,0,1,true
"41fa1098f20a6d425cb4e67f533d9b27d17fbe0af49dc4b3223de6b456bad301",14,34,0,14,4,0,4,true
"420cc4c83df4a1fdc0e092836deb1b561d7962cbee011582ac062bbe55e06ddf",9,17,0,8,3,0,3,true
"420de438a80290122056a8919ba878d02488c79e43ce9f17b5e7234a533a6a8c",23,47,0,4,0,0,0,false
"421596d7e19b694f20c5cc3da11920b2be87bf38d6d080f803f3c2310006a97a",15,29,0,5,1,0,1,true
"421d827454e2f21ba709dca3d26fb1811309dbdb0cbd580f608de1a3691c3021",72,152,1,48,0,1,0,true
"4221b6435438dc3fbc901e19018544fc3ae394fc4f304c4cedcbe53f98df3e00",29,54,1,29,0,1,0,true
"42222228c2072292b4ceb648cb4e6580e9bca4242d36fd1edcfddbd4c09eef3d",9,10,0,2,0,0,0,false
"423df6a1b908f9d0a7c3501f98e089a0753a8f9c01f338d0054717255e764514",28,40,0,8,0,0,0,false
"42478c7d30d929252171b277cd8dd9d2e91c3593546acae070eb615546d506ea",98,161,24,85,3,6,3,true
"42549904d3f537404746b43460a560820f80acfdabb433e33cc63bdf8238ed4b",27,47,1,23,0,1,0,true
"425656ba92de98d2ead36a287c740b00dadb9cf191427fe88576067528d0f520",12,25,0,0,0,0,0,false
"42974348ea66a5993a0b6b02a7e9956d3c71ba21655fd9267dde589d108f5962",5,8,0,0,0,0,0,false
"42a37f1ec10e26d3f79e843dec86238367108a9e37c929aea5b909d2fb011097",11,14,0,11,0,0,0,false
"42ae1422db1db92481a9fba3326dfe54396956e2783751f36dda3b02575cc172",7,15,0,4,1,0,1,true
"42af964b741cf2995bf3bb3deef034991b782a610cce1dcdf4bbc25756a2ad74",85,156,0,85,10,0,10,true
"42ca84b515392faa83de1197fad5724775868335637f58e031708754bb94c4ee",15,31,0,14,1,0,1,true
"42d0ebea432bdaab8a01b5f728ad557f9f56bb3adf56b8d539facf4e2ecb6264",28,60,0,28,8,0,8,true
"42d11b57e6b2ade5a87627e06a370369b44b432af58cc430d0b71c2de4ba706f",41,99,0,28,0,0,0,false
"42d23e2f193c92163199524478da59f155a8ee9f722ff9517de2bd3a0a06b7e1",8,20,0,5,4,0,4,true
"42d722e07d9e3af69922854bdccd62a1221d64df18b984b972f69aae30355738",14,23,0,7,0,0,0,false
"42e07c346e42d0ca5f5d500343540dafbeafa6951754ee77c087b3bad03b22e7",4,4,0,2,0,0,0,false
"42f0d066da7849662cca67b80d3e4cd7562732b5fbc54f0ca60620a9a05450d8",2,4,0,0,0,0,0,false
"42f39e2243c8cd5248cf3b35d91700dca1c88e490f2e821db74b0d37ebadd2f8",23,34,0,11,0,0,0,false
"42f478254a07cad3e2f1f2bace3934456d2bfd86e573d9c5f75579e85fa94f66",5,5,0,4,0,0,0,false
"42f8112094c963ba4450d948a90038fc88a13840b29b8909674d39db597ddd8a",10,13,0,6,0,0,0,false
"4312612c5cc1dc46623efc553910096c2c2af9cd83b324cbd6068071ea28fcaf",11,22,0,6,0,0,0,false
"4335ab23b7de3ed12098e7d0af0ad8b21172d53bd100889a52fc2df803531fc9",1,7,0,1,0,0,0,false
"433ab3c147acb637a798b0e2fc1b5e8df6bce4bebf41c9bb525686c1010aa1a7",12,13,0,8,2,0,2,true
"433ef1c1766bec18b902cfbad2ac74371ef19600697b895ba48854155e7a7aef",66,119,0,66,9,0,9,true
"435fd892707dbc8470e9dd0b0f71ac0688c413a4c10cf2a0d0d70d587804388b",67,104,1,37,0,1,0,true
"4386cdf222d1b98faedb5be6e8a6d65a471a27391b7611e532de09d782e56c07",14,28,0,9,0,0,0,false
"438a5528cff17ede6fe515f095c43c5f15727af17d006971485e52462e7e7b89",9,7,0,4,1,0,1,true
"43a1cd087115c76dc880b0e07e171298b4f55dfc333c03df1b06266cf229199c",19,35,0,8,0,0,0,false
"43acc98d3969e68aaab96ada690e746eb6abf23812ceede44721eb7118fbfbc1",1,1,0,1,0,0,0,false
"43bdadf5027c8a675d53cc920f5cfb9d1570ef41d920cca332e7862fb61dfb15",10,14,0,9,0,0,0,false
"43c74d653dbc876ce95571b36b1e2d66939bba3cc7f27de7d793254569ecdca0",33,49,0,33,1,0,1,true
"43c959b1e8052424336babfba1038dc8007dd19289f99cb0cd6d567526409b58",15,29,0,5,1,0,1,true
"43d2935437b3bf3c2fd6cfc5f8d179882e3451da4fb23990e8697c3cfb3cc18b",48,50,0,29,2,0,2,true
"43d8123c74240383636c61189d753c0cfd1980972d5b2126aa5738063bcb6c62",20,30,0,20,0,0,0,false
"43d961f27c617e100fe07f2a7bc8e7e6887950e6973e6c11105b093cab9380ff",4,13,0,3,0,0,0,false
"43eaef63b2e9e04f75e0883fd19f1f160774f520df637f68e5902ec780425a7d",46,76,4,24,8,3,8,true
"43f28ef9c36e5387396650beba57aa1f924acdb738f831565392e0952fa1204e",10,17,0,4,0,0,0,false
"43f80026ed37ba7a317808ac0fb5d848877810ba0deec69afe9cd5bdbc09d4bb",19,32,0,14,0,0,0,false
"43f848b9d5368c9ea23c06a559357b633487844a3df14fa519ee832e83dbf8aa",7,8,0,5,0,0,0,false
"4416dca6d71a24b1e74d1db66f25953b4f8a6a2773c100c16ec0eb1edb7f1466",14,25,1,9,0,1,0,true
"441b327cf89c9f137a9736e03fdd1ac4cc9fc659934e75af645cde820d62d183",2,7,0,0,0,0,0,false
"441d93b820406eae418919d81c619de553bb45512e1659b05d5980293ead8f0e",4,8,0,4,0,0,0,false
"442a63ca1d86aac01296ba2db26222a09f6e9ac1b6df2a8ed62806b2d1653726",9,43,0,0,0,0,0,false
"443a6c94e6b90901b66b7059c5b1609fe2a658c1c60fa91f7198bce73e7e2e09",51,87,0,48,7,0,7,true
"443c83cb10765e1a132bca559c26c3a60212a50a6c0cea971e91f43ac8731c32",19,30,2,12,0,1,0,true
"444a7b05af7a6ff2aa04543a028f474459633249de7430063b1ad5b15f6a2608",41,59,0,23,12,0,12,true
"445fc62539a1046baa501784d3e8fedd81e30d0671196bdc24dbf85124e4de22",15,32,0,2,1,0,1,true
"44647fcfe0b51bc742d79dbf8d7e68faf644194087d7b76c158cab5af0d0abfd",44,85,0,43,1,0,1,true
"446f601635f38d2f7550cff14e784c26b7abd4138170cfa9ae1692e972cda357",15,25,0,13,0,0,0,false
"44797e81951b6047c771a0716be2907b41680723084b113b9c17c42862bd2ba6",71,118,0,35,0,0,0,false
"448d2c5e1921a9d3fe349b6e40b93b3ebc9cbf38d427145419e0f787cb71cd4a",43,63,4,42,1,1,1,true
"44b79808ea1ed56ce371a9afcd056ecbfc7289915d9ad458ce66fad7360fce09",19,29,0,19,1,0,1,true
"44da5141a86eed1072a3c26008281e6aa9fe0e7145dc13a0b038868d2dda34d1",7,9,0,7,3,0,3,true
"44fca27f6cb647db65cb466296c51c93b0545f26c8c8c50ac5391b62608b04d9",85,156,0,85,10,0,10,true
"450a59a3452072b688b113ff326f21ef90e2f6b52bd9c07e382e0fb5beb2677c",51,69,0,50,6,0,6,true
"4536723b074aa9290d5b79a69ff8dff0eb0804183dbb2b340850564b293c9928",12,14,0,10,0,0,0,false
"453d43574d387319d477c387d6452d6862305fa0ccbcc29b0ca5b68e2f6ff87a",13,22,0,6,0,0,0,false
"4543550801aa3abc720fefef77df55d0c04f227aea569e280fefe709bb63bf8a",73,118,0,42,0,0,0,false
"459b2dbe13afadda4b742d6c3d19bfc0e5fdecd0f12d5bb096685bacf805ef41",2,3,0,2,0,0,0,false
"45a3e942ed3c809d620fb86667c1ae21b321c0a0729aec20257cafdd8e526207",6,5,0,3,0,0,0,false
"45b1cc1238cc3619511ce59e22bfd9fd16878370c44c6e80f34e66f90fd6e3c2",17,23,0,12,0,0,0,false
"45b1f45a68523a70bc39910fb5ba1a09b0d29c04fd56841b26fa6f2535af9a2b",35,51,4,13,0,2,0,true
"45b6f92e9044ebe2e3282744eda333ab729cf8e340e12ac878c269c18cd23ad6",6,17,0,1,0,0,0,false
"45d1d70275fd46fd3159559f17ddf8aca5ffa02841769fc9c67688926f58d23f",29,48,0,25,0,0,0,false
"460c319b8b5019fa631ef22825255940ca5ea449c3e7651d2cbecf952aeb978f",75,131,0,75,9,0,9,true
"461cdbd72bda4fd69dcdedb716c8af1fa79023587db3c73432f4f491f9e25b1d",6,7,0,3,0,0,0,false
"461f06c4c0aa2069ed7c4c9fab88379a3e8e4773e5246d03c52754b9298d9311",24,28,0,23,2,0,2,true
"462df79433302a05f0dc4c24838af1deff02ab55a52b50b16f53e2488cc89f10",2,6,0,2,0,0,0,false
"463cd0d3d9ed324e619283309658efc905b47b0a80729e170ebc69a357d0e638",27,61,0,12,1,0,1,true
"464c7cf3fb3cd426e700973c98ae63dee903e83d411491b691dad72c035dcd7d",13,26,0,5,0,0,0,false
"465482666d03a759b3a035d7ac34bc35b68c8da495341295508c88e22fe4be73",13,18,0,5,0,0,0,false
"466e59f1477cd2cadb1e649d3bc09648f42f784ebc527f28566bc8d9c10ae785",27,48,0,12,3,0,3,true
"467abfb636b73bd11ad3f21a974d5564ec0c367f7c1d8b6a6f29603a1c916047",1,6,0,1,0,0,0,false
"46cdf5a1ad8658da782bd7229f815455dd15fad5df345334596d5178bf0c5ef4",15,29,0,9,0,0,0,false
"46d57af43dbdb228a6eea4f2fb5144e240927109dc993e91048e7cab34e3e189",27,28,0,27,0,0,0,false
"4711c3e915dad480e974205f3cedca2c715bad989f7dce65e6a3f800ce4deeaf",10,12,0,2,0,0,0,false
"4713af123f167e0b5689f485d57693d791393931ef45bd1e75e763d3a57ee5ce",5,12,0,0,0,0,0,false
"471f5c02556a8999b1447d1384cb5b373cae1668003b98a37421268f3c06fe04",6,18,0,3,0,0,0,false
"474ff2174f5c88d1a4839b6c6a379432d6b49e6e6794ed670d5ac7e448d0e70c",4,7,0,2,0,0,0,false
"478c5d722fe228617b0b9139148c970941880e00728d3c8f1d3d2d1b41b9ab37",12,27,0,5,2,0,2,true
"47c144140a21b18c7ef4927a1a966ad0c36e9f7c8d1d29d3be528f38418d9fd8",9,21,0,8,0,0,0,false
"47d94f520bede00f21724a3fae31770142cef3567f8c0b1101abba1482363e89",17,23,0,8,0,0,0,false
"47fdce86e8fb24ac4cade3b7b20af6102a33dd880059ef133c5850bb503a162f",33,36,2,19,2,1,2,true
"48203f559ddee678805f2c09ce04fd3fcfa3194494f97defbb569c09a78b7c01",4,9,1,2,1,1,1,true
"48443ea908bc5ee461e110c1d451d8dd26ade5c9490aef517030d809560e8653",5,10,0,5,0,0,0,false
"48491d478e8e44b35e36b03ce9981438c510cdfa74eadb7fe5b5c66dbfecbd18",17,15,0,16,3,0,3,true
"484fc4b38aceb4342e29e8393bcf2a539ab834b233fe8a8aca5979cfe32bc36a",10,13,2,0,0,1,0,true
"486199a623c505f4a9c4c040106c359a50d9b79c4ebdeedc9e00ab8b21cc5e30",10,12,0,10,0,0,0,false
"4868dd213817a72db033a9f042c8ab27e80a08add7915b60c220b1a4dc267b94",36,43,0,22,0,0,0,false
"486eace687feaf5c54dce048e0992744c75f85881b44839d408332ab3ee7142b",10,23,0,6,0,0,0,false
"48705b6cc769672cb7690fde75ab8b68a73525cba2c0ec4366d159dda2cdec16",30,51,0,21,10,0,10,true
"4883102a3c1c223bf06da6592445a8113e323b701445d575536c2f63fc2aaeed",16,26,0,11,2,0,2,true
"4886d255b242530058b1311a0d7614e1068800db9acc899b100528d35ef8e167",19,36,0,18,0,0,0,false
"48b1ba3e9747c46fc155cd841a16faf6a82eabba83503c85827901c3dcd53982",6,13,0,5,0,0,0,false
"48b28121451497952c1c35d58d4556f315a5b468ccde9fcd03f510aefa07c117",57,77,0,56,3,0,3,true
"48b8fbc8e3ede839f4fe0e0b99c23e0f066192cc65139c080e05e67040644178",1,5,0,1,0,0,0,false
"48cf6eda0a04bd00dc114392cecab04d9cbf3c0810bebf30023d52d81e14e0fe",8,11,0,2,0,0,0,false
"48d81492a15e4a77f4ba270dcee530910ff0470c14bfa446cee2ee42ae43d8cb",1,1,0,1,0,0,0,false
"48da9953f231476277de087172d11e0f304cbd47cd8b56f15b0c9eeedb6262c8",12,20,0,7,2,0,2,true
"48db45d194bd080647920f35fceaf97ef49598f0138c82ca63470c7fa2b5f1c9",15,21,0,6,0,0,0,false
"4911fe4a4fc0b25ec939288c918deed35d2a1f994438dfa56038c48ac9d4cf00",4,10,0,2,0,0,0,false
"4948adf97b9a4241fb574a3e1317e9269d8563cf4805a953d2d2a37d631195e5",5,8,0,0,0,0,0,false
"494d1bfc593aa0c097407a4b0f13637b50e7dc9df31cd0ce7e4f4cbece0fd369",15,31,0,11,0,0,0,false
"49564d388d735dc1327d06763e6a131b2d6ba3cdc66e056dc4ca3b7c375efe12",3,8,0,0,0,0,0,false
"495aedd61bd946908dc481745fc91e58e6ee96796c82196da07ba58be0fd90a2",69,170,39,44,0,21,0,true
"496c8de552f3cf9847df78e89efbd9792cb8868e942b91ed4b04287b45bb8306",16,21,0,7,0,0,0,false
"497adb62a98134658ab04edb8a7a4dd9b008432bfa5c0a38f8ec95cc07f5fe83",9,28,0,3,0,0,0,false
"499abc11487ab8b6138fc77cc22eb69c666c763afc2d408a94d568b1465ed0e4",7,5,0,3,0,0,0,false
"49c87d499bf268154028dcb77def9de9ad52d8c6933b433430b999e93027c049",5,10,0,0,0,0,0,false
"49e1153e35206d1b1ec54ef3f68818716a8fa80cb470596396ba50803e601681",30,70,3,20,3,3,3,true
"49efb3f7378715b03db3bd5c74a7f0ff7d741dab6f5894a4105f346c821b5464",0,0,0,0,0,0,0,false
"49fad116e89f3c11b96d36adbfd3d9d31c7d6ebda1982072bec868f8ef5d0abe",8,13,0,5,0,0,0,false
"49fb161f73fdf90476f347936bc728618e13f19401bf0a2bf311787bc1082d0c",19,31,1,10,0,1,0,true
"4a0edd47b108b6605594fa8b6557b560e0ab56d2f8cc5ae4206fe5221281c09c",10,13,0,7,3,0,3,true
"4a1e72b23ea9d6bfcf9d6538d3fb1db7ebbc5585bfaf54694e630339272d4c5e",15,18,0,7,0,0,0,false
"4a3329270fc185a84179f85c6f7e3932e78af3dc3d25e6bbb63d0d065f607dd3",6,13,0,5,0,0,0,false
"4a3572f0356a0a498972feebb05ddf58afead367ad4b82468d220f7aa9d5b2a6",4,11,0,4,0,0,0,false
"4a4441814cc6beb69692b0d11fe7bf83761146d0ab98a6f06750c2f4c37a12cd",19,16,0,15,4,0,4,true
"4a47dd22733bb7d2e88186e8941ddd9da9493c8b91b586deac293d21f88a2fdf",15,29,0,5,1,0,1,true
"4a60c9a0db6f7d374fc04fa565d7739eccad2e12afca657b94adbf718605104b",52,46,0,27,13,0,13,true
"4a64c8c8502df326f4ce06d98998dc7d8a61575a11d6c0fbd4c60d10dfe28ffa",22,25,0,16,10,0,10,true
"4a68ea777817e31433a248d413e64bad581c1e547fe5efe5e42d96ed21cb2b69",4,12,0,0,0,0,0,false
"4a78c20b62be8fcc95aebec98045f4f3e901d1dfb53a46839110095d92c1cd2f",9,14,1,3,0,1,0,true
"4a845e321c6179cb327b8b6df3cd288bea0215ccd377f95511b6216b8b588379",5,8,0,2,0,0,0,false
"4aa7d889845894e482539cf834a8dcc0c84534762b0f66eb99a15358f67f0912",11,15,0,7,2,0,2,true
"4ac0c23958ed4fef91e4dcdb82028afb94b68a153816d40aa62ecb9e2730975a",21,27,0,13,4,0,4,true
"4ac5326e079a63cc287c88e844aaffd7ba1847a34047d68ea5fc3757307842b0",8,11,1,7,0,1,0,true
"4afc62dae512229e7050c29fc3f62d65e2a2dfa0a378a60e1e62ef3a0e2cd39b",11,15,0,11,0,0,0,false
"4b023f8de341bb5a89a3cfd92e32779b79616984ab9659d334a08451534de73c",15,46,0,10,0,0,0,false
"4b0c394218a20a76b9bfb0671bf7a8b745b5d5573640c6ceeb91e85dd385d1c2",11,25,0,3,0,0,0,false
"4b0d1e4d709caa240ff7329892e9e02e6ab32bb39d2ad29ef19710f292133c95",21,26,0,20,1,0,1,true
"4b0ec481f895d45af3ea43aaa2bb431a7a1bdc4c9fcc376e089ae0d69a6cb881",21,34,1,10,2,1,2,true
"4b2fd12da278856a551eefc1e23dfeed80e2175b4991db22b138e7acfed533d2",34,78,2,20,0,1,0,true
"4b3bc20a6416e57851e57f2145219c6cbf5f03b01a2800bdeb378413e16dcd83",52,63,4,25,3,4,3,true
"4b3d9f6b09f7127b0ce81b0ce9d8428f3f960e4e3ce13c11c1cbb446cccc9e73",60,89,0,37,2,0,2,true
"4b3eca23fd7b68d4f4fe33a9fbb9334d3faed19f869822c54df12fb7adeb47b1",1,0,0,1,0,0,0,false
"4b73e69e1f16e9c5a263e781303e678ce60b5cbd520f96b7c2ffa27ffb16da96",18,27,0,17,0,0,0,false
"4b9316721487281d8201e1c6044544400f120253487971e339eb23a465516935",1,1,0,1,0,0,0,false
"4bccfe03a204d3086228990c6c0f83d1154c768d548975e7a1a2ea52d3cff425",15,30,0,3,1,0,1,true
"4be7713d31bbc8fdfe201bf41f5e12616aefcb548ad484d5f2bb193678192848",10,7,0,6,0,0,0,false
"4c3391edc0e03a736383441e624964f3bf9c5927b2e3e6f183c2ed459fb4ca1d",25,51,3,25,5,2,5,true
"4c3db3ebd2d6a2ab23de1f622eaabb39501539b4611b68622ec4e47f76c4ba07",20,64,0,20,0,0,0,false
"4c404e31f0e06ac72725f5cd5284c3d71bec81af8b047b6a6d4eb1a892adcefa",13,26,0,5,0,0,0,false
"4c46701d2486b53421b30a6c6cd9cccd977567e490066306b723cd265a0c5ec3",66,140,0,44,0,0,0,false
"4c482f2d41663439cdfee66be122829eb47ed1b492588abc9272a97c93410a45",1,0,0,1,0,0,0,false
"4c7362ad47bbf3c1446a2a7ca19172fc2e26a37ed297172a46f4d4445dbba977",8,11,0,1,0,0,0,false
"4c844769c8cd12d32c337951bc47ff273311302db5ad0ac5d014793949644a54",75,131,0,75,9,0,9,true
"4c847984ae3ea152aefb47f8293bc83d53f2f0d8c28c3ec4c15fd4238f60a6c5",3,3,0,3,0,0,0,false
"4ca62b0b332f3eedfc2067deb883f45238264ed836f1f415a6cd6208843feb8f",5,12,0,1,0,0,0,false
"4caa98eaf6d9f37b21c361e256f10a0af130bc979d08d080bdd9ee3b5a3099c2",8,43,0,0,0,0,0,false
"4cb15e3f1cd37821f2f0ffd7b880bf1d8238344b3d58045e892864fa29a4133a",5,10,0,3,0,0,0,false
"4cc2be7b1d53b88d677fd4c89650b818057d5b21f54584946a88d81a1ed5702b",2,9,0,2,0,0,0,false
"4cc70fcdf4d884becaea2855f0e09ad8afd976afa630ff838de040da5e8935e4",19,31,0,19,0,0,0,false
"4cd470fc841156a321c109d0b2c06796291dcb471046e910e7a8864432d32d11",1,5,0,1,0,0,0,false
"4ce0fd0230c3cd41c93e4b542393d32eba266aee0d90ef7fdcb880cd77734212",29,70,10,14,3,3,3,true
"4ce78afeab7e6af5fefb3a2ab1289b2a1852847e532c8e7169ff682f94b88b81",3,3,0,2,0,0,0,false
"4d1302d9e6b29e8fa57c42b80a302c8638281257399287d08a482ab0b0f53feb",17,30,0,16,0,0,0,false
"4d160c6fa1ac834b3747cb93c1795938be7e7310c56ceb447ac255952c0f7bba",11,14,0,3,0,0,0,false
"4d195be2a39349df1679d06665c3d32f87837efb9d8396f6ccbb08463e180020",9,12,0,4,0,0,0,false
"4d25e5c50656f6b8be1abf6e2937047c913cb32603eb373d547acbbfd7983a48",20,42,0,4,0,0,0,false
"4d2f3826eac19ad9d4a9f7db2020d906ef6b29c426f4458690d4b2880b4b2041",8,19,0,2,0,0,0,false
"4d2fe0da6d50c0f6fd85bebacbd44a1dcca43aad1721cb7826cf5407581d21d7",29,47,0,25,0,0,0,false
"4d3c4d75eb631a1448f23a783cfa2c56a8ebe9efbe0e37d462feaf12d42256ac",9,14,0,5,0,0,0,false
"4d3e47757eeb0f854c8e91e9644fb619e379a73cba784c63c6c3370d1f5d9493",4,7,0,1,0,0,0,false
"4d508a1c5d1e60f34ee8ab887deb0273fca2e982293b4f1d5728e055a016e06f",1,0,0,1,0,0,0,false
"4d5495ed95c074bc14e289098d19c27c6e791bdc187862d90b383c02d5989fb3",38,27,0,31,0,0,0,false
"4d58bf033e6f0601e25826d2a7cef68d5444a3375f80dfac4e96c49ed08a961f",1,6,0,1,0,0,0,false
"4d62697bca9ff756bb345c3e609d84b168c4a4fc88693d6d12778bb5336a3138",4,5,0,4,0,0,0,false
"4d6abb0d5dfae9b2450c694e123f1f4f2e614bd109c6b383a03d36d49b2b6bf8",39,65,0,11,0,0,0,false
"4d70f6b16e4fc25fd20b957323431ade83ce14e2bf653a08aef9c9778cc48da6",10,23,0,9,0,0,0,false
"4d7638a0453cc8acf0921487dbfe8100acfca674ae55cec8525261180e1260fc",16,25,0,8,0,0,0,false
"4d919ea5895c7220c1a69c75c95624e5a4dda435526aa85615efebca4dbd3941",14,22,0,7,0,0,0,false
"4dc63eb6f50fde1f730e8e7547f727ececa2ee2a6a2dd2c43691eb4ed2522781",1,2,0,1,0,0,0,false
"4dffc5c9f217b7e36e8070313fb48864f5883f432edc675b58a960b4273e36c5",6,24,0,4,0,0,0,false
"4e078251341d0ace55ce437f898015e6470d50806fd3f1119793583f8e5ae328",26,37,0,13,3,0,3,true
"4e0df4342d505504d3e7fde2cf664fe896b8a01ed992426192968189ed83e821",24,35,0,18,0,0,0,false
"4e0e4932dd24fcf434236d09434c18a8f8eb8496c6f70397d823452814d3fc9f",23,49,0,23,0,0,0,false
"4e2d2407db69c2c164efba6d4ca28870f3920b31df802b39b79299879b7b87ce",13,21,0,13,0,0,0,false
"4e3a3c392be410b9d49fe7e85c6100664b23f7c772b53241f5d4d1605b94d0df",3,7,0,1,0,0,0,false
"4e66a13045bacd218e33503c0a2d0efb3aba120fcad1769fc077afb1e7cad7e1",5,29,0,1,0,0,0,false
"4e733236661bbd2582bb60810ee53cfdc01d803172a439a0dd0739164e0c7eb4",38,47,0,22,1,0,1,true
"4e74c4227bb16287e3ec5e263665f32362fb68fdb7217209b76ec99509d157c9",14,19,0,6,0,0,0,false
"4e74eecffbb20e1be1c99bc8a2d3097affe1ee955c5b34dfb2eef6df9392b5b0",23,34,0,11,0,0,0,false
"4e75bd67a9b89083cfadf587c00089c95611592c16413b1603d1427f209af2a6",12,18,0,9,0,0,0,false
"4e77d43928874d120e8f7cd0cd985eec43534dd037f2bd32e7b847d9f7c98bbe",34,48,4,13,0,2,0,true
"4e7dddce3cd8dcc11d3b3af2f12776112622a0b7f20627016a6afe98dbbaf1ec",15,28,0,6,0,0,0,false
"4e86f27aa2eb3601e2692dd0ca69fde94dccdde2931e49884e8d5c95a15d8d9f",4,11,0,4,0,0,0,false
"4e913acc86907415fe639254153b70db9fa3826ced865a9ab8aee156e77efb37",8,23,0,7,0,0,0,false
"4e93fa8e08142934053b15b22df55183f1e13f229e5160ff263127e476ee0c7a",4,4,0,2,0,0,0,false
"4eaeffdcff4cd9d9569fb0fb552c1ac678f0fe2c291dae2b33d33395febb7875",12,21,0,5,0,0,0,false
"4ec55be85fb765e3597cf7082a1b82a005229e86946ec9b124284aa14b84ffdc",1,7,0,0,0,0,0,false
"4ed2cd949becff6e4549189c525ae67312515d19058a8ca15efe4c6e8cf90881",3,5,0,3,0,0,0,false
"4edc5256afb03e74dc5c4827737262500de51646164363f97c1816052d1ffc96",15,21,0,7,1,0,1,true
"4edd745f5fbf4d103edb55041efb8e6c399f66d43c0b6d38b781e63c432b6c8d",11,14,0,11,0,0,0,false
"4ef26df6c7aa3e821842b21ee8012d021b5f94e12682fed2450bdce9c220e36a",59,120,0,41,0,0,0,false
"4f080d249700b9a30ca2e1bb828ecb29e47357cd36b122c7744593cef30b7a08",36,43,0,22,0,0,0,false
"4f34e55e1b87d0f5b49014129bdb0045ee4f1fbba44d461a4fb0f515f617d2e4",3,9,1,1,0,1,0,true
"4f381278f79c01ea6d035165d8e8899eba9ed5429d9e1c85e41e15d627ed90ad",6,16,0,3,0,0,0,false
"4f5397f535f1ea4122e6235fa3b4ae5318cc5d6d670e1e584c53c4612ccf353b",5,7,0,4,0,0,0,false
"4f65ea3d017844f92223bdb5a7f9a1199278fbe5da8324483dbfd215c7b273e6",64,98,0,43,0,0,0,false
"4f840be85e0667438392a66fe200350bde8f4085c3aef9ecaf3bd552d1533bd1",2,3,0,2,0,0,0,false
"4f9766524191e4014f1ab2124f9d0d45140a6baea55e9ecce6786cfeca924f3c",8,2,0,8,0,0,0,false
"4fba5f018878a4131a0746a2a7545503975e5738c8486b627d21eacbe0145546",12,23,3,12,0,3,0,true
"4fecaeea189504ee4350d1c0410ddd08157e8a9cdc4679aa4cdca0cca40d3b56",8,28,0,8,0,0,0,false
"4ff26fcec203061791fba2c0fff056e07387cac280fc0a7faef4e5794050b312",27,57,0,27,8,0,8,true
"500291974b3a223677e260b060d96d4e2e3a97d43117096dd0fa5ae8fe5474eb",10,7,0,6,0,0,0,false
"5002b29a4c05a5260370d7d761971ce9c071a578ae2ea8de3af36669f9feddd3",16,25,0,8,0,0,0,false
"50063ecc21bfabdf762fb02c15a11f68c04e1266443c37dcc2e7dbbe46abcb7c",8,17,0,6,0,0,0,false
"503c77f2b0d7810273544c4a56ef5c6d38730d48481c1860de3c41a3e6404a92",44,73,0,26,3,0,3,true
"50456170a5bc40d4c129ada63f6ef4d90e20a1cf38a54eec34b7cc7ed3986048",6,11,0,2,0,0,0,false
"505516f749e39df90d59455912e48e64f2645fc890ea0f574f8f25452e0ce8e0",10,19,0,10,0,0,0,false
"507aa34c7fed79ff380568e0017a0e2c6db4db0671dab403c524e14eddeb7084",6,2,0,4,0,0,0,false
"50866628d5c866f369eccaaa1316f330395361dddb084efa2f98f06b277e579c",2,6,0,0,0,0,0,false
"50907cd027a8b23a2c506244b8f31bfeebc5cfdbf1c14a0dd65596de2ec0d61f",20,49,0,12,2,0,2,true
"509b0364c8cf5c1de604dcbbd51f176514446bc9916d6675ef39d48869aca1d5",5,13,0,5,0,0,0,false
"50a15ff0e5d90d0e0260d0b98326131b7d8bd3e778d924ae35a33da00db9a4db",49,81,8,48,1,8,1,true
"50a4e415a7f2e851604db17e33bae36f6b8165471754c6aeb3778ea9ebe44dd4",40,61,12,40,4,5,4,true
"50afa30e0c67c32ca90b3331f6cff8d4461c83bed0e5d170e7447b965f97e4b2",9,14,0,5,0,0,0,false
"50d34b1c5f174dafcd342d4a1282a7f5a9eb3c0b82bbc60386ea48cb6969e437",11,17,0,4,0,0,0,false
"50dbf130955a5867b41454f0da32b4fba7f891e4704086d96a78ac95f75a468d",1,0,0,1,0,0,0,false
"50e5b8b4ec13ddd04ddcb2454c66ec0b1855622bfba29355e2d6e18d7a6ba9af",1,0,0,1,0,0,0,false
"50ecf1ba2d55d655b7798685d4f3bdd9545e88fa7c99f92023529fe11f9d4c06",24,36,0,9,0,0,0,false
"50f8ff6f862dba60af9fe25d729d035f3cd3949c316d1cef6fc58c95d25ebdb7",14,29,0,8,0,0,0,false
"50ff2fc90650b23b331cb4f20c80f647d29dacfda24cc395f9ba5850c3d4ab0c",0,0,0,0,0,0,0,false
"51025cdf33ca42ed4584aa2c4c7d3185b0ef1cef014bc809f6d4f24b3252d72f",23,34,0,11,0,0,0,false
"5107c4ca469a73f9ac3df5cc15a924f817da3cbfd9fae5868449a964cd93a982",1,3,0,1,0,0,0,false
"513e50e2ff198c8ce888969035029a0e2d5ee001d040d1d19feb3486c3c7cea2",4,11,0,1,0,0,0,false
"5159daf4d741d7b68e7100a6ba863b2d86132b540c4f97b55d433317ad627659",43,73,0,24,0,0,0,false
"517b834574a4befe3390bbcbed1782984d335b2147ce969ae8b7049c8eb1ec44",64,152,0,62,1,0,1,true
"518aea4b541aed2c3eefc5c01456e298f5ceeb76f5c0c2480456778ad586412f",16,42,17,11,0,4,0,true
"51ac3adc6dc4d7ecf22ba7b0d174e424c51857f7d67936b09077b6240edbeb79",1,0,0,1,0,0,0,false
"51c2332ead2f1d24a2c2c29c8990e2582c0cd3a9bea07e7fe95c40864947d55c",8,13,0,8,2,0,2,true
"51e13055a74adeedb8cfc84e612dca1a0817aceab09388e059c08ed14f92e837",3,5,0,1,0,0,0,false
"51f164c505572622b981496583b65cfd283dbde818ac8aa52de537fd5dfbbfb9",5,8,0,2,0,0,0,false
"520fc09a2fe6f9371bb5634b3f09f7ac1cbfc95a5d7cbc2822e92a4c421c2851",4,12,0,2,0,0,0,false
"5213c941a453dcb2890dc93ad9f0c5c4e8c2cb81c61343ed0d24b16caf56d7de",31,80,0,21,0,0,0,false
"521f18f6f93f3f9652dd72dea53f5acfd16c90250a323dff783808159947015a",50,59,2,25,3,2,3,true
"522f7d3da5a8e67012f4d8117892b215258fb29067d1b004d60a7506e5d3427e",8,7,0,4,0,0,0,false
"523630b74d575eaa82ce50d2ffad67c719e507578f4819ce182cbd113bdb7cc3",15,27,0,8,1,0,1,true
"5237e2a391e0eafe4f1f4e2ec2c942a95444a41f4d79426f3bf7d3a7abc3b604",1,0,0,1,0,0,0,false
"523cf5b01cc37aabc90170f75e054032a131a3b2ff04c7fb706970c03d150092",15,29,0,5,1,0,1,true
"524c879277125d6ee6752b54a60ad59d1b348ae257f6aa5d6a1f37f795d77c89",6,7,0,3,0,0,0,false
"524d179cd9d5dba6d6eec897559ffc50e3826a0c5de444918302ff69bbac45a2",34,49,4,13,0,2,0,true
"524ede1c6122b15456329564878a191a00a7062e1a8c9009deaa44eeb5a59c57",16,25,0,10,0,0,0,false
"5255007db3c341efff07c2b098f9d038811853f777bd9d894fa955712789bb76",21,40,9,21,6,7,6,true
"525967eab1f50eb92392895b32b443d80fb14edd14b168a05d5ca6d991d032f2",4,7,0,2,0,0,0,false
"526db25a671ae3671e30612141c1134ce6710ea05ed66652536075f33d75ff68",6,16,6,2,0,3,0,true
"5280a71c35ca3ed71bfb0984c03eb899ed63450e95f4cce69e0eeabc39b4d830",10,17,3,6,1,1,1,true
"528a6d222cacc7e453545e63e3c01edf7e79bac163c25c5888b422f26d10350b",18,34,0,11,3,0,3,true
"52973924d89af00627864ec486b4989f20521287ef80ca60738f3cb5901ca260",25,76,7,25,0,7,0,true
"52ba2e1cdee4e0236eb1ce0ac415553adfe9da399df95beaa3204e15b3c5429b",23,36,2,12,2,2,2,true
"52bf74f5726d903d980972103b4277731797fa2cb482840a5b6f75843059235e",29,48,8,18,3,3,3,true
"52c650a38b4b1688a20eccae73f6dabe1457a6fb024dc8e729455d53c320711e",29,43,0,23,1,0,1,true
"52d91175b20df1dd52081cf5cc17da8c01fb45e5f5d10f254e1bec43edf68853",6,15,0,6,0,0,0,false
"52e961f8cafddf00940ee7ac0646adf647b3e884dec1a4ddc6e2b3fcabb4de09",13,17,0,5,0,0,0,false
"52ea659a26e4d488f5330f0efc80951b4ebb1e86a41f02973eaf541bd60c130c",1,0,0,1,0,0,0,false
"52ec506f82181914a9fd862f291b2210b468afcc0ed2884d5b59bd1eb748f899",21,25,0,16,10,0,10,true
"531cf29e9893351a579a14a316c89a6ef8cf9ecfa3078049d36079be83c25d81",1,1,0,1,0,0,0,false
"531feab70c29fe5373191071fdc5d92057cccee9f5d8113fc090447029868100",5,9,0,0,0,0,0,false
"533c71f7ba73500c92cff62c1621e8deaa5f9496ade12a5e8ca52e8219c288c3",1,1,0,1,0,0,0,false
"5363c6e3c37ef29dbce43bf6ac61c849f5c15f0404478f769a4e37d2b348a2f3",18,25,0,9,0,0,0,false
"53985f16803f047fc075e9b00c763f9ff66551d21922848d7df77db7b746dd3f",10,13,0,6,0,0,0,false
"53aedce077a1336d68972edcde6964272fcc95b74bcc0f95f259b50bf8caaeaa",30,39,0,14,3,0,3,true
"53b00b8bef325a6dbdfb7c3ed4f60335c6d8e08c210cc8f50af204729e9fda3b",4,22,10,1,0,2,0,true
"53b4ec467382abe259c2cb6683fecec5ed31a02e92937ae248b156dbf8c66d4c",4,8,0,0,0,0,0,false
"53bc45501e4ab0f697bffc7f3368275182833122cde26f0354b6d1b2445c8ef4",4,9,0,0,0,0,0,false
"53becd0a397fba4985126b43751e34b01c4d583d697f5cbeb6f8471075607491",11,23,0,9,3,0,3,true
"53bf98c1cc46b2ffe131e83c004048e349252b31cd1c9994e305cd121dc34e6a",20,24,0,12,0,0,0,false
"53c0c51c9d8245c9f97ec2cabea5454cc7e2e2ae1fe315edf870b96f9a43a592",36,59,0,17,0,0,0,false
"53fe6e349af7fc9c0db89992cd1c2e3bc6387f3fcc0b3e87738affc103651d1d",1,3,0,1,0,0,0,false
"5402ea4dd52db8575fd82f121b7ccae60cda0ae589d89710655a401be5ceaf3a",28,60,0,12,0,0,0,false
"5438f7a9df755d0fac4e85235cb3f00d4e70d6eec45b840737fe2f18453dfa70",5,12,0,5,0,0,0,false
"543a5045fea758ea37e4a6ee05ff61d4b97d4113c1b9bad0428238b9a89500c1",9,45,0,0,0,0,0,false
"54418215d35ad33d17d7ec4d2bedad1060e06b1c11b9112b69538745bcb6c538",64,82,0,46,1,0,1,true
"54559baabc714e73daa5bd377b509f31f00b226166d2296b53bf79e5109556c6",5,12,0,0,0,0,0,false
"545f5b8ad2c0c7c7e378d75b7d2d4060c3250259cb02700d53c4fe084d3b3da0",15,32,0,1,0,0,0,false
"545fa98265229964bde51e2a2d3dd6b9ddd942cfc1112ed9a636c4dbaf702d99",38,107,7,38,1,7,1,true
"54702372e6abfdc84af590e619d72b8bf1c2fc0d0c612eb19c43d9a1ac1f46d4",16,40,13,11,0,4,0,true
"5476e9ddd17811045889f072c6e212886c0f402104013bb97f431622366c059b",5,13,0,5,0,0,0,false
"5476efd14f2edbaff780565fed0c33612d503daa2fa15efb21fd88ca1389a592",11,22,0,5,0,0,0,false
"54a4bec4258f7a5c5297f3968f2774310a08c6a7093835d332a6fb3e9a1c3f0d",29,45,0,12,3,0,3,true
"54ae3bde3cb3ab3d23fdda4aac7b3e2e08e6899fbaf28642b9764f7d000703b4",10,20,0,10,1,0,1,true
"54cbc10fe9bcb7986c6991b6716018180a29b11ade7a3da66f5f477e691d6c33",49,88,0,26,1,0,1,true
"54d35ddc63885c8af21129537feb7d23616aceab3ee5057867efbdb99744b768",2,6,0,0,0,0,0,false
"55008af516d6b91df0230014987b2249b0286859fe7cff345382dc2eb6b147b0",13,26,0,5,0,0,0,false
"55078ff08f7ead0ca0f25ce6f776115726426395b5ca4bb516d757e0b3c88b5b",6,16,0,1,0,0,0,false
"552024b2eb69e1db20a71a52407fa975dd737f55372b7a3cfb6ced29669805ff",97,154,3,97,7,3,7,true
"556204e41691378d7694d17d73625bf3a2e8b6311818e8a9d19a2f69cd837d39",3,8,0,2,0,0,0,false
"5564d0ba556444e5111f878391835b477eae40edf864fae1fa84d940b65efeb3",4,11,0,0,0,0,0,false
"556a300afee794c559573f4d95dd858944e3036e7cea14487830f27bec601df2",11,11,0,10,0,0,0,false
"556e629e01bf3a5cbeadb809de27d12f4c4d5201a12f5695346e93c19df64ef5",18,40,0,7,2,0,2,true
"557c34220a7ecc4a7abf9e1762adefb69adda14e31a34f27b6c0d4edb10ef64c",8,14,1,8,0,1,0,true
"55827b34ba16ff3054796645e0bd31a50e87194cc123dcdd8e0f22e7a2cc9d98",13,20,0,5,0,0,0,false
"5593e04a33d90a2321369d7b26e50832b3e4b9c8edfe0a92c315e1fa98fff830",17,40,10,17,0,8,0,true
"55b49798574989734e1173b2e62ace150d30f9787ebcbbe3224edc95a2dfaf55",12,23,0,12,0,0,0,false
"55b7983a932207d4fe9a134b93fdeddfa59da3b05fe19d988874972eebeba38b",5,14,2,5,0,2,0,true
"55d32eba6a003a19c8b976a1b64ffa1a69a3cea821904f290a473221af101c34",9,17,0,9,0,0,0,false
"55ddf707650bbdb6c08448972866d2b508965d671c396e284c66a524d5bc0334",23,26,0,14,8,0,8,true
"55dfd593655a0a76c398e70b9c0d48b213f75d1a0bf44da7bbcd4612280b88a2",8,18,0,2,0,0,0,false
"55efc170d32f5c0b5d326173cab6425c9cf011f99b48506411ff9aae3913c318",20,24,0,19,1,0,1,true
"55f2d22fd4dc238a4d3935c8d14f7f77f585b3713fdead02b931d3bbe7c1471c",12,21,3,12,0,3,0,true
"55f48f8c7bbca48e9c731dea6b932220c96b927e8c7f58e3a24246aa4ec4c0a4",5,20,9,2,0,3,0,true
"55fdea6af91aff4211a4373bc3e0f35d0d055c4cf7d83afcf20947f98b2a5555",15,29,0,5,1,0,1,true
"561464b059468e483995879e1e84eb3b502d4915c168e348b7f9faf8e45ec530",2,6,0,0,0,0,0,false
"562478666d043563da4ddd84b25613a974923136eb42cd281b129b7dd01dd609",47,66,2,22,0,2,0,true
"563208213b3fc7a3fae7b0cdfa4072fafe80d1a6bcf4317a4cc012e6736a152a",11,6,0,10,0,0,0,false
"56358b699ee76d3522d21900263c981f3d47e03822355f3dd984c882b6ff30fb",27,52,0,23,5,0,5,true
"565bf705b56cf0e6790b7734c26ced74631ce24c19e4e2f416644ebf45e744cd",5,10,0,3,0,0,0,false
"565f1cb6d525cec879fcdab1ad1bd18881644ebd260693e2cca9accf5347ba3e",5,24,11,2,0,3,0,true
"56638944de087f45f3c9fd441204747ab91cc95331d4bde92811bec61bd12722",18,33,9,15,0,3,0,true
"5666c90818e5ad5f59c700f70212ff9fef512a6e5ba06330f97172bcf62915df",37,72,0,31,0,0,0,false
"56697893f5198f26f6c0016aa7f84c92dab5eaa9ad3add2010adfa10786ec474",20,41,0,19,0,0,0,false
"566a9cdc5f6632efd61226765fad47e2d63cd2fb96574e96c8eedc49f1e3db15",4,13,0,3,0,0,0,false
"5685e329548c8a5488ce9d741e294788d0369117bd832819f8ab215bca83de00",52,112,9,45,4,2,4,true
"56a18edc93a66415762af20ae4553a480764f33ec0ae6a9dafabdd89d4799969",13,11,0,5,1,0,1,true
"56ceeecd51603d321aaf26044c0b2c21004b55a40480093b3867d1840e0f76cc",9,14,0,9,2,0,2,true
"56d4e5fe322f95decc4c6caf7e64540eed7adf04111e95650ec0d4ff66a141f3",9,14,3,3,1,1,1,true
"56ecf19e0ed400c8e757e474223753cff7e5e5a018c66faa91b296c2450674cc",1,0,0,0,0,0,0,false
"56f35977196fe39ac4eb80d30907446b1fb9948ffa6a1e7ee3d19656231e1730",2,1,0,2,0,0,0,false
"5700be217a7b5d91324bdc529fd1e8047c275647c9c576aaa5a2ca46f64fd04a",17,15,0,16,3,0,3,true
"5708256f86f8930e96321548d2d461257430ee21e2a9c43e109b943ed7149fe6",5,4,0,3,0,0,0,false
"5715fbed22165e548f54fc3b1285d9d010a5fdc130cd1b619c0d336376bd2f46",14,23,0,7,0,0,0,false
"573b185ed8851efb48590b55b6f2bd97bd64f1890f1b8bbf20a6cf32951f4066",46,43,0,46,1,0,1,true
"5751fa12b4e51d689cee32207961f6b26cb84b51273a5de108db4e893eb21b55",18,25,0,9,0,0,0,false
"57691ae9931d9d124abe3749b00b3700ac3524162e0e147c1bced9fb2e0fb579",41,59,0,23,12,0,12,true
"5784b78d159ac1ac739e00819ee9109b23707b4b22ae072e76f0cc25af8bd5eb",35,63,2,16,2,2,2,true
"578a70d32bfeb87d5eb24be972df7db026249d688c76f3508ee09db08d1d0eed",5,9,0,2,0,0,0,false
"5791c06517d396ecc20fc7219db35e1817a886bcb5d67c3b7fc9b0a299ae098f",3,7,0,0,0,0,0,false
"579fc1235e3a3d5db5726ab6cb4a5d2f64c90702a404309265b4bdef9a06b663",6,15,0,6,0,0,0,false
"57ab5aaf06f3fa0647ef1dd293a595588f1e5d5c091b92cedd9752d0a9483502",7,6,0,6,0,0,0,false
"57b9f8e3f6f3ca6def429b70572b0b27db49286f605e41feced78d3b2c26427b",17,32,0,17,0,0,0,false
"57ba0367fd7f5edd8e01a3a1c432a441d49440fdb229fb3dd835528dfc7a41fd",13,21,0,6,0,0,0,false
"57c7a9d243c54f1bcb65d7fb0c83b1b339b25e6f33832f04c71f8b8972400333",17,41,0,17,1,0,1,true
"57cfc2d4f5990f593f9543206798aa004947dda908f07e5a4cf4f447fcc9ab14",6,21,0,2,0,0,0,false
"57d4ba383624ade2ba2d1cdbe53e51c2f0fecb0aebc8d51f9d0f35fe5e81bd4b",11,12,0,2,0,0,0,false
"57d95aa36771fbff9b7b8584600d5ed8f7a422a57b73af248d5239bd62cb2383",15,25,0,10,2,0,2,true
"57e51099494c8c87313ddb86da34c855d642313877cf4222415e7f7844721878",14,20,0,6,0,0,0,false
"57ed66224f37e97589032ccda3f5e7764ea0cfbe315b26ddc5a074438f4a2043",3,0,0,3,0,0,0,false
"57fafc640bd221d5fa43621db9b6cfbaeea6996902df84b0b597d20c7cfe0d1e",11,21,0,5,0,0,0,false
"5816be5b8f9232cf5cd0045494751d13f942481d5ce3a2f7f7e70c4dd2614081",24,37,0,23,0,0,0,false
"581a6401e17ec217988954ef107b58ef09c3e6e9b3141712c2f33394191cc6dc",2,11,1,2,0,1,0,true
"582966d042d0961a21edbb479941f45c17de311cb7f8e9b03a3aeacaeb4b2ffc",11,11,0,5,0,0,0,false
"582a5b626075d0a8a4a031721e0af8383a7a62640d3183dbb699f4f14120e0b8",18,30,1,10,0,1,0,true
"583db66d58f32cd59925ca731ccef2f78143d3a744ae8d4c6f63ee8b16e91950",47,95,0,46,1,0,1,true
"585699775ab8f0d38bea153e4c8d845d9405c6906063e3fc4c1414c120ab58f5",4,9,0,1,0,0,0,false
"585ee96a14a871f2ed06085dcc1de69663a64b58a0700c3a1cd116aee84eaf32",29,44,0,11,0,0,0,false
"586bb0bffd6534891bf91d63745e8890eda4adfc573329492a991b88241085f0",5,10,0,3,0,0,0,false
"5886ea011f2ff7d928ce3cc8950457369e7666701d27a654eace29d084dd8a2d",5,12,0,5,0,0,0,false
"58982b1a840b3563fe1f82e06391ea7597c3f9364e422d22d9fa5c373cf99368",7,28,0,0,0,0,0,false
"58afd9bd9f4432b20c96478c4b7c640fb9cc25fe6bf382ca27a94576c9f6d2c2",17,23,0,14,1,0,1,true
"58ca04ba61cdd5b393228ff135de8976c8f2c0841e7dd8e3ec21b8383d652c3e",30,33,0,30,0,0,0,false
"58cc3d8407670cd466cd239a31348214e229ad1a0bb75aca20d80481809d2a10",9,14,1,3,0,1,0,true
"58cd38e9b35df999b37877358faef5587db6d1e2eaf2d71e5f65bcacdf0c7f43",6,9,1,5,0,1,0,true
"58efcad74b3c8a190ebc6c3e18daa0b7ee2a268bd2331fd2a4c954fbe52951cd",11,24,0,6,2,0,2,true
"58f3e6a1d1d38eda9976e0e4db0b537d73c126773e4f48e97301582041d1da6c",2,5,0,1,0,0,0,false
"58f7a2be128724e708d67b9d05eab416f69b42eff53f5346ac96d34c75af0386",25,31,0,11,0,0,0,false
"58f7fa8ec9a5c6c27284cf36481388aad0c2ed2f592715ad58c39766dcf7a0ff",14,18,0,7,2,0,2,true
"590f878596a060e90fc0135b500fd62c0bffb2a18f6367ab6fdcb7e5cbd48dab",4,20,0,0,0,0,0,false
"591687ef484574f148f99380dcc39ccc41c217ae2fe80f67877fd24d43d60953",13,22,0,9,0,0,0,false
"5919709af7d577d04d9500a01c4e407cbb9d194fd535079f874f2ead11355f3b",1,1,0,1,0,0,0,false
"59323fdd0bcc2b41d2a0f962b5f2e10cf8a69784fa0e4d1784639630e66c9ff7",5,13,0,5,0,0,0,false
"5939f818e9d57ee392ea66aef9197333459d5d535b26eb595d5729be5d7a2a5e",9,14,1,3,0,1,0,true
"594d9a620b65b4cfcfe75a030b889664495bc5dc88652cd48a2ac13e57276ba6",5,12,0,4,0,0,0,false
"596ace8b855436478512821a2e0ecb02973b1bad0a4057dc541fd0ca4d7cf037",18,35,0,7,0,0,0,false
"5991ae59e65b0d1e3a222939cabf197d80c41ee09a5e62fe4f7ed1526623a864",17,25,3,17,0,3,0,true
"59abe7b0ec5fcc8284a82e7c36662828379f3a1777995d5222ce811328b25864",14,26,0,6,0,0,0,false
"59c75ad40be2e9fdffc34d168c0204244cb21ec0da04bc0c9a3a1732709c31dd",44,52,0,30,0,0,0,false
"59de8611f2e880e8586e5f6f19ac1d3c3174a09aaf79c768c4d021722d7a8a21",15,29,0,5,1,0,1,true
"59e774161809a88eacbc0265768b7601bc7bab756e43970b75016e1cfec1d1ef",12,20,0,8,0,0,0,false
"59ec54411399933846ee969249f904e46ef9740d955dfe419f01f524e3ba2304",8,19,0,2,0,0,0,false
"59f2770418c366ea3099b5b9ad5d6366f2ccf5213ce866508a280b38e4d9cefd",1,3,0,1,0,0,0,false
"59f947219edeae772f46b7371151a4d07e6d09228bdc506b1913d054d9945df5",13,19,0,8,0,0,0,false
"59fb1398e06aadc700968e0846063ce303a833c2c24c94df3cb0f3f7d588d886",6,11,0,3,0,0,0,false
"5a0b997df68146ed258c2d781aff3a6579cf97f8c0e7341895e5df425b28aeb8",3,9,0,1,0,0,0,false
"5a18396ce92fcd207d47f3efca7e17531a6801c45f8cfcd9fa1fb7bb85ea8a86",6,12,0,5,0,0,0,false
"5a37631f2c1bd57f131848db266bbad707d500005beaafd28757506efae12dc1",32,75,2,20,0,1,0,true
"5a3be13a9b2e9e78f947376cf726a4d8c02fb69c4aad428ede35678339a07848",11,17,0,5,0,0,0,false
"5a3df1604de0ae75d29efd1e4057c827fa8813944f7ecc9b8a603e8d14ba502d",5,19,0,4,0,0,0,false
"5a4d0cf76b10809972eaca6ae1622688b88e541246a549842852b7585f5f260e",1,6,0,1,0,0,0,false
"5a51712e8b5d5a8f2c6deccdaa59665b3b770a45b4d7a79bbac5128509a02fb4",10,13,0,3,0,0,0,false
"5a6e6e2a5661c68db2ce9ba910f36ec04a49b9492ffa39f900fe4204ec964a88",4,11,0,2,0,0,0,false
"5a74ca5fb6d7ee6b051a52cdf27bd2bb9a9f3ddf1ad205dac36a123bd194ba37",11,24,0,8,0,0,0,false
"5a77e7728cf9b3bbed4e913be4a88eaee8d8e19088e9b5a7cfe15ed5a63ff1fb",14,19,0,5,3,0,3,true
"5a7cd921c7a54bfe4392ccf5013adab4008296c30971b94ea58815227fb1ef0e",16,25,0,8,0,0,0,false
"5a8560c0ea21f927a240b78f0b11504301523199429c045ebcc4d1184c611e99",9,15,0,9,1,0,1,true
"5a893b7a362f1182691280adbe7aaa9ad4040c8398b9091493a48fdc91bc30e2",5,12,0,5,0,0,0,false
"5a8d40377631e00cf68049d0492bbc19ef9807e26106651f3a7a4efc79fdfd5f",84,141,2,40,3,1,3,true
"5a9b820f9bcc458da05550a45993a9bfe007688e35803c317cba13163766ecc1",7,13,0,0,0,0,0,false
"5ade24722844ae77d2266f1f3b21fc5ea71ca256149c1ee185d2e8eed6db56c7",86,159,0,86,10,0,10,true
"5adf77faf88a6320255f8646dd9d94304814cffdf0638b318c90e488779e988b",10,23,1,6,1,1,1,true
"5af47dcbc8ffecad7efe9fec0b29f0421b659a6b7cf9ad2126e5be8b94762df9",34,58,0,15,3,0,3,true
"5afd1577414b3183f73b1bff0b53611ab7ba71fc3948c874e588d56496a1677d",32,54,0,13,3,0,3,true
"5b138f89254051734d90b94ffc37a44e363881cf8fd2647c373fe17b3c702dd9",5,12,0,3,0,0,0,false
"5b1a26f00242495c732015de34a263e5f6cd3f04a58c69f6805ba1c1f8bb7087",6,8,0,3,0,0,0,false
"5b22c9441926f69988739aa9b398321ce74e2f5efba5001434433d6d8f17d36e",20,42,0,20,0,0,0,false
"5b2d3cc7a23068ad4de77a1656ed95706b4822be3ab0b4deefff64a0f0a89504",17,21,0,8,3,0,3,true
"5b40f7361366d795bb8b91dda623741bab310c018230a10361d2004b8b64b525",7,15,0,5,0,0,0,false
"5b4d43fbfc709ab0344cacb007fe3e78e7abd51767f3b7b5c53f86eabbef6518",43,73,0,24,0,0,0,false
"5b5708c1a6caca37f817d2af32832b05754d9871ea90f925288dbf2e66042f27",9,10,0,7,0,0,0,false
"5b57b11e8bb90eb4870a887cd4b272094e60221d83fd2c38a29dc8749d38f533",10,13,0,9,0,0,0,false
"5b5ca5485729fdd7bf542f34e805f6e1ffb7fae443d9398dff4a7967ff72fbfa",15,27,2,15,4,1,4,true
"5b75b0b0ca39a2086173d259e74a854eb4c35ddac4791a80672a3850ff42c192",13,18,0,5,0,0,0,false
"5b77d1ff3a1111e4d3f20f41a3979d9227ceec92c65e2f7be7e8ca456b716d21",3,3,0,2,0,0,0,false
"5b8874fa274149cde5ae5a8bd7e02f4b844626eaf50e593acb5a8bea6b78560d",18,40,0,7,2,0,2,true
"5bada0b968da7c3efab713f90f8f2daf3e1e4c800a3b69d584d6f722a930c380",14,24,0,6,0,0,0,false
"5be88647e2a91247121cc271cfd3563e68a0d2543372f89cfcea85b5f545a33f",14,18,0,6,0,0,0,false
"5c2c44a7e0401051cf6c5c09a360ad16e347df72e88febc9e3a0a9aca3b621e7",20,14,0,15,0,0,0,false
"5c2ebcb5a94ccd94a599bef03fde30e496c3b3ef24b2633f643bce8c8157562f",27,36,0,14,2,0,2,true
"5c4d4fe06e462d0e3d1db136ff9a0d53cae3503fa3477db23db190f64d77cb69",1,0,0,1,0,0,0,false
"5cb341f3a0f9e6f9c80956dfcdc12c45e6b130e4e95c179c8b551212b366e9a3",27,58,0,27,0,0,0,false
"5cc12c9628b6de8aeed3905b6596ab40bdb931b02bb042e7cea2ff7c17d7cdc0",1,0,0,1,0,0,0,false
"5cd0191c27f93ec6e85d50f8a55842dc20e1ac52047d9b37e2f93ec7073a4cd6",17,81,0,16,3,0,3,true
"5cd3db1eca19b2829b1b5fa2e25916062d34a4c9dabc5211618816b60c5cd8e1",7,18,0,1,0,0,0,false
"5ceafa31a0f6b15f21bc83d6fe90069fe7b92847da064d809db129563597e03f",8,23,0,7,0,0,0,false
"5ceb765c68e75956ae8f747ec600a4519bf0852f276b8db1f4ea95ee4be3d172",49,82,8,47,1,8,1,true
"5d07998062ac4696132c6f02626be8c613676dfbbbb1f38bff066b6fe24d6538",3,7,0,3,1,0,1,true
"5d083d73612ee50ee02a187b38f230b1645b22d59712595ccf6b99fb6b0dd86e",12,23,1,5,2,1,2,true
"5d34e7d64a95c4c9d23140de8459581345858edfa1045b3157ae6241034dedeb",13,26,0,5,0,0,0,false
"5d3f8300b13fe373bcab015c6ac46a350916f82e5e4dd702c290bbd938105f2b",4,5,0,1,0,0,0,false
"5d69995a76fcd345f216195906a041617c603d39d735ce6117405b84cb5ddac0",20,33,0,17,1,0,1,true
"5d7e3d16c78437f14fc032d0d08962e9fb0a4ec426b9deb7ff38b081ff283d57",44,80,0,26,3,0,3,true
"5d96f2bbf25962809ef6fabaa003dd621c85e2236d9831e8e0a96a2003469a3f",11,12,0,11,0,0,0,false
"5d9afb4e7c44a1cd0f5d232012c9109b917ab005ff34a5299cc7c76e8c08a851",38,77,0,31,0,0,0,false
"5da7cf0c75376bc8966dc664dbd40180d035b239e982652db31eaa7f4b3afe42",17,24,0,9,2,0,2,true
"5dabc6595d37b9fdcfb7cb245753e1c9ff58a41884ee6913446093d97aa0f233",10,37,0,9,0,0,0,false
"5db738b05d9148128a240b0e2c1cb935c2805192bf98a579421aacda364c8dae",12,12,0,12,0,0,0,false
"5dc0ff432c6c1992d1e3a78cdfa3f8f791bda2b98c5e0e768d7130efa3adb70c",25,41,1,21,0,1,0,true
"5ddca515fac7dcab2e5501cbda11ed77ef80c9656c63147395038db5aa2ef1d9",8,14,1,8,0,1,0,true
"5dde0115b085976a1b45c4366c7b0f90364e0289c5119ce84d4fdcdadf703943",10,15,0,9,0,0,0,false
"5df0a59c957c2fca54b672c7be2613886d88d560e3ad475e0634bac45edb9129",5,6,0,5,1,0,1,true
"5e0a411e923055be7315780b2edecdd86c7ba65e938d35ac72f60b206b87da93",3,5,0,3,0,0,0,false
"5e0bff5a29e2473b5289fe96aeb59b48ac335e5e87c46632b53be1f662447d2c",12,23,0,12,0,0,0,false
"5e1ba8a63ba026ffb8616e329987bbe744f51a930809ff9f1c15b66b7a2f2353",4,7,1,2,0,1,0,true
"5e23820ef39d9eeb42b5e7f0833b0303a9a4b11b55e43b05584355e173c411fa",16,19,0,16,0,0,0,false
"5e36f06c16479a292140752a66fc121b2cec12e596f1d6101e0e10718fcb48a0",7,22,0,0,0,0,0,false
"5e39f2786c2fc54422cf981d7123c098b94f1a1d744e5d9455a3feec6330bb97",12,32,0,2,0,0,0,false
"5e5b82ee95c4b65051f36deee12df838a767f6de941689313e3d8434a0ac8d01",3,5,0,2,0,0,0,false
"5e5ef70cfb649d69e8b11104a454bf65d8d932a59dbd166c5e1091c12899729a",22,38,7,22,0,2,0,true
"5e73da950717eee3b5a32421ba45f5f65c0e37a495bf5d518643900909ae716e",13,21,0,6,0,0,0,false
"5e93d22c9e19b254dae5474aebbb65a39f2f53b3b1d4371c58281987e1e29945",10,12,0,10,0,0,0,false
"5ecd9779a93a4d2286d35654eeb3d12989ceba746530c413e1cb5189e33992cc",18,4,0,17,0,0,0,false
"5ecedfd009f076eb26e32cebed132f43fcdaef1c1afc873759a0e13f7e4f918e",7,9,0,3,0,0,0,false
"5ee8f4da9fb5aa9f0df9a31a4ffe719b76da8ad3e568c223fe13df8401303187",2,8,0,0,0,0,0,false
"5ef6c0d9881dfa07a8c444b624385d58f4dec3c0258c423a283d6cf3d4d0473e",10,4,0,10,0,0,0,false
"5f03a001f6123a6905b9b8d271fdae7410b9c3dbec2252fa271d277b0705d86a",13,27,1,12,0,1,0,true
"5f26c824d48b1e6bd55bc790fd3e3d1c96b41f6233a7814f3e76313fae080d5b",37,66,0,36,4,0,4,true
"5f282727241236895dcb33542ca855badf0b5c7027b05ad9a3f19bf28e185afd",17,18,0,10,0,0,0,false
"5f72dd9ce62f3c7e3f7c21d428c5a1e7284edbbdeae9a7ec3e3727a6b98ef285",10,13,0,2,0,0,0,false
"5f7bc3f7da81fcaaf721d192bd69377a241fca674f056734ca06295953de5946",9,7,0,9,0,0,0,false
"5f7d2d3b842ed82de5d15c530495ffd9f501869286dc8144c4fa058d84141806",2,5,0,2,0,0,0,false
"5f855f42baa51a549871658e773f88e565daaa412db72717016c774ddd5ce9fd",27,43,7,27,0,2,0,true
"5f85b5ca8888347990b7d6384a3c73dac1fc652f93086224d78dbadfc934d729",13,22,0,8,0,0,0,false
"5f8f8c8c0e3d2f7b5700d5a5d0eb2412f69a2a96b91c4d6096caa773bb9b9d5f",26,43,7,26,0,2,0,true
"5f9633178daff14efa7f6a1684abff25ea57cbe50be77fae739af5023acc1b4d",11,15,0,4,0,0,0,false
"5fb4102e0e08593eb91c7c6139efb0bdbc8302ab3012f253d06c39168773bae8",14,20,0,14,0,0,0,false
"5fc4441a1f114f0d2e52578bafd95f56f2f2b67751cc08961a690b80e6fd61f9",11,12,0,7,3,0,3,true
"5fd9b2dff5d1273980f75c1dad48aff77ad95eff3d7278994bfb59803fdbad04",3,9,0,1,0,0,0,false
"5fde181d1ecf87859cb5936484829ff8e673d8f553d8909e9f49b3d4009eb38d",20,30,0,8,0,0,0,false
"5ff6825ada1bf1a1089b585799045bd2479392347b60ddda77ace7d2c6bb38a9",4,10,0,3,0,0,0,false
"60332ba12801eda65874e9afdbfdf8d114f56011fe7d1f902103cd7767c547d4",5,11,1,2,0,1,0,true
"60353edc14f1370441b9a82fab42d104dc488c2a0448a35952b828d4740ef732",5,9,0,0,0,0,0,false
"603cf5fcd9a116855e530bab77877b0e6fbd48f767824908f8eed7b3491bee47",7,16,0,7,0,0,0,false
"604de02c83c390d740cfda02703ba50321c593610dbc9641ab6760310f26f623",13,22,0,5,0,0,0,false
"606b6c95ae37aa0d0dc763d67f3073e1ee58371222715ab6e3c55fd62af61659",4,6,0,3,0,0,0,false
"6086307a98dfe02cf67874c8bdfa5fcdcb3354ecad2cf23eca0add65bb4ff9ca",10,27,0,10,1,0,1,true
"60a06a8d42a07388f9acaa2fbdd1f5897181f6fc826eb07c52f2a4ebf4a54279",6,12,0,0,0,0,0,false
"60b8687fa152f1ba555fa24e64d0ee9e87b622feead2822a3e8a9061b2cd158a",11,23,2,8,0,1,0,true
"60c64fb9c0a26e5a2c81282b57a54dd325fb91609123fe6e1a524ebb43377e11",14,27,0,11,0,0,0,false
"60d7ce6298c735c6afdaafb7f0b1af97db2c566d2389ba08787364b95d65b9a0",2,3,0,1,1,0,1,true
"60e5a17111ae7f33b3c626e0f9e1cdf0b609e0e8bd77e8bcf3578a6ebcbd6543",19,34,0,14,0,0,0,false
"60eb6b4b9159841d074b81d8555c20a94db4c0473ef405eee116f2f072f88416",5,15,0,1,0,0,0,false
"610092b165e288c5a615201bee4ac75dae663066a2c2900857a88d61f35404f8",4,28,0,1,0,0,0,false
"61079ef75168714c8472d492313197c7b8f8375832f060c0e186d140b13c5c6b",42,70,0,42,3,0,3,true
"61413bd99b4403a49a2ecf45df4a107948569911178b8c7da7bbb82f8b662a09",5,13,0,1,0,0,0,false
"6157296d6d43c9a66d1be3d9c20439a1aa98a34ba9cd9e62177709aecd79a56e",6,12,0,5,0,0,0,false
"61622d86491f13225db35a5e6867c66cf08eb99cf5d25e7db8ae8e504bb0e78c",6,5,0,3,0,0,0,false
"617e436d99269ef361e2dbcce398a4fffc6b170a5d110ef84fbd99716504239b",68,107,1,37,0,1,0,true
"61a8c28007732dc52bbbb2c8aa3b880c839594ad45ab85de1fab671bbcae9b0e",3,9,0,1,0,0,0,false
"61b3a195cffcaa12b74442b7392f3a08bc00427c84c96f04a75c576821befb7d",12,18,0,8,0,0,0,false
"61bbc68d7bbe96e8da09af2a6a21ec5ff078cfbda8ef1bb08cf4198cd6e94b48",13,23,0,4,1,0,1,true
"61db354e1479556eac04f5f45d30f3a3c06c9847c512cc53fcbe320a6cdb8818",1,1,0,1,0,0,0,false
"61dcbacf1b941740ae2f332ba25f9d6c924092f47ece5302e0ec518d1f322ed4",19,32,0,10,0,0,0,false
"61e1fc5401a7b22418c2bd3bc5bd2c07241e4dae098c587c89f3f666aca12e37",34,75,3,21,1,3,1,true
"61f3ec45073b00a29bce98268932a9dcfa4f803efd2a425e0938d44047608b4d",1,2,0,1,0,0,0,false
"61fcaa95e0aee0d9b0c0cc4c1247e1088cb961f3f557fcdf7ab3f7abe97ad43b",18,24,0,7,1,0,1,true
"62028851ed2b4bb1d038c283895f61fc95f7e06ec9b246bbf378a61a94b79482",72,152,1,48,0,1,0,true
"6203d68fa729d303b69113e8d95d2ece3c0aeebe8f6eb2542500afc0efbd838a",16,20,0,10,0,0,0,false
"6209e220942b05d0bf2b4498accad538bc7b4a1602a19440627bc2b1a2197567",7,9,0,7,0,0,0,false
"62182cd72e7d7552346d8946680ed09a283ee951c7b5f32aeb19477e0fdfe8c0",3,3,0,2,0,0,0,false
"622739940e49192c25287ae4a4a54b95bf595d51b3fc46184772b978b77ae33d",6,17,0,1,0,0,0,false
"6228d40b1f245ad5fa36be7efe7c65490d3ac5921a8b0231bf9644c83fccf78e",3,9,0,0,0,0,0,false
"622bf8cacd4419b6c3fca054359e3294beb2b3aea40f0dd57149b903289cd4b8",1,7,0,1,0,0,0,false
"622e38ad4ed18eaf5f2561e74c8f6d8ff860dbf5cb976baf295cea78508eb362",13,25,0,6,1,0,1,true
"62390cd3fba43a2ee0cf349da3e186b59e8e5338c71d57114256e184e418ca45",9,14,0,6,0,0,0,false
"624b7ae20ae7a6f497d115ecb194fd753ae7660f3b6e1404b9c403657d26fc30",15,36,0,7,1,0,1,true
"62725bc1eca1a53f9120caff6590a6f354ea7d7fe7bb0877318111085eefd982",5,13,0,5,0,0,0,false
"6273b6eee1ca533dc40ed557e90dd81825d15ed0a79317bceea79940ade0acaa",3,6,0,3,0,0,0,false
"628be106fe3b32209cfdebd06b527c523d1df6f0516cb4eff58692e4b580eaef",4,10,0,1,0,0,0,false
"62a9ead1e7bc48e876c0915deba8eb29bfd06d8ba1a3638068af24cb44eb24fa",11,20,0,6,0,0,0,false
"62b298663e3e1a906ff35d7647095de3129c689f60bcd651d1a3fa64d70e63d8",18,20,0,10,0,0,0,false
"62e6f978082b327d89dba563a673e2c9626187dbaff9dc580f85ace48b34226b",8,23,0,6,0,0,0,false
"62e8089edc7842fffb1bf6394a40b25238f721ea1d4d113311984047acbd4ab1",28,46,0,22,0,0,0,false
"62e9d80a10e90fddec0e60e9c5573a218b5dab94874d0b755e4934fc54cbf033",6,16,0,0,0,0,0,false
"62f4bb113c0fd19c5e11044615918063607c1155b1c18b55778980b343a1aac8",8,8,0,8,0,0,0,false
"62f61b32fff99f7eec052a8e573c367759f161c481a5caf0e76a10ae4617c3b4",16,33,0,9,0,0,0,false
"630b0e919ab7fc1e103ba51664034bee109cef85a2e6afced6839c9a3ab45c26",14,31,2,6,0,2,0,true
"630bc19134e656667f059971536ad90e43b2499804aeab8aec5c7c5690614e83",5,9,0,1,0,0,0,false
"630d8880b70b7811ee756fe6a3212022e970b0d18fdef370c516ffe98d30b4aa",23,43,0,19,1,0,1,true
"63351143b7b1e761b8e6b9e5d0e087364787f7cfedaf84dc5bd50d8a1d9268e6",16,39,0,11,0,0,0,false
"6365e9fc6983253bd858a36e8e2f8cb6d527ab1ec7a7a85ea6d206cc8f38d7e0",34,57,0,14,3,0,3,true
"637df77d12c8e666032990e94158ccf133369fc1f04569a87d252622e1accf33",10,21,0,10,0,0,0,false
"63a0f2a7d1b44b029cbfffffdedaf5d0466f7666f5e122eadc20d902c2f1a0f8",88,140,1,49,0,1,0,true
"63cc9ddab3b68f0bdf7d8a8db4d8cd2eeefd3ac6c1ca7e87204abcf956463e29",20,40,1,19,3,1,3,true
"63d0345d3f5ed8666bdd5d73b8d9541d1e92e4db9837bd589095063e3730b571",43,55,2,21,3,2,3,true
"63d95c0dd0c042c283a09013cec8e36a0731fe75a97165c98954928122bd11a8",86,159,0,86,10,0,10,true
"63df1ccca1c074737ef66361a07eb10929a30b7774e21a6c93c81a8ebaafe676",5,10,0,0,0,0,0,false
"63ec7343aa82c66a9b515ba59a1bf38f4e5a14dbd3cd672b82b96047cc9c3192",22,31,2,11,4,2,4,true
"63f0bc7bfef41d314e668b1b4dc488e3b3cb3cc4875da18d95b6decc0ef3fb16",49,50,0,29,2,0,2,true
"6403121c24b17deed1d7f39ddbaa96119b6c9af1a6a24bc30bbddcf962c257d4",1,0,0,1,0,0,0,false
"6428017d9aef271fba623b0c1aa83f555a23b1c35a46248f40b93be65fc5193d",3,5,1,2,0,1,0,true
"6443889f3f9a35de4aa34ac83ddb9439a5fca050817895b45037e10a39607ec4",5,11,0,3,1,0,1,true
"64556e5bf8f7bb2ab9766de29bc86e53a77acab086ee84f6cd650e549c76eca3",28,35,0,24,3,0,3,true
"646a683963fcf14d4bfd0e11ba7f1e07a790d446b06c87d34af69f0ba06361a5",27,37,0,9,0,0,0,false
"647d5bca96e2b5c5d9acc6744bb76e7ba262a449611abc09c37a8202337dada7",8,15,0,4,0,0,0,false
"64905a77762512b212bceec4cde9c7e21eaf87ba9af3bad9090665bdcfdccf04",3,10,0,0,0,0,0,false
"649715de2b14df3c34a560d9ffb01deeefe029404cd3e9ab184ba22702cbed79",14,27,6,7,0,1,0,true
"64eb28154d25b613c818d825502fadf1665aae221a6f1d33bb4f84eddac09f39",10,13,0,4,0,0,0,false
"64ec785c3de749f5c6c5c0ac2de036beae42b460d778107e1f3552e95db672d6",25,32,0,12,0,0,0,false
"64ef0bc6962f06546c0e00a11877c869d78c08043f79d50ee2c09cb1b837c477",63,94,0,36,0,0,0,false
"650d8780674f5f36a12678e201d436d43fe1c87317beed9641a6704b7b4d0e93",5,10,0,0,0,0,0,false
"651d94293fba14b5534fad59d7d30dec4f8abff50489dbf418b21e03e5b7fdc6",2,3,0,2,0,0,0,false
"65300c006c7b0151043be891f1f99872a25b20529d929db38fdfed96af966ff2",12,12,0,8,1,0,1,true
"653ec64cecdcb96308de4b8e2367606ca43c30529312f0e7a2e6fa95d0478d60",25,37,0,7,0,0,0,false
"655d2314ae5e7add0887d36fa713686efb7e056d3726caa67ef2d4268f5f9e02",5,24,11,2,0,3,0,true
"657ffbcc2721737a01bbc90dc8f61641cb8a76f628cd80200731f2324a57d016",3,5,0,0,0,0,0,false
"658392af7e6d39d640ff49f252faa7216e78bd19dcda4e79b590f6f63a0aa76f",1,2,0,0,0,0,0,false
"65a79fb5351db567fb73b92c79e451d8af2e2bd7b589a555f44602455166ac84",22,46,0,4,0,0,0,false
"65b5f4a19eed8f6a6a3c802b4e06bcefbe8182d9687acc820faca8734637e4d9",20,28,1,14,3,1,3,true
"65b9c52b4ef5aa0fa5ae5c50f95e548ec9c24e495f52c9a854fe1bf1faab2c53",1,8,0,1,0,0,0,false
"65d44092f176e02e7f2f6eab4a9a60fbfc4afa1dd2666d1f26cfff0decbff75b",2,2,0,0,0,0,0,false
"65e6fa754cc1edbbe365c69d8b86be71666329a8283b5305ac34efafdbfd28cd",5,9,0,2,0,0,0,false
"65f90efcee29dbcb1b2824aaa86d3a530f440bc7df4878ba70271655e8386abf",22,23,1,13,5,1,5,true
"66012cb4ee576703e78a9ca8d36c87184201f864f52d649c67f8bbfcaefd8ed5",4,8,0,0,0,0,0,false
"662b29c0a3dee2b0faa0fabb04359d03f163ad3d3d1a1f53c9986337678ce347",1,2,0,1,0,0,0,false
"663350a90dc668a16f3ff923929756a8724e42d7b09955d338a2e2203121bd8a",33,31,0,19,0,0,0,false
"663c25947926c532d634a25fa8de7fc3ea09acceb82cc87b98a5f2a0382d4d16",1,3,0,0,0,0,0,false
"667ccb3892f78f7daeb63bb9539ab4236622ed521efe78d8280f0937cd5af111",74,155,1,52,0,1,0,true
"66941a8ceb262cf8e8227e573dfd80486820abf2a89423b7fc06c10be4ec723e",13,26,0,5,0,0,0,false
"66951f718a7bea5e52fe51e630190029805d5b43e7c80d56ebdd045671230582",19,24,0,9,0,0,0,false
"66a5efe73bd43cef306bc06656d8c9bbbe51e4bd1a481265398208bd1ea924b9",7,18,6,2,0,3,0,true
"66b3c51dc6e3c4250e6e5e45cf2bef463df6895f4deffe99f3a6eb52d8cad964",86,159,0,86,10,0,10,true
"66bf900137ba37d11b69eb7b7213564f5016508176c224f8340b077c4a9ef2b5",13,24,0,5,0,0,0,false
"66d27fbdd4477eecd2a8d60752b19e3c78056e4216afcf4ba9446243941b75a8",41,81,0,40,1,0,1,true
"66e25b075aac163445934c3d197965d4ad3ad332ae934108173a0ee83baf25a2",5,26,0,1,0,0,0,false
"66ee47c4c9d92d4e92eebc1971fb635d769dd8812744e2b651ef48c3f8bcaecd",9,19,0,3,2,0,2,true
"66ef2e49157eebe509bf949afd3014bd3bf135cdb29ea8f0f483b7c41f67d836",7,10,0,3,0,0,0,false
"6707ac183cbb34eb8186a5a22e71fec95d2dcf3f3a4ee9fc01e07a924f1c3320",12,15,0,5,0,0,0,false
"67198f14bac70b8ceaefa761b7b811a16e4615e98cfdd40d5776519b7ba8da0e",8,16,0,8,1,0,1,true
"67338d2e0e987936a5b718a3fabf40dec74c9334cd9982528503d486510d90be",13,23,0,5,0,0,0,false
"6737c2d687a21643495d20f84fbcd10e76ca08c92d4c2e494c24829456abb837",12,24,0,3,0,0,0,false
"6762274af104a393279fec043126682779654c23d35314b59f1508b55f080da1",24,31,0,15,0,0,0,false
"676b4c9260b694aaf448639f581de3bd4dc71b4553d03fc457b63fbc9a9d55fb",4,10,0,4,0,0,0,false
"67848b7ab5a32ea5b0410d16393b5d4e79f68266571272a3aff4edf5ec67483c",20,29,0,20,2,0,2,true
"67891eb9f8845b16106e807f8d63330e8e92bbee4839517c022ae32bc2907c4f",10,13,2,0,0,1,0,true
"6792e234897d13a25e47190a6b392bccfac691f8ebc614d48f6db6f82abf321b",50,97,0,37,0,0,0,false
"67a5d3f216b4ad95bbe63514935a2346b0e3db69cc8ae02cfe81f5ab21b0bb84",7,15,0,3,0,0,0,false
"67a5f23155040d633384e146e5f59ac10b9e68a6ff46cec983e4b05a9e027c77",44,98,2,44,1,1,1,true
"67ba2a36d61df77053d628f4f6bea50d300caa972fe0d9c539ace9636369f484",12,18,4,9,0,2,0,true
"67cee179a2bff4f3f536cfc340e42e9f284b64759513a0c716d6405bb27cc33f",12,19,0,4,0,0,0,false
"67d066d9daf1fa6e33191548a61068d1e20f5427482ae923d4a7c8b0d51efaf2",22,45,0,22,2,0,2,true
"67d1d9e4b61fbf2038af20f0838eb0600f87de50a05ee9bc4e23e52427ed9261",8,21,0,4,1,0,1,true
"67d9f757d67b18605c38d62e1e8c54f3749755080d44b6f498d9e13efa86a541",5,14,0,2,1,0,1,true
"67dd54abf2778ae66e0c26d02560368209fe3e4ae1475c8e2463d4010185d70e",12,13,0,12,0,0,0,false
"67f18d2e5acbc1d316fd16698a887cb732386c6a8d606638fda3f840759f4823",12,15,0,2,0,0,0,false
"680b9ccf2416bfd941962bc751921cc6c2a9abfdb520f68b2df950a1bbd41258",35,55,0,15,0,0,0,false
"681a99952884be9b0e1e8b56ed65319dfa2627eef9e29fcedc9d7e43d1b3333d",11,13,0,11,0,0,0,false
"6835c23806075288284c89e133b271a3ac9c61977fbe49121f92c5431f29a0e7",9,13,0,2,1,0,1,true
"684580d7c3c2f2f7e2d85072ad695be32787570be0e3aaccee9f19c8b1756c48",24,41,0,20,2,0,2,true
"684992450b307e3ceb4615974a454973f04fd80d30846b949d34931b93e3437e",5,13,3,4,0,1,0,true
"6852adf6f78315fa368c77f260d4943d3f0ae7032f63267426639d499bc5a39f",7,6,0,5,0,0,0,false
"687248b653fb19b39434c11e07e8d585f28529c06995f24fa714ce2d1d180bda",3,9,0,0,0,0,0,false
"68751cc711c68f2f41ae3690d8975107e758f8ab0fec63780e0bf60a5ab9ee06",10,13,0,9,0,0,0,false
"6879e50db141f6a2b281375e871869dcff02c935f32da13330aa2ed7738b1f19",11,25,0,11,0,0,0,false
"687c1c4ff91e363c65343b0ba748179ac24e1d62ca77e8813476cb70aaa3458d",23,49,0,23,0,0,0,false
"688bb9ae32c2b30fdf3f253d93e8a4b5e4867b0114c466649979390335f4e216",15,29,0,5,1,0,1,true
"6890f00ee44367eb94f390c7d93ea5c92825313e3716784a9dc26b86b2d45188",10,16,0,3,0,0,0,false
"68dd40168c65900894788af9afaf56975e3e562cfaa136f2a91895113d265c73",11,18,0,10,0,0,0,false
"68ee3f8fd6c153ba96fc6fdd0fbcab80fd16d301c231928307acc51903885fc3",18,31,0,9,0,0,0,false
"68f7af0a5e81f11f5318d7c71b17be154e409d8b158cd7036d2b67b6e9e25e4a",3,8,0,2,0,0,0,false
"68fa8f09c7b16b08d043f7e4fb1edffb47fe0aaffcb37c3cbc8b86d1be4fd515",19,38,0,19,0,0,0,false
"693c54a3acb11cd87fd707805c9ef5ef967c874441b2431ab7fce60a6b7677b0",5,5,0,5,0,0,0,false
"6941bcc7ece66828be93d2d4156926813ab091bb58efede1e6ee900f5783fe20",15,21,0,7,1,0,1,true
"695d02ade60aca5ca9bb1c6e7ee34907fc77d77cf0003fe235226798ffce3ee9",11,13,0,3,0,0,0,false
"695da0050d5481fe1a1dc0edc94792223b4a152b80f8a1e360ec05a773c06196",7,25,0,3,0,0,0,false
"697ae975fc32a2f25092b0979a3fff887a631a114044bcc90085b7f9c632076f",15,25,2,15,0,1,0,true
"698367b09ddb1ddb858d03ad820be4e52c481d0b58c2c1332738658f5f61b6ed",21,24,0,8,0,0,0,false
"69909a7c5ad44ebad7206c2c081b8ddc13dd637f2f15039b9cfa2f1411a2f869",33,58,0,14,3,0,3,true
"699dfd1ae67575da411f086ee86799ea76db953f3c5117de82fb6466eac8fe87",15,27,0,6,0,0,0,false
"69da8179d8caa50bda8b51c3698e502bf65f03b080c550454159b448b853cfa9",11,12,0,7,3,0,3,true
"69e35766bdc41278104b559333f9faa69571c11a8a5fe56b2186b904f414a879",15,8,0,14,1,0,1,true
"6a2feb8065c1858db5e767139f71b75cf5f6ae1c157141377411e02f2a98ff6c",11,27,0,2,0,0,0,false
"6a433cd05fd11dabb3e712efbbc1fd017791b1507d7c9e9b5c6cc96a4b9492ea",12,24,0,3,0,0,0,false
"6a4e054cac529c7049803bf751394a06fe9b60e13e9031dff454c56eefe307a6",14,33,0,12,0,0,0,false
"6a4f056bebbc750d6afab383844ef18fa32cb636421d072f0c953f579594c7bd",7,10,0,0,0,0,0,false
"6a87a672730e37dd863b74282167d513b4b30987f9eed9ff8eed4423ac6e9906",8,23,0,7,0,0,0,false
"6a87d738c5b1b5234dd81d33ccf7a7fe657e5c8c80fa8883a90856cd44d7888e",9,7,0,9,0,0,0,false
"6a936eab006fb9c2ba597456488a46f6da0c1af542e2427c7ac7b81efc8d0d21",7,13,0,7,1,0,1,true
"6aa5a2797c77f8535d5bb280d1316dfc6dd04510f0e0379ee40b912176501f5c",3,9,0,0,0,0,0,false
"6ac2f94e19146bedb76c356ccd5af6450f1073891e5915457076836b8f887cca",5,34,0,1,0,0,0,false
"6ad1439a0e8a63f2054dba8caf49209285a264495df5ef501b22c618b220d470",6,16,0,1,0,0,0,false
"6ad505bc7db75ba3c8d0ed4a0a777232a71fc2a450509c84742f561342335c53",6,12,0,0,0,0,0,false
"6ada72380e9f86661f21b46437071024c96e015c5a5671ebd9ba9d0ff1b193ff",1,0,0,1,0,0,0,false
"6add8b6ae6d23f23de1b40a6ca52d7dd572f2b2ddee46e029ed8713c528389d3",109,166,25,97,7,6,7,true
"6b1454e7837d2b3abd654fa65ba0f8b09dcf0a47b4587aeb330099ee41549f8f",7,4,0,3,1,0,1,true
"6b1e7b98bd136e5482654d14e365ce633573ef9c3e83e8f67b006cbf7645ff1c",14,23,0,7,0,0,0,false
"6b35ee2504b4781dd8eefab0920968485fcffabeb02b768d9eb6da3c2821f215",7,7,0,4,0,0,0,false
"6b486eb3a11fb9852821e82eb01b894121bf3fcd534d41b3f76f73ab17246324",67,123,5,27,4,4,4,true
"6b5c9904d0a4b9a6013016e1535ac72b0a24a7580985f555cdbc1cf5077e3403",12,28,0,5,2,0,2,true
"6b6c191902bc48bbe4b4611ff87c9906c2ff15630fa2c32f8497833da2b86783",18,30,0,18,1,0,1,true
"6b6df6a300d9bb17fa68a2d66a7f64de01048dc5bfc6b6aa2c4e61544408a166",5,14,0,3,0,0,0,false
"6b70d6615a6f18b4aed674b7b667ac95f495d624411cc1506d84ff96a561d85b",13,30,1,12,0,1,0,true
"6b870017bca9322c8121ff0ac65f7175f7b18ff0f0a702902ebb938ab1ea12f8",66,158,0,64,1,0,1,true
"6b8f1bf7b6741d053cab0987c2fdede2350d39d24abb250f4e686d2b87d12255",32,75,2,20,0,1,0,true
"6b9ef0f570e482869fc5b42bad0e045a20c0c813bdd9e2fd25849dcf62919535",4,6,0,3,0,0,0,false
"6ba93bf4a5b385b6d0846e2679a53b6627c678492165b006afcae06cd57b8820",7,15,0,6,0,0,0,false
"6bb5e9008b05099dc34415bf031823f42c09c0b0c9c87c5b886e8f64aab6e221",30,30,1,23,8,1,8,true
"6bb812ad7afd52c363fafdc05fb7d4c996051113037261341702e9e737e29b4d",11,11,0,11,0,0,0,false
"6bbf5e26fd8f99370534f976a11ce10a7cdf8c66a2621f4b0af78c93b436d25b",54,95,0,28,1,0,1,true
"6bcd873c62564c2872dc60e833fb90b49882e76a4e31161b6314744b81c6d3de",44,80,0,41,0,0,0,false
"6bd075a1f2449ee957a00bf9020fec4e6d9a9c15a73799283f9afa5fbf8748f3",14,23,0,14,3,0,3,true
"6beba0da35a8458b5d0b819f5db98d3aed2a1489e2ec9ea0441c3ed565ca665f",7,10,0,7,0,0,0,false
"6bf962495d6d7b90926ea689c5eeb249b15f7201dc25ab1505f08d439b2f2bd7",14,27,0,14,0,0,0,false
"6c080f2f541bd4117f7480f20ad0ffc94abac1bc6fbf05bbb3e1c7eef9cce77e",18,35,0,7,0,0,0,false
"6c19d2b024c9a5f9bdfd00126160c280056e345e8856477a997eb6b6bcd46959",34,57,0,14,3,0,3,true
"6c23f6ffb33a207b54043a9b255313be228702dea4b82a76b57d292272f335cf",40,66,2,40,3,2,3,true
"6c3436c781e84d1f50221c50d8344e3710c446fd74515aeef0fad1a3193eb9bc",13,21,0,13,0,0,0,false
"6c3707e9ff8a9ad0ecf595aeebb531b97c1d53351b82a694186707dde1f1d0c8",10,49,0,0,0,0,0,false
"6c4696c72b22014b27a34ce07958288a0afbf1b59755598764f9f85b34f17593",9,13,2,0,0,1,0,true
"6c47b86b587e898b527c93c75bfb13956a3a791b321ec98de6a781951fc175b3",6,7,0,6,0,0,0,false
"6c486f586a9079dca056c495335e341c3ac5c017b3e3a78110025a5a39bfbf85",14,26,0,10,0,0,0,false
"6c49b117008fc835a24fe932c85228c63ca6f5c2fd4511d728a164a913067d21",11,13,0,10,0,0,0,false
"6c4abe57ad2f83905e74a334a0b0c8191a2cc8bfb59ea46c95e4f84fe1c45697",1,0,0,1,0,0,0,false
"6c591b8fe50ac60c2959f0ede4c3e430c74aa297abc69234d6383076712d4f7d",7,12,0,2,0,0,0,false
"6c5a20825c0ff9fc639e53ae07cff68a36097c8de168335425967b23aa248750",1,1,0,1,0,0,0,false
"6c6224428fdbfd6194d861f5948298183630985eb9dac67646b7bf63b8f793fb",16,31,0,13,1,0,1,true
"6c76bf1716f23b7dca45b30892e74bcb09e86e4269a852b65680d34cfadd133d",16,33,0,7,0,0,0,false
"6c78a6b1ced100fdab17b249808b371b2c2ba49d2bd25843a2e9b51b80379658",29,48,0,25,0,0,0,false
"6c8012acf17efbf551b4c2bd8beb6241d3942dda42b686be669111fefa745ada",3,6,0,1,0,0,0,false
"6c81036b622173c645174af4187ae79a52afe9d0f8982812c1c29fc9d04d2339",2,12,0,2,0,0,0,false
"6c83329a13014736589fbfd2af4ba99c080eab87ffc2cdf5d2df20b1c31e7448",1,5,0,1,0,0,0,false
"6c83fa459352917c32ba2877a4f2e9c887ff866ec10b4a68c968d0aefd5dc8b3",21,33,0,13,0,0,0,false
"6c960f14531a26ce8bd1a8aa37721e1f030092dc7f88920d6534a6943df04366",2,3,0,1,0,0,0,false
"6ca534f4b6fa978460b9259d3c5b3168b92315bfee7cc38d799d8cdb88910701",4,12,0,2,0,0,0,false
"6cd110317686f52f57d3827f4941e17a21fde1fba9576ae7697cbd7f22b7927b",21,46,0,10,1,0,1,true
"6cdb9a3cdeec01a113c50e311218eeb0991aff8f7b379f556badca2b49b1eb01",15,24,0,6,0,0,0,false
"6d0bfb4b5743b4c7355022d34fe71bad4e5694136304801bbe613d6bb564f706",8,23,0,7,0,0,0,false
"6d54a8f37ce175e07f1c6b124de4d9ccb5950bd3d982339c7597bede75703013",2,3,0,1,0,0,0,false
"6d6567610a6e51124707b379b7dbe14f2a60fb81669321272a203140dc4674ec",8,17,2,8,0,2,0,true
"6d661991960c4462d165c7e799b08e9b89c8cf1ebaac547e3e05d49d1ddbc8fc",1,1,0,1,0,0,0,false
"6d6e4f3b2465a0ed9def2beb7ed9214ff07755f959d3d5ab7a2558134ed261ac",6,0,0,6,0,0,0,false
"6db83acdd2f4eba41710d01c68a89e0880b495833579dbd95535c0bd4c0a956d",5,13,0,4,0,0,0,false
"6dba0f1f8be9035fe448ac415b3b5ec2c86a0c969c271d09c0afd328249a0529",30,36,0,17,2,0,2,true
"6dd088086079c258f62fcb9f1588c94cc7022a32f5d4618d4de9fd7cb8e2b4cd",8,17,0,7,1,0,1,true
"6de1f75c35f16154b542756df8b046ca9c62672c36cfe0d650e92c4b2322b4a8",5,4,0,2,0,0,0,false
"6de3a2c1a0172a2396ed379e98284e3e30c421c16c9f11460c53b0036fc7c6c0",4,7,1,2,0,1,0,true
"6decce7493373699d72f6aab15556b268b5d1f0b88fa0c47cef7f1dd1eccbbcb",5,10,0,2,0,0,0,false
"6e00a774d7ad80e70d4243049c23be3a8f7159dcb2a1da540140c0fee9fa6fa1",26,37,0,26,0,0,0,false
"6e2d8d51b66b6ec7d136dca948d8fc0c550eb18a7d6b4d10be8e2cad2e93ee67",4,13,0,3,0,0,0,false
"6e370b607e3ce105ae9280aa5d4953c9a08c9ef29e22d59bc6dcc58d719dce63",91,175,0,91,10,0,10,true
"6e3ed4df39ddd1c4992dcb71a5ce7c65a166ef6477b839108384a5124402c171",8,19,0,4,0,0,0,false
"6e43deaca1f03216f82567e65a258af7d647c1336aa2ea3ea1243c3539f298e3",8,36,0,7,0,0,0,false
"6e5b1644c9058f25f77fe28456d57bfabe5aef6165deb9690be67114774bd23b",4,10,0,1,0,0,0,false
"6e6f87b920cb63e6115cdcd414b5afc752e3abded1b44b34754e834f4c6a6030",28,60,0,12,0,0,0,false
"6e76708fcdad6303e4a9b45b0cf069caeaa2ab2e83dce0038cae111907888d16",1,0,0,0,0,0,0,false
"6e91a60695667097fee08491f9a4ddce5c7464fa851acdf5026391eae8f4a3e6",3,7,0,1,0,0,0,false
"6e92cf3881626f2390343b37ac74eeb2abffec72459b274e68c4f8de2cfed793",3,4,0,2,1,0,1,true
"6e9661776c66eb01e4ee574abc764068532fc5444c6e4abb92404e90122b5bcf",0,0,0,0,0,0,0,false
"6e9897a0d084a6b0fb13bc719263ad808718b4417c12b6b314c1536297a46f71",5,12,0,5,0,0,0,false
"6eb010fb5779d83a858e6fc6a42679936c93e1c6aa243425eb32257231d63b8a",12,22,0,8,0,0,0,false
"6eb64c060e8d6b5f7b34bb261e1fcde8fc374c7c0f117eeec3f2eefe6fbe0bba",11,23,0,6,0,0,0,false
"6ebb55442124c605b87b4386b87e5ca520f3df70e38a54174c03d573a5455839",1,0,0,1,0,0,0,false
"6ebcc98aa39d6a40f5e8b61087fbe2c78033278e8def8a6feaa3c966f59d436f",10,15,0,6,0,0,0,false
"6ec7898ed3d34b0e25ec51e2ea430125d6b61f053cc4ff474f6b2b122bd82704",3,7,0,0,0,0,0,false
"6edb49620c7bb90745dac6645f17f2adb6b03ab00359897d8bcb93da58980479",30,75,0,30,0,0,0,false
"6f1e0e6673fa7e200ba67e2aedb0776eae831d87a4d926ea34dbfb9cd472d2d2",15,29,0,9,0,0,0,false
"6f1f20529172f3956626d13f87ab237a0364ee1f4b1c96615e2f001f4a6c617f",32,67,0,32,0,0,0,false
"6f2856e9ad21833e1c36d3ae21079d982c4d8e75c9578650d0cad954660cba7d",1,1,0,1,0,0,0,false
"6f2afa08f67a68e225a5109103c52f313e42ea0449be0a40369a4ba1a9189fc4",28,49,0,12,3,0,3,true
"6f48fbf0c78fadf29bb530a7b9493ab77e8726c9c20b8c9c3bf59834d1ea34b0",48,92,5,24,2,2,2,true
"6f4c17b3a2b3e0baa9694da40b3c4adc00e1c8a9667f3f07d409a09c9385e992",14,20,0,6,0,0,0,false
"6f6514d775b00c37af674b80e9c8f54505c631f10366a95c5a2c33c43517080c",52,112,0,50,1,0,1,true
"6f90cb9a0ee81cff03ef4aec7dbbea75eb065e79e6718d9ec27830459531e396",10,23,0,9,2,0,2,true
"6f9bcebefe68ff5ad6a25c45eae9cf26f0f160887c4dc04887c3c9b31ce5f86a",40,47,0,18,0,0,0,false
"6f9ffff186d9a15c293a08355dd576d9ad3198aa8f0f2c8bbbeaf3e522882c30",5,14,0,5,0,0,0,false
"6fc60b2769573c789f99bf217702eeca6dd9c897b90af0e7b63c4a8e181ad5e4",2,3,0,2,0,0,0,false
"6fd2e807c8b3c046420813b263f6476b35760908bcd656f5ee22c563d86000ba",50,74,0,45,0,0,0,false
"6fdf89c5fe1b4c11c5c1c85dbe3c6e7142946b1d233b7cd173b68c27882f186e",1,5,0,1,0,0,0,false
"6fe099b64855bcba2b7fc6f4cd9b0d8e6cc98743eac6cd44042fc7ef0c22e3f7",28,52,20,19,0,6,0,true
"6fe2a2db82f1057b73f4de744cc360465abe59567ce67a80a58aa0ccaf215197",5,6,0,5,0,0,0,false
"6ffe4269e914944be872263d34cfde5b48b405673e569cd15407b7e7f25ffad9",48,105,0,27,0,0,0,false
"6fff095baadc5f6ca597dceea6a5a866ae2b00955f8ad75b66a6f6691beedbbb",4,11,0,4,0,0,0,false
"701026cce8d7f6fed4166eefc934be7dc104ed5a4c6d063064e68d3ef6ea93a2",10,24,0,3,0,0,0,false
"70136467ec2a84c642f6b84447b3b7601117e0e3cbe3e81157b417aee8a0f660",6,6,0,3,0,0,0,false
"7033b8d936f3ba50cf294bb3388afffd18a404201c972e404d14dcf789636123",16,20,0,10,0,0,0,false
"70476567ae54585647c305036b2a8e375fff492ad06e38c3687d0cbbed136433",14,34,0,3,0,0,0,false
"705684fd0ec0c9de4a8dd4355c1e658d3fe7bd32904679bd067025fadc3ed0d5",16,32,0,16,0,0,0,false
"7078098cf2fbb043de3823f5bc348f2d66e1b98ad3ced2224cf9b83ee968a921",5,13,0,1,0,0,0,false
"707e03a868d58d2494b38ab43980d4184ed31fc2de9d8843862f09404b8d653d",7,13,0,4,0,0,0,false
"7086ee641b3e5ffc0259d95eb560f0c540dbeb13ea05892eb2af6f0236785ebf",9,18,0,8,0,0,0,false
"708cc40d6e46fc5134a76b914220b4694bee8f13e0b8b2cccd7aaadea19b457c",13,26,0,5,0,0,0,false
"70acbc4b72df636f4f61873363f72c93ac62517abecb7a5b906add222796e4a7",4,10,0,1,0,0,0,false
"70b2cde07dfa8638a6ed3013c50acb8b9eb74a72be92556c1f38dfc7d5bede7f",4,8,0,0,0,0,0,false
"70c6ce4faa94e9f182148508dea8c771f5910fac9ed7dca6440f29bea82454f4",18,40,0,7,2,0,2,true
"70d30acbfac2af6504f681a2b2e0daff0342e3977726b25c476f087354cb5dc9",9,21,0,8,0,0,0,false
"70e85bad378c4eaeb33449924b9f25b6c91ee486a2af1be2a102adc20301b001",11,13,0,11,0,0,0,false
"70fe44694c9fe6b0abc69a6da4858fc2aaba04fa10492a466a1d426d04ca8560",2,3,0,1,0,0,0,false
"7102ed031f18de849214de681177ac79857b99b87a3a310b80034c567afc5077",8,12,0,8,2,0,2,true
"71090c472f89de5be75036a1671bbe64c28068a10319517576865017465038ad",16,23,0,5,0,0,0,false
"711d045cec39bfd1e697ec9170f46213d59703e8fb241333f1eac41c20f22d64",16,45,0,12,0,0,0,false
"711eaa2bfb496b318eaa77215c4868522b55953b6ca8e7c9714baa2ebc92ace5",34,65,0,13,3,0,3,true
"712b076fcbdadbf30dd369e3eb0c70014fe5194b9071eaa72581af9cba791254",1,2,0,1,0,0,0,false
"713a288d91e84897d48a42bfc56aa67874c2b91a18470136bb7064808e660d88",11,16,0,6,0,0,0,false
"71648e1b8ee1231ea03c096257ed3c6d55478effbfab77b8e587a5139ab84cbe",28,40,1,14,0,1,0,true
"7167c13aee8957d92ef38398c5c087e220bad2b6888992171341cb7c0812b1b5",9,13,0,9,0,0,0,false
"7179354408bc25d9821ee005178485c62a7af21ba2b5d8b61aa65b4a3712cdc5",41,99,5,19,0,3,0,true
"717d58eea5f3c7c81f9d11b47a329fb958472e78fb52d549fd8ae30497eeaa34",20,19,0,18,0,0,0,false
"717ee2cce34c980317646c6631933e508ed93ac43f28878ee41b23a9b48df028",27,57,0,27,8,0,8,true
"7187ca902c58f14fea132ddf77316aa62924b1680d450930b15ea4e33f0a57ba",19,29,0,10,0,0,0,false
"718cdb86a1fc7371720032795f849a28223478e08e5405896aaa63d59ce0eacf",14,15,0,8,0,0,0,false
"7198fa50a8de9116329cb5b4bccd9dd24226f1bb3f7adadb3be8aedfc42cd74e",10,16,0,2,0,0,0,false
"71b4991b83beb7b39164fb507a6a2f690a082a7b1dd1f1d45209195e72604b8c",45,72,9,39,1,7,1,true
"71c274fd6c0855c1a151f7cd0a00c4f37171ea7cc4a560b24d659db4b02383bc",14,16,0,6,0,0,0,false
"71d8cc44bef953cdc5c8d20ca150d9a3239039736d6f911ddd1b60e2dde8048a",5,13,3,4,0,1,0,true
"71dce837c7f53131d16c744a78705bb5794bfe13da2954f8e8cb41ee8526a77b",6,15,0,6,0,0,0,false
"7212a1f98a3a216d327c3dc2928029aabd7591a0454e69abc8a851f231bf60c1",7,9,0,7,2,0,2,true
"721439428f8377a5454b02b4b3899483413f13e45099f1d5b12e93dcc0184e3c",29,53,0,29,4,0,4,true
"721badb85470a81d9d0a1c72dd0debb37f5f268419d4b94d125e546cc32d350e",14,33,4,10,0,2,0,true
"72323cc4d5df445d7777f90d0ca3ab55b58afbbb0fb1bdebb03755090c96b5bb",13,21,0,6,0,0,0,false
"723386432efd572798e7d5a74a6d309446047600088870a88be6203ff83ab61a",12,22,0,5,2,0,2,true
"72339ef3ba24b940e9afbab7dc472590385eba622c2f91f8d44efdbfda72fe65",5,13,0,4,0,0,0,false
"723523383575ffad246408a1d5674cbf97356b27fab5357c6e6d2081096b3cb2",10,13,0,7,3,0,3,true
"723a725b9b27848fad9e71b2e3872e222c196f4b7fbfd3d921f8a49fefc44d65",5,10,0,2,0,0,0,false
"7250106b8f2eef8c65dcefe22aa9f39729b9b0b1f8e26e4656d4a478598a38a3",5,24,11,2,0,3,0,true
"72549d761f5216c18bc420251fbbf544031e2443b6f12693d910a02fcfb3b3f1",8,0,0,4,0,0,0,false
"7266781b6a9d4ae21f2ae5cb86f8bf981e4fa07e1b2902b6f04bdd5b44000642",18,40,0,7,2,0,2,true
"727192d1a0dd42342cd1aa7a2f8832688a578d28a8d486c01b715d7a48a76008",25,55,0,15,0,0,0,false
"7273bcec1841fc67bdb486aac92d76ca8d0f339b4d916b5e1c7a818d5ee9bc41",13,26,0,5,0,0,0,false
"7282f98b5cfde16bd92efc9c4e62fbbced592cf098c2c1270a32a6628a263b5f",22,38,0,6,1,0,1,true
"7285b0f4d1bca4f610007e75948ee935f7971e5846d142d7db8b720ccee1eae3",16,33,0,7,0,0,0,false
"728deb80a6064c035edb7c30b3acc990915208d39c0603570077a39fb9985fff",5,12,0,3,0,0,0,false
"7291c46304b77d1f183efc2f546742e0063fab0e9318f3cb0fa6152762def706",19,27,0,18,1,0,1,true
"729fa446a553d1913044a2c2cb176b69e53a015fdabc732b55c9f9fdab155e96",10,12,0,10,0,0,0,false
"72acff3c98c3670a06bd20c7a6f04b6676e1e12a06dad46d7e588ab55c3765c4",73,86,0,64,20,0,20,true
"72ae9a04124c9cdab25ecd7a58a7b7be28ecd8791dd02fefbaddfd06f521299f",5,5,0,3,0,0,0,false
"72bc9922dfcd0cc4fb825bf7f6e28358a33b8cc743586717b8687923f816670d",5,7,0,3,0,0,0,false
"72bd2987e304a02d6ac9f0aba414a71a99849e2e5eebbee6458e894fa6544488",26,52,0,22,1,0,1,true
"72c11500ed1138354ef40f0539b588dda76ad6172b7d7e5c171c16d886893384",12,4,0,12,0,0,0,false
"72c72269797606c93903cbe13e5edcb0bff4d028b5b960342b5bd022710a5bf6",2,3,0,1,0,0,0,false
"72c7c2c8d832324060d14e02ec50a942a40e669a39429c351b04b8eab52a38b9",4,7,0,2,0,0,0,false
"72cda851153696161ccdb3ccbfc37e16568cfa83055088bb49b193bf14e6737b",16,25,0,15,0,0,0,false
"72d16dc10294c385f120ae19a49fee0f129aa75033750a3e7f9cfdd32a3c824a",3,17,0,0,0,0,0,false
"72d85f7c9c7642c827418a89cf9d71bcbce4241a617d5c308bcae02853f4ca46",8,18,0,2,0,0,0,false
"72d9b2fdebe2c5e5478f6385dc871db0dbc4b521c4dfba3b3f0d81fec9c59379",3,5,0,2,0,0,0,false
"730cc0b884e5f04525f2d90f484fdd4bb1535f0ffd54fa6540fa7b2aa062c02b",2,5,0,1,0,0,0,false
"731fc757bf5347dc28bc6abca60fe403bb23767daeb58a50995d555051d834b5",14,18,0,6,0,0,0,false
"734c059cb0afc73f39be84492ba74cca3c7110e0f881c3176e9d273c4137418b",6,8,0,5,0,0,0,false
"734da7d99db850df4b4802294cfbe76ed12257e5cb2cbb928a9892ede3f2acea",3,7,0,1,0,0,0,false
"7360813fbb625d0a1566053dc9deb8c3bbdfc1272b5e46ac1f129aef0215e0cf",9,18,0,6,0,0,0,false
"73917f2589eee885c63d22e964da34146c6e6df13305c5b4b74569e6a1dd5391",136,322,2,87,5,2,5,true
"73a8013c0bfbd5e759fce70b36fa2e43684607a6a76a9d86688e74237209d059",65,106,5,38,3,2,3,true
"73c6767471158ad80cb5c595b3e91691ff658dbe264a9cf071d543425d842e40",7,9,0,7,2,0,2,true
"73cb2ed6ab42eaf7d57304adee75962623084269d9daa6c15cf322b5489d6788",60,129,0,58,1,0,1,true
"73cc8dff0e568ccae02cbcf0c5971be9c9b269dc1c1adf3f6107412b38f114a4",1,0,0,1,0,0,0,false
"73e376524114583300199a27c5c79bbfc287d878967aa1c73033605ece31ad77",4,11,0,0,0,0,0,false
"73e5ab1f971e5effb5b25989dd986b1ce5b1691f6d0aa3996b803754a7f23826",14,23,0,7,0,0,0,false
"73f273df1e6a124367ff0ac86fc8c3ec1e00289c74aa3575a02d7550d8c446ed",3,8,0,2,0,0,0,false
"740429b5bb4cb5af66533bcef7484c38285d222ca45df8d2834b6ad45f9421bf",7,11,0,3,0,0,0,false
"742828e3ea0b6cbaafa0d53baee04c4032e817cd1acfded8c183730981145f08",2,6,0,0,0,0,0,false
"745191901ff09f1e8a442b5d471583b6a3aa39052b473cd3e088730e879532ed",1,8,0,0,0,0,0,false
"74689c7fd0d43a91de41473a1a95977d67726826f052cd891fc4f7b8451b6caf",18,30,0,18,0,0,0,false
"7469dc27e3eabe2506ff51b49a9e430995270fa2a9d28723d9939a8be124b0ec",11,21,0,5,0,0,0,false
"74942616f52ca4e9978c50da4dcdd1c42ce1d7711ca08cd668679cf39b96f0e2",26,54,0,12,1,0,1,true
"74af1a031934346260f7265dacb633209dba507c1416f1e37d52405b53478f71",20,38,0,15,2,0,2,true
"74b7964d0690bc2665ad8d5b3486d6b3f718ed47e321fe04274c2b445b81f5d3",11,13,0,8,2,0,2,true
"74d620e8e688974202b2dc3ed095773606f4c71b3e9419ec2c3a3b188043008e",1,2,0,1,0,0,0,false
"74fac76fee6633c80075411e435aa842be8526a3f488054f63aa7d69db1e0cc1",8,17,0,7,1,0,1,true
"750bc79732e2afb29d54b0ba14c388049d276d8bafe1f090bec38f2de9c9ae67",4,4,0,3,0,0,0,false
"756602ed5451f41ac8413674a727c9f9ef1c528f2495bdeec47e352f1cc8cbe9",9,21,0,8,0,0,0,false
"756d8a64cbeb7b1c9b4ac80ca1bbe8b1300835200b748bcadcd85fcbfbae6e41",41,46,0,25,0,0,0,false
"7599eb7a5ebeea3dc3e37016ac54d38d498d94f54588139359d64058525b210d",4,9,0,1,1,0,1,true
"75a5aa8387bbdb27090bd376b6d288484c54dcb258c27a38daeb2201c6e6ab36",12,25,2,12,0,2,0,true
"75a71102c6f15e38e739ddf27119a62c4f97346d79d5f761a47bdf39e79f64e0",10,19,0,3,0,0,0,false
"75b8f531e6eb321b9d45f253cc0bbf24054439df0efe70b3d02785c982e9b14e",66,119,0,66,9,0,9,true
"75c0304177d345e2dae5032e65cb9bcc5928b9c8a8b89b1cca43db9677515a2e",11,52,0,0,0,0,0,false
"75cf3a582b622db2c77d54a3c3e85c9b18c857e37daf2bab76cc81f2931771b0",13,28,4,13,0,4,0,true
"75d17093cbc4224f8688976bbdaf830e53d0f062aa931efd4dde1bc215cc28d2",4,12,0,2,0,0,0,false
"75de44fc7f75f26d9fcc25c5e3fe15822afc94ad0074b6c35998a7b703ad153b",32,60,0,32,2,0,2,true
"75e5cb71647a3ea3e2cae7ce14afad991c647e0fd938fe09887aaaea4dded2bf",7,10,0,2,0,0,0,false
"75e655ca8b5121a0a5f267b715191f21b805b14094572b6340a076559c1e3f23",6,8,0,6,1,0,1,true
"75fae87d8eb058c51098d5a05c2b4e73e63c44c10930280ab9c53d9539e12701",79,153,0,59,19,0,19,true
"760468d232013dde9bbc9b98ce0b29b3dfcb4546e34081dda9d9e0947c1eef67",11,8,0,9,0,0,0,false
"76091ba9a4f21b80612ca1befdd8c9c0886bbb660e713b8df7ea042ca3df8ced",14,24,0,6,0,0,0,false
"76132a548c90760f746437d39ae327501d857ae8809c5b6a43b97ca0823f2069",7,18,0,7,0,0,0,false
"7618c6ec4c856042222d45084e4419874da94fc7cf8ac35058771ac9e78debd7",9,11,0,8,1,0,1,true
"762543cb0ef4e0304cc8ce2d1c79e0e8037452a30e10635d67e1a6fc12fe495c",6,12,0,5,1,0,1,true
"762c4fd476047334aedd24204d9abe9898174ef0c1f1f170827318b02e7f3d10",13,26,0,5,0,0,0,false
"766122a42bba2000a80405ca1a1d19efeec971ad58e7a50b1293fc06bd6d0f23",1,6,0,0,0,0,0,false
"7682878b8ce627360bd8829677d4bd77b71c5766958865fdceedfa74dade822e",10,13,0,7,0,0,0,false
"76878ecb4511b8a700d2f2d388714aa12445db672d0e50d979fe11e2232d1496",11,23,0,10,1,0,1,true
"769c28e4ae8e08cb3e90c8b82420429441f2b4eb19d9cdcffb1c05afdaead46c",17,28,0,9,3,0,3,true
"76a94c6d4dab410b5504b8a04dd221ac2389268997116797942cc063d2c1ecb7",15,29,0,5,1,0,1,true
"76b45b8d7663517ebdf4946107ed63de72673cb3b23321d707f1c27a717e6c5b",14,20,0,6,0,0,0,false
"76ba0b652289305b69e5f212401829a07448e8657710aee5f6ca1efd8dc60fe5",6,12,0,5,0,0,0,false
"76cb15cdae479d33e7ecb80f1f78cf446d4de23827be987cd1dc7ade705bb35b",14,17,0,9,3,0,3,true
"76ce70fe6afbee2fb37c0cb164e79892fe8c437c99e2dc49cab58eeaa3ae75db",50,137,6,27,9,5,9,true
"76d2ba826c1b5a7b6cc0aaebe058cc3ffc373c2171f90d63ebb7481a28f577bd",12,14,0,10,0,0,0,false
"76ebcea354d5959c5b0d38818ddf1524c5af16970231b532f5caa63121930861",18,30,0,10,0,0,0,false
"76ec899301b04f2557b80abd925e20926aed906db683ab5852c036d2d039513a",9,3,0,7,0,0,0,false
"76fd3726f153a8fb18301bdececed1af08f4109841389a59f0aab9dc473eeb08",43,74,0,24,0,0,0,false
"7700bd263a84137f1ee307914f36a11101d9062c135429b8b440d2863e5b9a26",4,7,0,3,0,0,0,false
"7725fab80f17f39a1afcf7372c8be2fb842fe63be0af34988edf176b3d3be081",6,11,0,3,0,0,0,false
"773655d8d70e06a29e3e361f9c0de56f654f8ba4e5e6dc5171b5b88251e70bb0",34,60,0,19,0,0,0,false
"77408ed3aa3ba863faa2863bd82a5c019b3f8c67f2da08e10781e074e0a9eae3",5,13,0,5,0,0,0,false
"77432db78337e52c308a8c85ad96db0dc1e011dc32ce976bd742c007e6df7e23",1,4,0,0,0,0,0,false
"774c890e2a39e074140296054eb222a14c0f8d3ca830b41cff13c4e9f597f6b2",5,12,0,2,0,0,0,false
"7759620455ec23b490994618b75f0cd445d1ce79067b0da790954eb31e2c9340",17,31,8,17,0,5,0,true
"7759f257604ac27c12a3a8f8c9399de03b364cafe62030c42f280bc1c4f3221b",9,14,1,3,0,1,0,true
"77a724825352014515b4fa468c893850a55caae88a9e0dcaf19bcd43cced1b97",4,10,0,1,0,0,0,false
"77bd198231c6d3eeb4c1390d550e15f09a31c5db51403b10641d4b8a0339844b",5,12,0,5,0,0,0,false
"77bdc0a993960faa2b0dac7b43a5160d6ed745ee787573c2f0ad8d00d4806366",12,18,4,9,0,2,0,true
"77bf6fb1eafa6ff1f05dcfc9a39e1ed8f60e4ee1535525bd0aac0b85beee60d9",15,18,0,7,0,0,0,false
"77c1a251e1449bf916975e5d4007a4bb27ac22dc4a7795a996527e4bf358cb8c",10,16,0,7,0,0,0,false
"77c51f08df36dd321afe5089a19e90f0b6f4013292d9e5ab7427d8cc66d36b75",8,14,1,8,0,1,0,true
"77c7eb8b1da402d9cc1acb85cf54e8e5d6cdc626bf2ff67d7a3f274873729d55",15,18,0,7,0,0,0,false
"77ca54faccba9adeb4b3337e3170df463ac01e0948806014bb2e59aa2791d64b",6,16,2,5,0,1,0,true
"77d2b6826c791f07d54d7a89e989e3b1f282206f11c5516c34b4c680829bb374",31,52,0,16,0,0,0,false
"77d958b25ecfd622a04236ffdb7b47905232baaca8f41624c6c83b17a7872e1a",1,6,0,1,0,0,0,false
"77fdcd1ddbaa701dbd149a1135b38355e2c690fbe47a82604ccd970f953d7309",16,33,0,7,0,0,0,false
"7808ac3a6b6dd79bfd51e2319b2c89c3dae2e3a224664832970cb1f24c2ce55b",18,12,0,8,6,0,6,true
"781e2616387a68e4f90f96011f72574862fdbf96edcc8f8661970b921b47ccfe",12,13,0,12,0,0,0,false
"78274b8ae5282a34acdafcca308148ac6a1a0442b1da321c3fe143613b71cd04",29,47,8,19,3,3,3,true
"782da988a06ef049c709e5a1d505b86f3f856616bb9c45b203eb345c0f095253",12,11,0,5,1,0,1,true
"7863108598b13bfd62c378af538806d470940bbb7bd48c8b74079b2878cef9bb",8,8,0,3,0,0,0,false
"786bb0c0834d4eddf64bbbfb07fd19063a3b7db7e0040f47c668eedd0179318f",22,37,0,16,0,0,0,false
"787af105229e019296b875254869f89441f3a9c58fc8909be3bc11c9d7ab8d52",64,136,1,42,0,1,0,true
"78a81a6ec4e6ae29f4aac97ba31769b6f697a25d0fe25fb6e9682ce5c830640a",32,78,0,16,1,0,1,true
"78ad3434f6dadb39c9810592ee3e5f2522e2d8a95ad4a1b5731e6c224f7bd161",1,1,0,1,0,0,0,false
"78ada77bc0d545bdc9b49aba7ef951aba19bb0b750400f5d8076c90952697a84",14,25,1,9,0,1,0,true
"78bee632a64720dc8a9c28aa2d34ec2bb4f1d28974888841a133ca1a5db0cf96",8,18,0,3,0,0,0,false
"78cd5a154598a30d5e75314fe292b7f42fd589424cc00da4d192e2cf4c11ea89",1,6,1,1,0,1,0,true
"78da1739ea4dc39d7ab1dc56db383633ea759110c321977f0fbfbecdc9738ec4",4,10,0,3,0,0,0,false
"78ec1729c0671ecbf4dac529bc50f4a19d71b4a396bd8a4aff52b71c979334d8",9,21,0,8,0,0,0,false
"78f67651542409675abac9185874c81ed19441dc5fae3028372c7803a9e5545a",1,0,0,1,0,0,0,false
"78fb45ca41b18acf4e7de7b142b7338b8ca8571d4862733666c41d980911af29",7,18,0,6,0,0,0,false
"78ffe22bf153fabf14f6be784f43039d50a6a787d733e63b8052b3e8f49ea565",2,3,0,1,0,0,0,false
"7907c6338e67c2f9ceae6f2367cfa1d4d8e0096adb06d35c3da885763d341a77",7,2,0,5,0,0,0,false
"7915019aedb473cf7a2d9de399385c89f006ea28e3189015660c784b8accbf84",9,11,0,3,0,0,0,false
"791feb3519e92dd8d234a0b95ebeccd232025da85040c0feb13f686237933a35",61,138,0,59,1,0,1,true
"792d8c5c3662016314512d917cf51a6d4b4de7a1130db8df6ec2d371c441575b",15,24,0,13,0,0,0,false
"793d6184a41011c2343c4c0c404f02768e45716318e1cbc3e29148e610196538",1,1,0,0,0,0,0,false
"794057dabcdbcf57e9aad859c45cb07bade68d8dbce4aa5355abb47f73dc141f",36,71,0,30,0,0,0,false
"7944a96d512f6e51532687811cc0c932505b0c051be9d351f5332739d70f753c",23,18,0,16,6,0,6,true
"794714cd62578e33a337a394f9f41ef9b65816df52611934e0bbac7ca37436e2",18,45,0,16,0,0,0,false
"7962e9688dac17d8249d28af2e3817b88a8fde5c0c2d7e1624b0af79276a36ee",7,13,0,4,0,0,0,false
"798286f090725b03aefe51f90766c858a2e87f3aeca72d218539d8ec6a3371b3",18,36,0,18,0,0,0,false
"79844e1cdded979836bb3d1cb643931350ba61f383eb39678bf33bb5f7161df7",2,4,0,0,0,0,0,false
"79948997fe8f21c040cf46a0af478c3c05b6367a2ccbed7ae98a9209ba5ee925",3,31,0,3,0,0,0,false
"79a839eb1c4eeb71a49aca15ccf4d3448d7ab37812ed6d516e7ae929c9c5d942",31,44,1,17,1,1,1,true
"79ddb90c9086aee548ef6f55ff207a380a25e3c43217a047863c16061da5853d",21,31,0,21,0,0,0,false
"79dec100fe1d95e39ee099e15c5f3ed174d8d054e438de12b9d62466979a3f77",21,46,0,10,1,0,1,true
"7a2f0c363060e0f3698bd784cef165f92a7f9c6e20fc3c3d7b389cd9c7ef36f0",15,28,1,6,0,1,0,true
"7a4e2b964aca487b8dcf0cb6c4e4f15468cfd1d121620e57a5773db21de4627b",1,2,0,1,0,0,0,false
"7a564cbe1ec0388ad915eb7844eb46580107d25b114e21a9540cab0ac93b7d0d",1,0,0,1,0,0,0,false
"7a6fdfb8c8be0c4a7a70613ca68db27d3d83b4abfc1d6930655a0b320d2aeb72",13,27,0,12,0,0,0,false
"7a9104c8afb83326048bcce6f232fa10a59124aafd0492a40df40e201e258c55",1,2,0,0,0,0,0,false
"7a9e2caf4e12528bffdd64b2446e69daee24f4baf91462255cba8b526ea4ec49",11,17,0,5,0,0,0,false
"7abce6486a24abde33fefb962c957e328c3975b59afd5aaaf20c383306d7d1b0",6,15,0,6,0,0,0,false
"7ac3713a1df2919fc76d50539bbbadf7fc9758cedb5fe7d322c93dd5d5fb42f2",3,6,0,2,0,0,0,false
"7ae002f14b115d7ebf9a58030eb5dcfe64501cff0cdfb0529f1943d3b519d526",45,66,0,22,0,0,0,false
"7b03eed4c531b5d647d68d236d9078028e28780dc02fbf4daf169d0c18feb51c",6,16,0,0,0,0,0,false
"7b1193d7d4a05bf01c4949b73be003094c0d91fec77a4e0b50224c07f8848b80",3,4,0,3,0,0,0,false
"7b201ba42729d379eec64b56dde7fddb678fa6b0c8b04612a9ffe37ada829f95",5,7,0,2,0,0,0,false
"7b2ec5a435b3995eee29f54a8a776e1edb347f8270ea3bce958a18ca994a3f83",17,27,0,7,0,0,0,false
"7b34caa1567695579997b9c59bbe64fe38153bfdb772cb4e29446c7a41ce1b0e",2,1,0,1,0,0,0,false
"7b68a2b812e635008f2fbcc2b0196fe8f9e1f0c0b6790742e60b18c32848d681",11,21,0,8,1,0,1,true
"7b78ca04de891f88d5321693bd63ef12367b35e9de0573a99dd51fc765956337",9,13,2,0,0,1,0,true
"7b7bd05b90e8cb8a337c290b487943786c4b0612485839ef22faa0c7b6992efa",28,37,2,11,6,1,6,true
"7b7d97d3bce03b73bcaadb4b7028c50a39e147199349f095d09e86a5453b9085",8,20,0,5,4,0,4,true
"7bab31002358c3fe3a842991187369462bd679b1a2dd84d89e61a836e987d926",12,21,0,5,0,0,0,false
"7bbf4f8fc227467136bfde2ddc63dd0de9527ca79d55a219a3558ce414a7b30c",4,6,0,4,1,0,1,true
"7bc43d8486dfdcbee15979a288bd850cce12fb8b2aa1a5b088afbf7457bad3a6",4,7,0,2,0,0,0,false
"7c0a0a004a82200de1eb8fcfec801e5581695795fd8b8be7332c4e055d78b13c",6,18,3,5,0,1,0,true
"7c19316884790c71e189d0489a430103c14b8d5cec91d5a086137717a3ab1ced",29,70,10,14,3,3,3,true
"7c1f5e00a32b50c460a8592ea4cac8f42ad4ac2234ecbdd3093a334b6df21506",12,15,0,5,0,0,0,false
"7c20b0099c937806de32d30f4013e8e0fe3c229652ca0506536770e8ec899b02",5,12,0,2,0,0,0,false
"7c22461e03fd6e1dcbec29ab0dc8ca961a902c1dd3d36d68d21304147de89ea2",9,17,0,3,0,0,0,false
"7c381b6dc5642229682e698a35ac90e3e23392c0bf386ae0a59dab9500039468",20,24,0,19,1,0,1,true
"7c9f30e225969cf451c4bc450ecf68ed17a5bd9bd32f5763869fe7682861c8d5",14,24,0,6,0,0,0,false
"7c9fec4c3f3e3c50321933cc2aa0ba504575812737a817777c404ae3fa987f5e",10,12,0,3,0,0,0,false
"7cecf23b7c8cd6f7768d272f89fd59bf71a8eff0eed07f251c5f47d9570ed435",44,57,0,24,0,0,0,false
"7cff09b348bc2f69ae213f94874289da8ab777ab4761eee2c5d472dd0d2fa64d",30,38,0,16,0,0,0,false
"7d0a101931e1321c8a9f54b616610b7b301d1930251d611c22b08d0cac8e1a5d",11,12,0,7,3,0,3,true
"7d19940b2c8e697048bd2df0ad1dc3782b94897d79ef0beb7f97aaf96ef04c86",11,19,0,10,0,0,0,false
"7d1d71553f68aad4f3348429563ebccc7c312e04c17c1f2883b8473e68fd43a1",10,13,0,9,0,0,0,false
"7d342470dbf0d32d48c7679da8f424a478c6af58018994cf9138650eca7dfc92",6,6,0,2,0,0,0,false
"7d41b2b48b58c03c31c580a2f6791aae7ea602a699711e8d2009300bd4815667",8,14,0,3,0,0,0,false
"7d49e01465b67a4d9188f2e2f501f2821c66fe667f4f3002a6e7a646db720f98",10,17,2,9,0,1,0,true
"7d5e1ef91b4c0f2899f0f10cca01469002acc77744e1206a10a415cc268f1664",43,57,2,28,6,2,6,true
"7d705f58e42623fd89136374d9a7aab6aa79bec8ca54d51eaf3090238cb2ebbe",2,9,0,0,0,0,0,false
"7d7bdee3c0f7ab63110a55a801467d97e04b0a360bef41cfc9b555f376bf4dc3",1,1,0,1,0,0,0,false
"7d7de8c0ae5278c878a861fc9501a6cb8907b02f6ebb471d61064bc0037922b7",1,6,0,1,0,0,0,false
"7d9a6d57c1404392c1a269b21f636b08b21d4a51bbed2c7c2bcf242e4e9c360e",35,58,0,17,0,0,0,false
"7daa93298b1b7e10212502d0e200d10ed7d27633b5ac0746ac07b7315a76a715",1,4,0,0,0,0,0,false
"7dae554de6c9ba21ffb9acd9b9ed6661fd6179ff9038a6b29ba6909ae4259802",7,15,0,5,0,0,0,false
"7db27bf89b058b808d5612b71ad5e2dfd17e19dbf97150ef2e2321f4e56acc2f",6,12,0,1,0,0,0,false
"7dc7a6f9b3a872f027fc1b39d2b1347d15c84a932349fcfcae4cab68d49931a6",41,89,2,41,1,1,1,true
"7df10f0fa98aef7c78e00f5d2b8cb5a5bb2f44a021d2eb8617aba00b031a2f49",33,44,0,31,0,0,0,false
"7e0d3810437b3a062dccc99d5343ca2fa7125b0356685dafc26d29182866934b",6,7,0,6,0,0,0,false
"7e2328d8924ab9d8084eae52aad40bfce2eb387ad2ba944be18230fdd2c72608",34,39,0,18,3,0,3,true
"7e571e814399d52bde9bb4667d54c801ff8750f518731094139419019da2340e",69,170,39,44,0,21,0,true
"7e5d49809e2c968107d90ef0c2866aa8d5f919f28e28497bdbdbdac2dcc17732",32,66,0,13,1,0,1,true
"7e5e4a6bf2517b01ab6606462b15efebc4051d14cd43dbdc36b9d1b0c85042a3",31,18,0,19,2,0,2,true
"7e6ca2bc580f621e46d5de69d780384658a45c8c2cbca2d7b46cad9e3809732c",43,72,0,24,0,0,0,false
"7e834fa193deacd7fdd28104a58c8a2684b6b6a4e8d2485d37195569d8810888",16,42,17,11,0,4,0,true
"7eadc4434ed80d7be699cf8747d268ed552425324d0b78f2bcc3271fa27a8e23",3,8,0,2,0,0,0,false
"7ebdf38b7df81ad0deaae0d09b3123b6f1617ffae9618382c5d11acb7b991191",39,54,3,33,1,3,1,true
"7ebff3ba5016f7572e3cb5655deb31c4814a18008780f160091b0eb56cf87157",32,54,0,13,3,0,3,true
"7ee2d40a44834268d2b14968d982c915088351fcc2bcdb063ca5f3edfbd8b5fa",12,24,0,0,0,0,0,false
"7eeb82d38958ec23d757ba760dde66a3d7f92cc48f59f316f75c8c2a8e261035",41,28,0,34,0,0,0,false
"7f33cf1ee21f1021ed923bab93b94662c7e1fcdab18f2072d8685ca4aeb3abde",23,46,10,22,0,2,0,true
"7f3fce8d23fe828d46cd6cb64391abe5d95f848e59f3aec1e9b0a41ba9b7e3eb",4,13,0,3,0,0,0,false
"7f487a22b00154beec9fd1669d3e71e5779e290978f8898e29c07ee80f5dc0a8",7,8,0,7,0,0,0,false
"7f5bdf807411f96bf665b5b5f49d773167cfa97eedae34bac23b3ae3dcd55c30",7,9,0,7,2,0,2,true
"7f66d7891fc20dafe27d7922875db09e0ceca9d41464eba66e11b10dfb797f1e",12,15,0,5,0,0,0,false
"7f6ff650011ffafcf170fc38425dacbbdcd65b6c25332d414de2ed6cc2da1ad4",13,18,0,5,0,0,0,false
"7f7c3e89d2380f6e8e43eb418657436c491581cf2acbaa9ae4853a21c26bf859",13,29,0,5,0,0,0,false
"7f820e60e922b3123bbf34a2736668a4d2990da87b4c07f6228676a50506c680",3,7,0,0,0,0,0,false
"7f85d1662b28583654c63f75ba52a91f5759bd56834746e67050059b7cc89b0c",23,45,0,15,1,0,1,true
"7f9a7411fd4125177d5384be4d89d8893eb0b27887e91981d64679bb2ed5cd2b",1,8,0,0,0,0,0,false
"7fae1fa40bc26ff16564fb3f0f142cbaefb219c803cf78fe13621c59f6042471",2,4,0,0,0,0,0,false
"7fc16c1803de4182d54f04c07023da722c0065a6039746c72fa0b51b9a2a4e13",8,19,0,2,0,0,0,false
"7fc336bee7129a452374451348d5a666cd1f5c6296620deb5782383996b409d4",20,30,0,8,1,0,1,true
"7fd53bcbca859eb5ed9a08848d445db337bf49e090bcacaa219f8693b3cfa02d",5,10,0,2,0,0,0,false
"7fda2be4911ad2f96417ab62db471e3233e31b1b713f236ea9f83070066307e3",28,37,0,15,2,0,2,true
"7ff2ddfd6762fa777e25f23303a036de44f2ec71f4d6fdbe13cfaf93e4a3957c",51,106,0,50,1,0,1,true
"7ff7bc8306cb5ea306249905c751beb8b4017e2d66accef571d554485787854a",1,3,0,1,0,0,0,false
"7ff802575fad3648ed19b9f89200396ee8e0b18b1c373524a9c31eb77787bb8f",4,11,0,2,0,0,0,false
"800c5441a63701438301f08125ea0f3c0f0656cbaaa3f6b954f50c09a878a9ac",9,10,0,9,0,0,0,false
"8026a2600dc3e706351b30ac99efe834ef3919471c3630f79fdd18f55980d12e",10,17,0,9,0,0,0,false
"8028bcee9217ea574227696c5b767e806d6d554fca4dd5c7b5214ee6470d6436",21,42,15,17,0,5,0,true
"80353b9199a71211139dbef2a8cbb4ec144a1c33051a69dd0a7c67ff7783d526",21,45,1,21,0,1,0,true
"8036a20699fcdc69ac907f6ca69703f91312a3a2da790ae33e85a51ac92b045e",8,21,0,4,1,0,1,true
"80513aee375fb5662077beae09430b55495c84b83f7bc03229135093dd2b2c6c",4,21,0,0,0,0,0,false
"8055c4aed0e8e449277f4ad2101a8a25a99be05ef72505b31afd4b1dbf57bab9",71,125,4,63,8,1,8,true
"806e7de085560e1bb29adc8de32536b541afe4d8ab1b5176661cc430ba362d33",58,128,0,56,1,0,1,true
"80ad02c7cfc3ca79b5941d0fe139cc4c355dff7df4d844258ca9b402e1c1ef15",4,22,10,1,0,2,0,true
"80baa838de7f753d460e2407ff6f3692bd6d1b529929bb283db1c4ddcdda837f",2,3,0,2,0,0,0,false
"80bd80b176fbc4b07b37c30720154eeaa07774698e37009db1c6219b4964f6d2",86,159,0,86,10,0,10,true
"8100be1db26a3d381f5f1f23917b6ea6ec712c9c41f9b962a4ca7e664dc39b64",12,29,0,8,0,0,0,false
"81040dbc5d90d8d851de967b967c6b2296ae9f8ab3f2369c941d602f86773049",69,88,2,25,2,2,2,true
"810eaebf40d863debe89e230ee9f001cc39b515c60ea03a5aa6911bd125ff130",8,11,0,2,0,0,0,false
"811068a1be14c83ef55fa0fb6597ddb7dda40bd5141adb2e42d73229a73d98cb",12,30,0,12,1,0,1,true
"81169e69f9dfe3ffdf387b36c30d7134b9560af3fb8d8d5d7c4286e72828eb42",17,44,0,15,0,0,0,false
"814e71839a77b12242daa6306d0a7a36f4ba6484f9130891e93235040e01a348",56,70,3,26,3,3,3,true
"815cbef1dc94cce14a794fe03e6f1b27cd837cad0ba134442a1283e5bceb3432",61,74,2,24,2,2,2,true
"816413c82e152a87ea9c83dcab201df380561d56936780b3a527f89b468be3fc",45,87,0,44,1,0,1,true
"816dbdd5c5710508d8505346be4f6ccdb67a5731d42296f3209aef7ae784f4bf",7,6,0,4,0,0,0,false
"81a63040ecac6ad5c8d8441fe1cbd809184b6e47e4c559bf73d06268b0683c49",1,2,0,1,0,0,0,false
"81cd1d5b51ab4678883b0aec3573e89f7c9c9a43d8e4e2507e2813d880853149",7,12,0,7,2,0,2,true
"81ddfb6f28333ef680bc0d9ca29af0c2254a34995836d42fa61695718c50c456",9,13,0,2,0,0,0,false
"821e5d04c4b4d55cf5cd6f444059d826d23dcb8c6bfaa7de8bc5737881bca8ce",15,17,0,6,0,0,0,false
"8232869bebaf2398418bbad80f0982e5244c53774fd5eb0a10589acf94bc97e4",3,7,0,1,0,0,0,false
"824c1fbe4ec5e3b79df8fc02f1d899ee6d97975f09c89ae4fea1421415f031d9",51,67,0,46,0,0,0,false
"825473d128ce20a794f155777caefd1b5126939492ac7e1527dde15068f45bef",43,75,0,25,3,0,3,true
"825fc7d7bbae72607000a78126464c817c47ff9acf43e7d6faa96334efbc6e4d",16,21,0,7,0,0,0,false
"827225d8911a0034b6059f6279453b8d6a09a9510b061026bdcbdbe19f918d0d",45,72,9,39,1,7,1,true
"82740c72af37084a9d080035bb12e417ba349e570ec10e2b70d37d6cfe52117b",4,5,0,1,1,0,1,true
"82804afbab47e265afc2f3a48dd34394b7d7c53526dc11898097f55106b1f208",17,38,0,5,0,0,0,false
"8289dd80ef50f3f756639bd6f45e333a433b4c01ff1e6af1d044e3b6e46aae28",12,23,0,12,0,0,0,false
"82acfafba05ef400104d172664e8d30dbadca6e21e97fa9ae2e1c06c9148be1d",10,11,0,7,0,0,0,false
"82ae7f78b0bc2721bc691d51ea76aedc0695acbda60351edfdd843b0a2f2821c",2,5,0,1,0,0,0,false
"82eaed0b842b579f9978706d84717236b14d24254480ebe0861f554f5e8b3364",1,3,0,1,0,0,0,false
"82fecb49693c94c1390ffbac61850fa94efcc20bc831ea09d326924b0290ffba",23,34,0,18,0,0,0,false
"82fffa61fd1e78e7537b3405a8ef339e9d013a8435162dc92ee9a802793b8d26",4,6,0,4,0,0,0,false
"830f160eb13886e348a5687835313cdc041ee398931ac53259aab7031e585adf",23,39,0,11,0,0,0,false
"832a9d0443193ac9051d0860e8beaef6708015b6e05f21dc191ef11e0b97e6c4",9,12,0,2,0,0,0,false
"83582a6d2952eb3a36240a1888c1becd45fdc3a6010c8b4e6615ec6f72251848",32,54,0,13,3,0,3,true
"83585b55fa9db740e526bacd0097bbceda580c1ab72752ac10527d9a49307dd7",72,152,1,48,0,1,0,true
"835e707baa30ccaaf0fabd634365196e11d23464f1e64cf049f260f51bac1749",15,21,0,6,0,0,0,false
"83729b530f49b5fcd9d9dca678437a50f6ecb9fc8cbc3241891c17b1b1bb1a42",8,14,1,8,0,1,0,true
"837a8eb20736543069b2417b20e4b40d97fb1a6c4a80efbe783f5f6ac46f998b",12,11,0,5,1,0,1,true
"8382ff90b60f888ea2c3080743de58153236d01faf2ef480abb46ae2a5bbbfcc",9,11,0,8,1,0,1,true
"8387f754401c20c448e51e4ce5fdc097f6dfb4b439041ee17e9edca1d3c0e8ee",6,15,0,6,0,0,0,false
"8389313708f2493d76b36049d41bcd3dbc2d2fc8c5816c3ca7c2c92cdf68c480",1,6,0,0,0,0,0,false
"8393a1d52cc40fc3fd37d93da56a3322109159d794ab1d0fbee120dcb3d8cbcc",2,4,0,1,0,0,0,false
"839b53cb00f82b4fee0abdb3938749f6d162f702374d74872dc2a53a1c5571f1",13,31,1,13,0,1,0,true
"839cf362ac0a304c2ceac5166ed118dc0753a2e89541dac2914eb7b6adae6564",7,9,0,7,2,0,2,true
"83bf0a7fbe1502271f2e14d2a5a46c9cde1aa213be97616bd7c6b102b342692f",23,35,0,7,1,0,1,true
"83dcc7b69e6c86ab24d7a63f8255da0f4bf2cd9043d039903d07ea38436f1fbd",6,15,0,6,0,0,0,false
"83e66d8727055a6de7b1d70d5c267763be3cf0e0be0e25d843b5b88e39b98d4c",3,7,0,3,0,0,0,false
"83f51ae6abc6f84c4865a1973b495a7253107f2bcb7ab3beb602b5a3b14dfe73",18,40,0,7,2,0,2,true
"83feef85dba5a6c1205daa685c66ebebdd6610c0057b1bac46dae8864cd2b113",41,99,5,19,0,3,0,true
"8405d0b547da8bc9b7ddb6b140507555e8a14be13b170998548994f99e839d36",4,10,0,1,0,0,0,false
"840a71ca2b1873ac5235e7cffa95d4a17681da57d91b0199f749d61aa9134ac2",16,26,0,16,1,0,1,true
"842c5d41cf057b60d32511da67f739348c540175ff1a50a261d87fb1759b7c2e",19,24,3,11,6,3,6,true
"843050da1fca69abae6e0e57a6fab625f8723c8ef0b6650ef2f4e2abc350bff2",26,64,28,19,0,11,0,true
"8438449c4cacbeae6e42987040cb1b5de41cd462bfcea2925dd750dfb54c9979",1,0,0,1,0,0,0,false
"84430ac8cd15731d4608e0335561b20c452c07f95dfe02a5ae4e1217a3b785e7",50,70,0,28,0,0,0,false
"845414782b49c2ba195940707a54e85c53d7ecd541185afd3bf86e07a4f10694",1,5,0,1,0,0,0,false
"8458d58865622d1500ac28328367761ec825f18209cd98186afdc7a8b0a21075",12,13,0,11,0,0,0,false
"847af007b07456aafd7a7ceb7080efc0e8460f20446e6a9bae913143db819897",17,41,0,17,1,0,1,true
"848e901e7b141af830c87227c4becb05abbfdaa6f97657dd29e166383cc8894e",21,29,0,8,1,0,1,true
"84a3f14abef991fd0160df013d2970ad2feb395eb0fb628dd0750ec0c959339a",8,14,0,1,1,0,1,true
"84a88013828d4c4f4e4f5d0fa2f686050d69889384a044eab3ec4b1169f810ea",43,99,10,17,1,6,1,true
"84b1af5e9798e7cc03f0f388cb21a02a2e541466733332d635d6566db4911ce7",21,24,0,8,0,0,0,false
"84b9619686ac136540a417a69a71bdf8bdcf68b37935b8be372adcbacc5594fd",59,120,0,41,0,0,0,false
"84d535e20d0b22fb6c4b061765e3cddfb3f528194e403b6c29333d507c481bdf",7,9,0,7,2,0,2,true
"84d7f91a09d004a5f2c014a98cc292123d297e6839497ff26ae7df5e93b15746",2,11,1,2,0,1,0,true
"84dabb02bde5fc28805cc1e3f5dc53a5f3277aa2a7387fea38bc8eba2c44ab67",10,21,0,4,0,0,0,false
"84e25f330258e25d67c0e56b1c98cc94a171404c1a0c2046e37b77960cb06832",19,33,0,14,0,0,0,false
"84e7371b9aa4aa567ddde8cc767308085b55ac1ec94eee100500cd842ed31706",6,12,0,1,0,0,0,false
"84e7919fefc959120fa8fce7f3415759d7dc01847c582459467fec12992b6cbc",17,27,0,8,1,0,1,true
"84ed7461286d7a7176ab28fc3db3b165efef2e1249ded0c190b3e39c02e94674",36,50,0,36,2,0,2,true
"84eef80b90e1a53eb3af5e3114c6211ce736765506cda195bf6d753c9957ceea",11,31,0,9,1,0,1,true
"8518d13075e694930480bea1446518e0c4a2d4cd3681aeff4d825b1c4b5cfc81",16,25,0,15,0,0,0,false
"851982c6d66c529279af7db72585381c8fe450816468591247d74a338fecd1e1",18,15,0,7,0,0,0,false
"852425e2e3681fa24f495c0fd12d1efddbc2f267b52e97769cfdc9e533698229",13,19,0,5,0,0,0,false
"852ea87c6eda368e006aaabd290270d2def92dfce19c88bfbc932d2be4459b48",14,19,0,14,0,0,0,false
"85693704d656eb99af464d553a0a8d99b62d039223e72e86b98655def0d345ca",27,40,1,13,0,1,0,true
"857f3a3c90e99dcf96584919775d44a21a5b13306a374585f8b7c070d7bfc565",1,1,0,1,0,0,0,false
"85957bd431526fc46d6f94dbbf09b7e4df9d0b975ad84ec5804ae923c7f78478",19,48,0,8,2,0,2,true
"8597229abf161531166aefab43afd654d2659e7c9cc0a75274fec2239817f99a",27,31,0,27,0,0,0,false
"8597e5afd2da9f1c398b0687728fe9590ca5b6bf516fed3ae6da7446d95e7fbe",34,23,0,21,0,0,0,false
"85e92535a4c29a0f2cafd1a821035ee11926aa63b1ecd045962a399e39b8b5ec",15,21,0,6,0,0,0,false
"860a45a3425a06cf391814aa59370e08ca3a32b16258cae4b4090025a9661644",16,18,0,16,0,0,0,false
"86151ce31c342dd83d8d25e83cf66f3c2b8fd0c9b31d507ef4dc05817a3e982f",9,16,0,4,0,0,0,false
"8641eb97d36d09bb436b0e15019a159eddfe2980fff82b7b572ee204f7c5729e",14,22,0,7,0,0,0,false
"865a1bca96e543fecf25c1e138081db8061da8ac47fe331395b75d204ba97712",8,54,1,8,0,1,0,true
"86632756875c7d31e39403ad8d36d191615915d91d4c87664ce451d3219fada3",13,13,0,13,0,0,0,false
"866bf1033101e0ead39654a0a16900ca2c96e790d5fc43e65977af4fc058397f",1,3,0,1,0,0,0,false
"867c9e08ebd87af9668974f10edc6b4647933c1d8c3a63cb063b5c9437ab3ecc",14,16,0,5,2,0,2,true
"86801782458d4ab4887c8f9dfa048133fdf4137a9b55381a75aa356d9f571017",11,24,0,6,0,0,0,false
"8684ae2e788670d572b0c969308773b536c4c90cc909a4f2f1255db06c3e23b2",4,13,3,1,0,1,0,true
"86892018789063edd7bdf80361225fad82ae70b5e264c0ae1864fa3688ffb763",5,20,9,2,0,3,0,true
"868a26642dddbc9e8d676749b9ed27acfc4dd6b396b57686a84131882b65fb90",18,25,1,10,4,1,4,true
"86a56396b4e9bdce0b0a9c8168906ea053e30f249b2f841ca1e578e6813d7b67",25,38,0,9,0,0,0,false
"86a831fb9ffc5957505e4ec7e6cebf7f42f166545c818616514ef54bab5f230c",13,21,0,11,1,0,1,true
"86b099d8c4eaf15d92b0aa89cacc1d9e4aa43e340417bf00e01ac6c6e9fbcadf",59,120,0,30,1,0,1,true
"86b1a067816f905f5f71baeb2dd564254fca37b90968500b926074f45f034328",4,7,0,4,0,0,0,false
"86cbd3d1d2b969acb6364c4a7c435ebc5cb121a977fb3a34cbeba9e5902c8bd6",13,23,0,6,1,0,1,true
"86cbeb87755a82a6c256c11f83bbf31aef0a974f3a9af863de81cb7dbd3fb4a6",8,19,0,2,0,0,0,false
"86d7e30d3f387985961424237184520db3a095259fe2b2c7d40d696d2ac04fb3",19,35,0,18,4,0,4,true
"86ecec909211dd3f31b351c9dc95be9a75136f1ed524fc9edac9c2368edb6288",14,22,0,7,0,0,0,false
"86ef6f7610c643c241cfa7dd76d0b3e4978cc76b83e70a49fa24df6bc3b27072",1,1,0,0,0,0,0,false
"86fc7eb21eb92ebaa5857b6a0396bd790b222c82a35b7297cc17df61a6b082a8",24,30,2,19,4,2,4,true
"870de1c00c6617b1110f387e299a869ed6a8e8399c5c0a4c20bc3e4ff6816ae0",52,78,3,28,8,2,8,true
"870fcd7bef9891cda852b512e8654b33dafcf6708f0461d70dc329fab12764d9",11,20,0,3,0,0,0,false
"870fd9304761816a8659f3b64fb7b66108e9ed292eb09972bea2075eb4231317",12,18,0,11,0,0,0,false
"87192b3944d3ab94d3b27b85474ff451a6638474c91940933f1882aa08d1adf8",39,88,0,26,0,0,0,false
"87226639ea86545d54eaa2c81bf0658647434151ef2688179d76654307549f9d",7,9,0,7,0,0,0,false
"872ac485b9c5fa356e5068d8ec694731464c42535b98914590f569bc35fd5866",24,63,0,8,0,0,0,false
"87429b83ff92704c9f601c5ef76c4ad6b91e57da5559b4fb44da4e2cf8990642",4,10,0,2,0,0,0,false
"8747e3387e0483b35ef2ae295c6ea8b6969918d96dd9e0cdaf85052f4354fa91",7,17,0,7,0,0,0,false
"876696293332b155e89974254307be8b59c273955cc8b04de0467a38eebde79f",5,13,0,1,0,0,0,false
"877a670a9cc15d112d0429350d00416ba9cb8bbcc6fda8092cd4bb04874f000b",2,6,0,0,0,0,0,false
"87827804b54949689011b7f0e31db471e737dbe7ba4f1ab972c90ea1536a1dc3",19,35,0,8,0,0,0,false
"87939fe1a1f53f93485f789a269d6805ed2f5f538192bc12bf140c05b434815a",49,88,0,26,1,0,1,true
"87a01f87d2ff8efdad102ce3e43ef70c2edf076a9bc55925f066231bda909429",2,13,0,2,0,0,0,false
"87a4389b957bfa69d6ced054909d3f246b27ee60414e107e8b321b96e6ef0693",5,7,0,0,0,0,0,false
"87a6759bae88085fed845aa65fcd3a2635eb332abd448349e97bbdcf8694137a",24,59,1,0,0,1,0,true
"88058a06b01086d571e2bf54c6195691a40d22fa9a805dce49c040d3d2bb22de",37,72,0,31,0,0,0,false
"88163547f8ad94154aa5418a14afb5980389c67090add8b342798a5d8d8e2e41",2,2,0,2,0,0,0,false
"8844a760cf16788117b2a5a91d736794b3869c302aee47f8fbbcd0cc1a1096fd",72,152,1,48,0,1,0,true
"88465b2f76c802fd7ebba9ac9b104886da225555577323c4cc66b7ae6bef6a76",2,5,0,0,0,0,0,false
"884fe1aead4a417319964e630604fc4f747e11e3c95030ffd5e61fb577b3ca7b",1,1,0,1,0,0,0,false
"8875f0c770fb26d3053648856732a649936aed5db246845fa209f9032001b208",96,150,1,65,0,1,0,true
"887b08be75d275a9760e796f6e96bc297223d7a8018cedc70e0f46d9086ebae8",10,25,1,9,0,1,0,true
"888b330e4df6bc388de71b0b0a9889d605c74fb7533ac5d1bf2c32d3649cb985",6,18,0,2,0,0,0,false
"889f5abaccf36ac0a75df9e9da0b9906eaf1bc2d9449f2c8e1500dcb435e6050",56,63,0,56,3,0,3,true
"88a43cd89d2c0a494ff92c7f236faa3f6e0a6e88032f5dd5b30e428f254f68e1",47,48,0,29,2,0,2,true
"88b454022409e5e7b92edf994c4a9d65dd39d5dd5e9e35f197982bdfdb0fd72c",13,27,0,4,4,0,4,true
"88d675ed7c4809a18febfa527d740cac109c2b8c0968f569dad787094f992f4e",18,24,1,14,4,1,4,true
"88dc8a0c73bc7523030f31706a5d2019d24139b1cad5cf45b32f3436a995fbb7",47,99,0,34,0,0,0,false
"88f4e94243ff87627125e8f65853b581d82851346bdbbc72f53271776806ec55",23,70,3,4,2,3,2,true
"88fb527ce0f55d2b68ce74c2edbf7e9f7b938f67acb3268a8363e103f7fee7f6",13,29,0,5,0,0,0,false
"88ff0ceceb997692bda00181ef05a001a7921e8c8df97871c490b221290bc79f",31,50,0,31,1,0,1,true
"890cd68e74e2ffc079c637a9191e8951a1d79d616244fccdcc0be1139348cfd8",24,35,0,19,1,0,1,true
"8914392d539359cc5356753a210af56d4e2c02886dafea1374cc7bb4f76d6f19",11,20,0,3,0,0,0,false
"893b5ca2a0038bb7d6bbc1b16582520acb6485b57ac441239fead410323767dd",17,43,0,15,0,0,0,false
"894971627dd1e537f12efa9965ff196cdd080c013bf9cc4b66f90198d14162c4",4,10,0,3,0,0,0,false
"89a049787cc9cfa4537c5cf1413574e0690668b0522751181dd32194288a967b",29,54,1,29,0,1,0,true
"89a79f3a1ccfb5ae89dfa32d7c47050170e0ebd8d8cc568acb709965fba9c259",35,52,10,35,4,4,4,true
"89bb628dba0b34a05f82354e91f30af99d1802a4fafcc1d54c72b86426fc044b",2,6,0,1,0,0,0,false
"89c9082fe05243d714fd517c883118a11ce3f91d084c139405605db4c9e0dfb4",18,15,0,7,0,0,0,false
"89f1487e1484cfc11bf83b460ee9eea57fc909693428f0fb5f12f1b26c97de99",8,23,0,7,0,0,0,false
"8a22bf38966e86ee9c8a4f8b475624e8470ec09458639e2b3888c8af2e5cebb3",14,22,0,7,0,0,0,false
"8a2b3fd944612968801d015af20b843db0552affc8e79ef2775f7f21fd7f34cf",49,70,2,25,10,1,10,true
"8a2ca096cee2fffbf7086a60e82bbf28a9a1c7d20bbaea59151053a32ca61cdf",16,26,0,16,0,0,0,false
"8a339bce6c59b2aa97b8e8efd2db061a7d65b8f5583ddcc4b3ec29a27f27930c",43,75,0,25,3,0,3,true
"8a357d2acec8ca52e4f80318ba774e49a13cdbea4af74f10ee69f64a29cf21e7",6,16,0,0,0,0,0,false
"8a3d3044c254070cbd3e5e21a0c207184a86b6c96c0457d1b0f124aa204bbfc9",36,53,0,14,4,0,4,true
"8a3e5e79babfced57f58b4100267590f7552cd82731cfda653a25794360b704f",18,25,0,11,0,0,0,false
"8a87707d8c197418dfccf6de25f33b389a10589cfc6230b99db29569d41e1e5f",10,13,0,6,0,0,0,false
"8a933701fa813752396f554fd37422a1b68eb912601ec438b6fbdf737943e23a",18,35,0,7,0,0,0,false
"8aa6278bc42ef5b60260a500c5c243a1309f2de7ce9a2c31131a771a0317815b",21,38,0,9,0,0,0,false
"8abc28913035c07411ed5d134e6bfeab4723d97ddd4d1a22a0605d35c94d1a36",30,67,0,19,0,0,0,false
"8abd7dd8940db511c1c0155c02ac3067c47c864ed614002a731d04c7137daa34",5,12,0,1,0,0,0,false
"8ad47bbb67e95408cc289b5ba8032dc5f3d919b545e9b24324e7a018726a7747",8,12,0,8,0,0,0,false
"8ad7472a0d3980aee12718a7e4e09dee9ad4657b4346e112057b57a4739b3fde",47,75,0,29,3,0,3,true
"8add2e6274f7954ba41844add612e166edf8a616e7808138f94124d522384da5",1,5,0,1,0,0,0,false
"8ae1550db6f33311e473c1e853d192dd72623cc02c993608a86382469473fa91",10,10,0,6,0,0,0,false
"8af69692a9cd56e42b13bf7a87d659008d24bd19762902d070fde3b9c9f1d229",11,16,0,6,0,0,0,false
"8b099cf3ebc9daf0826780ef9c22d28036dd636dabbacbcfaf9df86767e34703",13,36,0,10,0,0,0,false
"8b0bf09c784042c7ba0975e4e58f8037a78f0ffeccf9bcaf903476e9496f6bfb",61,87,9,37,13,8,13,true
"8b0e0ae428e4dd36aabe9a8476c1e4962ff1d2c4e8afbcd66ef2223177e3f515",20,34,0,11,0,0,0,false
"8b140f768d2999fb66dbabcd5344a877cfab016eae9736a05061d243a09fde09",8,10,0,3,0,0,0,false
"8b142cca5d752f7d936ad0c57af472dbe281edd9a63bf69717f5274b0590ba0c",4,0,0,3,0,0,0,false
"8b15c2c719afa492ab75ab3d267e9b4ebdf95052ba6329d4e7370833a9019a2f",6,8,0,6,0,0,0,false
"8b2a049a84a1bc9b21fe85df6f304a0b65f21d6af915c874fb1d6950db183249",10,49,0,0,0,0,0,false
"8b310c3a822d4157e327d8805597a53d6919a7c6a18481bded2daf65ff16cce3",22,28,0,15,0,0,0,false
"8b31ad8d075f5b300a062d79fb010dfea11a7138f756ecf994499808618e334e",9,20,0,3,0,0,0,false
"8b352851764d09261e4ee99935f2f9e3175b8256849be9e6c7372f1b262518d9",2,0,0,1,0,0,0,false
"8b57c490c5eef1f5e2aabc37ba5a452da1f132cc00f9be8b093475a95302fa35",18,30,0,16,0,0,0,false
"8b6b5fb297091300fa303a22475bef0de2611fde33ad73765d61212115d2d96e",3,17,0,3,0,0,0,false
"8b87435a8980f2830588a8837afba398c07e1b708654e347c91c091df9da85d5",13,20,0,5,0,0,0,false
"8b89f74f1caf66407a0f3c093ed9af057a16e5cf55bee56d779ea454a6c30b1c",5,7,0,2,0,0,0,false
"8b9159baf55d4e9b9768aeed5bf925eba43a221f20d52857abf1e35a38f03a7c",30,41,2,11,6,1,6,true
"8b9263f8205eaad2c36dae6e40bd86bc780212532949ba452cdfa08f02b4f357",3,3,0,3,0,0,0,false
"8b96418fc7fca59ad70406082a0930e12d7b48dc6410192dc6a41dba2d69769d",13,33,0,5,0,0,0,false
"8bc7894d8a4e46b085d0579e233e3c436bb34e18f9a2a83d4bde8526cde18cb6",3,8,0,2,0,0,0,false
"8bc8b9773838d4a1f386521423cb3d1306a7a5b773a30cc11e612ac27ec23741",7,18,0,2,1,0,1,true
"8bd40dbf0a684d2ffa4c80b7021c652f38e4648c4bb7ea8d5257461a499a992d",6,16,2,5,0,1,0,true
"8bde0ad41dcced57f6aee10f4d8c6490bf4c5e900cdccf3f5b091122f9c35211",7,17,0,7,0,0,0,false
"8c11fd2f6deb730c96881535381ea6e46f5da7e5357fbedac25738096497b681",17,22,0,16,0,0,0,false
"8c248cdf5a6363e6c45d1adf8c337d4b55b91916a55253c99a3124cf6cb2058d",10,13,1,10,0,1,0,true
"8c272b219563b036d2e310c5b6960e377cae2c7eba10e0781659d0e85eb7c785",49,82,8,47,1,8,1,true
"8c4e3349ca9d14978e91548b62903d3e00738e23858b765a9065c90d6044b8d6",15,31,0,14,1,0,1,true
"8c55c430ea3f2bdec5192d0d3b1f5f23571e4a7e1e10f7abfee3eb65129a2911",6,6,0,3,0,0,0,false
"8c63faee3539b6c27b087fe1f209c3ffb25cc1e71a43646118ecf0721ba2ac1e",13,31,1,13,0,1,0,true
"8c6a3dcb1643984f4336120d8034428ca97230af550ed869d52787be7ea8e754",19,31,0,19,0,0,0,false
"8c76ffd3505326bbb4f2d60cd6807d5b1fd8730c147b999ee93b4eee352893ff",4,9,0,4,0,0,0,false
"8c7eac15e56fe39b0bbb36c379764471819275c289b30ee4fddb106d33a660ec",26,41,0,9,3,0,3,true
"8c9663a0fbaff3790924725e7ac3721c4a536f47cf1fbcc67247e00878994f85",9,14,0,5,0,0,0,false
"8cbb77f6549092faf1434da34d4d6ba62c02554c90273f06c5f3e417c8178f31",2,3,0,2,0,0,0,false
"8cbfa7279f4c7e7e60f3546606effbb529666dccecfb30ca3f685aaf2ae5075c",5,12,0,4,0,0,0,false
"8cced6471a6f5db317d9d1e94cc8ddc43e2d6324b118c70c1555c7d990ae5499",12,14,0,10,0,0,0,false
"8cf10d1439a9ed1f8d27606cadcdae7555851c40ef0e6e4bb1ffe2f8ebcd7658",61,128,0,42,0,0,0,false
"8cf43882ff2e6757bef1900973ab26efb1b42b832a640a320a9b881fa501cf76",12,12,0,8,1,0,1,true
"8cfe3b7ab83b932a43f521ca6228185abe8a873d07851eae1385580db53ee802",4,21,0,0,0,0,0,false
"8d151d7c213d1d72437a4bc17173d93b4fee7150bd7ff111e6e55cf698f9e4f9",43,74,0,24,0,0,0,false
"8d26318b3c2baed9d4569c099177b16f5a7ef629d52dbb9ddc027125d5eb2e45",31,39,0,31,5,0,5,true
"8d2c92ccd9aee042994822dc43d2f42157bbff09f04e1c4fb11613c4f6e6e2b9",1,7,0,1,0,0,0,false
"8d3a30572618b43c442380bfa41d5894e152fd2e75c749a80627643b7cc8984b",45,87,0,44,1,0,1,true
"8d4ef1767f86a9892980d2107d329cb238aeae84dfa32897e019a5e5cf5ec62c",1,6,0,1,0,0,0,false
"8d4fe65215b3a452ef35e0df68671a312052fa462a1cc316ef578fc5a28d3c34",2,3,0,0,0,0,0,false
"8d557b6258d61e7ca37be7d63a919e917dd495e3af96d9bc973e50533fd12986",12,23,0,12,0,0,0,false
"8d633fbaadc4e2ba32bb11883d5cab65caeca623c1ed5000d8f4a30287ac8109",10,17,0,0,0,0,0,false
"8d76beabb52e0fd793f99c2620333f23b67ae3502b85eebb5b3b6de09a6a56ba",1,6,0,0,0,0,0,false
"8d7837d596cbe2f2bb2424e1dac877b77247ceb0acb45aba0034e1e407cd1875",10,19,0,6,0,0,0,false
"8d88bcb8145d879de40a50adc240f8f6dfc655f742ae02b86b5c2f204fa5af8d",14,22,0,7,0,0,0,false
"8d954489999199e21e677281cc03bc7882764d6c208fb60cdd552e823c224018",10,18,0,9,0,0,0,false
"8d9dda8f5114883f5067347954227992c91806293fc33b915b78813d478f87c7",1,0,0,1,0,0,0,false
"8dc3b09f4fb0ce22def70b4fe9b8b472c27c4106d79301ed77c4d388b0867f7b",22,67,3,4,2,3,2,true
"8ddb3fd1f2d58b1f862a6062775aaa374f6edaabcabb97002f95030b937c8012",29,47,8,19,3,3,3,true
"8de494f9dbef2103a52538f664d03521802959efbdb91fc30769c81cebf65c0d",3,5,1,2,0,1,0,true
"8dfad874ba76c252a4afc1a2afbb5d8429942d1b26b408252fe222e9671be388",34,69,0,33,1,0,1,true
"8dfbc6ba300cde6ebe747cf985cf9221bf3594981595b9c26bbd108ff19a5598",16,33,0,9,0,0,0,false
"8e06ddce5078661808355f630d47b65772dc2fda4ac1af3c901aa41c9291ba04",81,124,1,42,0,1,0,true
"8e0d3c6ace7b80c80d945eaca495ff2cea7de12e9cf736dcf1fb9aaee07b4dd2",11,11,0,8,0,0,0,false
"8e1fe72e1b0acff83779456f492663d4cb8cc6e63526ecd0818cee3ebacfd27c",6,8,0,3,0,0,0,false
"8e2d69057bcd0087794cbd5ba37e3cc9c97226c6bf1198f9c29d6ade8f008f35",15,26,0,7,1,0,1,true
"8e37b9149063338d2606522e375aa7bdc133bc7cf17e6aedc10305a270cda304",13,38,16,6,1,7,1,true
"8e4011779b2b1510e124867fe1c1fadf01cf3ddc7263a41579617444fe3c8ab0",1,3,1,1,0,1,0,true
"8e7da85c75c8483c857742d41614fde556a3a0ca98e8cc3c8b58e7c67d5abaa7",4,8,0,1,0,0,0,false
"8e821c0e45eaa5aa2346ca0370d5d1f83bd72bbca2e492f453580e96a1c6e20d",17,29,0,16,4,0,4,true
"8e848cdfa6478646ed032db3a66c93cc2ba29dc804b870adf9d6ba4dd89f4d2d",87,154,3,87,5,3,5,true
"8e89b10f6ce850028a6d390cbb229f0d0f20ef5a647daf3fc3c3f9b875a60deb",17,28,0,9,3,0,3,true
"8e9b6760c249d5a67c3e6c4ff7cedcd5dfd7f5049f1c5956a52480fbf7bf447f",9,28,0,3,0,0,0,false
"8eac62d83a23008dda6ac6fe4b8ec9700fd2057daea0c304fafafeba49159e35",22,36,0,17,1,0,1,true
"8eb67a3b0c2c7556c569661c94eedb03dab12bebf0e0a1ee5c34dffb6b5cd957",1,0,0,1,0,0,0,false
"8ec2ffb1c4a5f5494f3abbfc629059034e9afd687f13b8b3df0aaa5a76c76b21",19,48,0,8,2,0,2,true
"8ee14b1be538ab7d00c1f056d31d70332834c86b68704dc2ca1f5ab1c4e4fb3d",9,21,0,8,0,0,0,false
"8efd5b82f10f0ba88d2983821d56587837479e7e1a6b47bd79dec7b133781fd6",13,38,0,2,0,0,0,false
"8effa76c77750c50405d71bf5836e7d0571af98a03051cd39d90417c471449c3",3,4,0,1,1,0,1,true
"8f2090ebb822e22ea389231770c51e7c85dac16c0f63d9620b7f8f48484bb0b6",12,24,0,3,0,0,0,false
"8f2d88a2162960d63407c86b8121e445bdc44b8d753a82640996a0f92a835a5b",9,16,0,8,3,0,3,true
"8f3c7eb40c99c23e1f2b9f1d6052b14ab7ca4e982f424716765cc81676f6de77",3,8,0,1,0,0,0,false
"8f3ef7af94391e2f7f52e1daa2741d83c863532a262754a8f4e18b431a4275f5",18,40,0,7,2,0,2,true
"8f42a35df1173387ba2c5ffe34384b3e4517ce4ec11df13db67d5f2211267cf9",17,12,2,7,4,1,4,true
"8f70252d8f78ead227b2406de527384ceaf8a93a62e9ad5fd10aa7ce776e1992",29,39,0,9,1,0,1,true
"8f79e8d49e1513486501c6265ee93f2c177e8f450e2039444646ea6e08ce5de4",3,9,0,1,0,0,0,false
"8f9c953a4d2c77685e17e7e9e6b6da3088e5edf2ed4b9105922f249235a3d669",15,18,0,7,0,0,0,false
"8fc25276d04bc9deac8812fa0961a1aa7ef24e97c24ff4b5f5263cf0bdab1ac9",20,32,0,10,1,0,1,true
"8fc3a0a8d9438c8bcfc030dae0e5b12e5aeb3d6d656f79d1364e9082246ea777",19,56,0,17,0,0,0,false
"8fe5fd2c83d89ca070746d8ff55d749196909452cf442dcd46630dc0fcae2537",16,22,0,11,0,0,0,false
"8fe8af0476ec2f270bb65bb88b4cebdaa336904a7fff93b3d1551958d742baa0",19,32,0,13,0,0,0,false
"900c33b69cbe34748df4443f7681775a02b30599e3bab9c7c9f8b3225a3b1f1b",13,26,0,5,0,0,0,false
"9011a61f9abfe61961383a846a5acf42e7b0be562a9942f11ab80ab8c8050a33",51,106,0,50,1,0,1,true
"903bf59c7c6a9733543282e98136806dd4f5a9c775132ff5a42e9fcb4ddb6f2a",23,39,0,11,0,0,0,false
"9058c3f1c742cd26735f8682a0aa8294b6d3b60f539cf1a471de32499142423c",29,40,0,14,2,0,2,true
"9060beb772d261efed6d633eb778fdc13314ee1140c4d376dc6025580aa7163f",1,0,0,1,0,0,0,false
"9066c0e23c42313df53e7d438d4c1972f1478ef9646c45281c87471b037a3c21",4,5,0,2,0,0,0,false
"90697c8a5551539b87a74c0cd928d1574d2cc224e32c5c227a970959d76b6bb5",17,33,0,11,0,0,0,false
"90aba0ff9287fb0c856b398325976c1350aa72570e5fee8597e566f68b7f832e",15,27,0,13,1,0,1,true
"90b62edfad036dbb16bd02deec111311e9f32d35147e0d4d4fc981b77ceebb1f",8,12,0,2,0,0,0,false
"90d239cc651327d97ec064bd3d5d8587990facaea9e9de633be1f3de424034fd",21,33,0,15,0,0,0,false
"90d65279b7c21648875949c4885bd5c588ca547e343027f130b3d0ee34640336",37,68,0,20,3,0,3,true
"90dc5acb211660ff285e6d5eb833cb17541b279a01c4718d209219781eccb13d",10,16,0,3,0,0,0,false
"90ea0c2e20538e273c738019a38d9f250f430b10382a5708a17ba325128ef668",7,27,0,0,0,0,0,false
"90ec1d8eec3045a257fe12cd1779b9553276654b2805fc28c20c84ba88308ac5",19,35,1,9,1,1,1,true
"90f9b22631a09ec921847b3cfdf68a0734e4c7b9e7c1730f53bdf74515723220",10,15,0,10,0,0,0,false
"9102087ef2560d517f364113cedc5fd324a3369dfb6bc5828c2e4f6c5d002f77",19,22,0,17,1,0,1,true
"91094275b5892faaab5ee2cf6893dbe00c61655858553c1273ec239cdc714781",12,24,0,0,0,0,0,false
"9119ecd2904c8860df690c3b4ce28120a12ffe32d65a4934b0bff6420a9aaadb",5,13,0,4,0,0,0,false
"911e8f598b4240f3ae1b957f94bc187cc79229f32c50f506173f1f58527fe7d1",6,18,3,5,0,1,0,true
"913fb93a270019445571fdf5a2daf09afc3f93d009870d3ed671608b3fa5c87f",11,13,0,11,0,0,0,false
"914dc1baa2e7702ca6566245443cc22a1b5db6433943c1d1f662736d28cf0495",26,35,0,19,0,0,0,false
"915e4b10825dbd7f7c8762c1c0964893da0fb56fa3ac901bc974aa0a094cb59f",21,32,1,16,1,1,1,true
"916315045be9861c47b22a8b2502ea266e75659d54fdbd0303ba1b9091c9632f",16,44,17,11,0,4,0,true
"917980a35b241c28258484bd592a0d58aa669ae8e8a9e03036642133fe1834af",15,31,0,14,1,0,1,true
"91949be675750faf37b6825409514a055ee18722e5f6d2d8614defe2eb6196d2",4,13,0,1,0,0,0,false
"91acbf2ee24b5ac4d51c7f470e9c0560799003f55699c464e2a7d364c4d4bef3",17,17,0,12,1,0,1,true
"91f315db02a9be02b13147622aad92beefc61771e72f8aa4f0904ec2c1e10427",28,70,0,28,1,0,1,true
"92142bb4577cf321f87081e168a082b0e5a83ba9e4cb5a552fb3dbbcc1b0d981",2,18,0,2,0,0,0,false
"9229544366366dc1df1b4a500901ea1a0b678d80897e31ce3eb4a4c4593fca6e",57,70,2,27,4,2,4,true
"929983b14e13b20c63e028a760e22dc71dfe22166469a96765e18a8964b68434",2,6,0,0,0,0,0,false
"92999c37c1323f501373e3efdbe9fd886564e00c2ac67f4318708e450ad11c0b",4,4,0,2,0,0,0,false
"92a3e902b97bb2fc4ff1414922c1a2b99b8ae2ff9883e04df6ad76cbb96b49b4",13,21,0,6,0,0,0,false
"92aa492a1caaf67dc9e1ab3bba19ca75581b19e0cbe1bb4a8e871b9541090c7a",75,131,0,75,9,0,9,true
"92d3f7fa9646624463d3d4d1667b0385d4b91f3e172024ce1d6c803f4aab83a1",55,62,0,55,3,0,3,true
"92dfdf80966472fb3c7d4521f539ce581ac19a3a9db19fd89dd57d090c012b0d",1,1,0,0,0,0,0,false
"9300128650d6ac0387c5a98cb697637c5e0e5432694e6993d5276fac9b507cda",39,79,0,38,1,0,1,true
"9305b0f1032e14366da60399707d4c3666d9cce1bb28cd32d3386549293028b5",45,85,5,24,2,2,2,true
"93069f45c1f6924093328a76c1285bf70b1b1910be869643f0f85aedd8617931",9,18,0,6,0,0,0,false
"9309715ef54a4d35b7d60c3f825702ca7ad6b1ca13d8b949e295c755dc99fb4c",90,173,0,90,10,0,10,true
"930fd583290d0bceea3c89adc7111278288ae9cf6c2b320295563a17ce206f08",10,8,0,10,0,0,0,false
"93162653c1f8ae5f68b8bcf7ee2387313377bdfaf1e768e6608f821c81860490",86,159,0,86,10,0,10,true
"931f5d79888f6328e0b7c64038d7d2a5dcc00e6a3decbc31cdbdbf978adbee99",12,44,0,12,0,0,0,false
"932df6b6bba88998d97d836c23fb841378292c3b1954a8dde65a7dc549ed124d",1,1,0,0,0,0,0,false
"934446538de20ef562c314fc4acd058d8d612cde792798f09035486203f27167",11,27,0,7,0,0,0,false
"93611cfdd7e85af611791b410bc99420bcafe21144a1a885dbb74f6a843873d8",2,5,0,0,0,0,0,false
"93684bf8c8ead19b7c1505f739c43a27a1a321affe7c1b6f993878ed51545bc7",4,11,0,0,0,0,0,false
"9379b6c19a284c0b16b9907791d922e3b4e915e2cec909401c1503974f2e511c",1,0,0,1,0,0,0,false
"939b5e6da8c39c0d993825488eb97c0efa793dd0a8bf690853bcf65da0dee2b2",1,1,0,1,0,0,0,false
"939eda257cd15aa6d674ba4e484285ab8d12f48400a6ea56ba860c91e5c1ffcc",5,12,0,3,0,0,0,false
"93b69eaeee665ecc00f608fdf3492c592b551c4d0f61e7ae14ca3be34b22754f",15,17,0,15,0,0,0,false
"93c05940680e9d119928276087876d5ec3cfa5063489477d884c4781860fbc59",35,68,0,29,0,0,0,false
"93c5e22d071a330e789bc6a62409a87a0c05966273977e22fcabfc57e834f548",13,26,0,5,0,0,0,false
"93d19b323410d6cb4373e869a7c0f7711c39d3103fb82c4d65649735b3129607",15,23,0,5,2,0,2,true
"93d76f244977df8a642cd43840e4278075a17a4e203de4ac5bee394f6644178a",47,99,0,34,0,0,0,false
"93f5d2b314e4d56a5b8b900ebf3af5b640315008d6a7293004018d167f535542",32,54,0,13,3,0,3,true
"9407a6e649f5c0b49e23c393d9382286fe2e92bbb37f737fa58dd3bd031801d9",8,10,0,2,0,0,0,false
"940b06c99abdd9a632eec17e04df39564b13bd682ad110743152225cb510324b",13,13,0,13,0,0,0,false
"941f5d7bff61357b7c9e911a2823f454ed61e7837a609bd9c30665bf4fb26dd2",1,4,0,0,0,0,0,false
"942313fdfa08b9e7ea65fbd17085fa6c04dfb7786b26bb37b1ca0b6ac7f6ab70",5,13,0,1,0,0,0,false
"94313c946697c20f336f380782f7a7083a475c7cd18078c54c8d8108dbed6985",20,30,0,8,1,0,1,true
"943a7d74c7f3e65c0ff6a61b1b57600ed6957345518169736510d8aed5599a09",11,12,0,7,3,0,3,true
"9458648be66b2dfe402f35eb4e0ff03a1d98b4683d93c69669afa97c6dc9de7b",11,18,0,10,0,0,0,false
"945d4225e694344ba456f58e49346ed2d977d8634d8ea779bb01cfeb99974348",14,14,0,5,0,0,0,false
"9468e03c43bb1c5ea3ff09679ff00bfc54e562d20b39e80e0a4df203d3eaedb9",15,29,0,9,0,0,0,false
"949649b515a171f0ed2a7b3d32f02e52c76868991aaa5c31260f5965b2543eed",4,7,0,1,0,0,0,false
"9496fd443188512b6a58fb939c981ae27b0536538dfe436160a6e3df3ada1206",11,12,0,5,0,0,0,false
"94b3c032a5701c727281c82ede3ec446c7b452bf0387a47daa2606fbcd68f361",31,20,0,19,2,0,2,true
"94cb92e72554da28c77aa57590ee1f53437fe732c4ffffae87c8ba03adb52cbf",13,21,0,6,0,0,0,false
"94cf99e36cbf4c7557bf6dd18732b749b5675b902556c4f40919a4c7d435893e",15,31,1,14,0,1,0,true
"94d328b8fb8b31a74c6d316e157b9d427e4f46def0faeffbf426b392fc6020ac",26,41,0,12,0,0,0,false
"94da343b4e485efc91b86dff1a5eaf8cbb2081ae7875fef4702b65435ab8ebcb",67,123,5,27,4,4,4,true
"94e680699c16a4bf9f09d9077b7269c282e4162d5f331bb4173bd2095e18ab94",23,37,0,14,1,0,1,true
"94fc6902b249e16138b8319beddf124857a90fd614a1389abb3ba3d1e5fcf1f6",1,2,0,0,0,0,0,false
"9511a013acf36d1b3ca26f8628b2fe2c258e70719ac284b46d8f28782861e3b8",17,18,0,10,0,0,0,false
"95193c1d1efc4d6fe58c92b66638e86565fcbb6a3528e1db0bf91ea1cd583f1b",61,87,9,37,13,8,13,true
"953079207c92828263dce445673bd2e41987cc0ed7acde0304b1a2d0f3c2a702",6,11,0,2,0,0,0,false
"953455cfe371352742ea34134ed6dfefae8844ed44511895fec729edfb166171",15,19,0,8,0,0,0,false
"9535c94da0062c3a88fa39ebca4f877d9c663a6b5dd800354fdb9c97ccd83152",8,17,0,6,1,0,1,true
"953e50e529f18ae10d5757fd8a8b8266cc58422416e3a763428388d4abf8aca1",1,1,0,0,0,0,0,false
"95468d6baff19b53e54ecac4b9b544ff7eb8f2a19366ff99ca55423c8ed187f2",45,87,0,44,1,0,1,true
"9564ef09169e5d803ba201deb2f2f9d797b769c36a35e7738f8e3018dd39bd4e",17,23,0,14,1,0,1,true
"956aa4ea680c004ce1efb97dd5d147d6d2eada11e11d5bfef6bbf1cf9facff9d",5,14,0,3,0,0,0,false
"9571e58b3ba2ca75b8ef3c6d29770868a315ad851ea21c635d6507808f6b3152",2,4,0,0,0,0,0,false
"958b7c4fea1f8d23c0fe44cec9c88cee7d1d08933e71e560789f51690ecaff79",17,29,0,9,1,0,1,true
"95a8e0018530226701ef8d31c7d4c2fe20ed9d7c303a14a70c3d96848ca4fa54",44,73,0,43,2,0,2,true
"95e43b26f26086f01e16d1d367797fd9ca46d0853e29daf650feb64134dcd531",1,1,0,1,0,0,0,false
"95e79483a62a1a1aebe8b6d190f793d044cc289e1233d84d800217903af90b30",14,22,0,7,0,0,0,false
"95f6f3e8b05196af8f896bf0c6344682897020fc452803fd4058194470a4f758",6,9,0,0,0,0,0,false
"95fdf9f25f514cc679f65a67f008597b964cd1f8f74c56d288413d531b2244c8",8,6,0,5,0,0,0,false
"96069191898f8412bc97880e68a7bca8a54916e8c71e7161a1d2e8fef3c1ceda",39,50,0,22,1,0,1,true
"961ef682ea88cf111e6f15b2ac7e03f2986a3fa36c7ca7d1d82ce4713d9bfa33",34,62,0,16,3,0,3,true
"9620f3f9a3315b8b144bd3b50733a40013742fd86e9c63162874b6eb047daff0",13,32,0,5,0,0,0,false
"96268a9b77af16bbd1685b4fb9706343c0ffb08dfbeaeb2dcc0cf7673f77e733",4,11,0,1,0,0,0,false
"964d30c5347fc975dad81d84634b22bb578b9d0e733f13a91b44ecd459001342",32,54,0,13,3,0,3,true
"9665ef7c77f338dac19adf04d2536ef37472270c01fb67fb5c666ce8f4a7a288",15,25,1,6,2,1,2,true
"96696fdad6be7b80ca081ff2d88599f5456ee8724bbf151bd553ce4fa0a2dfa6",38,81,1,32,9,1,9,true
"9677074ae7fce0e8c41747377da02ebf4e1cf06902c60c4fe64ea0ee6aab4545",9,10,0,9,0,0,0,false
"968eb0db459a2b610a32079b0b5c66b9fc768747474b704c0a8bf339cee79334",9,31,0,8,0,0,0,false
"96b10c6777a412c435774f855b15a0e51bb0c2d37f00334cae31d974ff610b70",57,70,2,27,4,2,4,true
"96b5d72f52cf749ea77671f22e2543b8e5d4b850cd39d61a4f1b831eb14eb848",48,88,0,27,0,0,0,false
"96b88cd87dacf077cd145a00bc2dcef8472bce0f3cc937f6644adb3865471b23",6,12,6,0,0,2,0,true
"96c3b90dc2c8a9addb183eaf49c6c8e2d5e4be89458c6814b44c3f6181d879e9",5,7,0,3,0,0,0,false
"96c6a73863de6e331d8103898f421bb7af719b87bbd4ac14d5a16f6b2662546b",12,29,4,8,0,2,0,true
"96d51751f924c938a081deb740056dc1c5cc60c6e645672062531f82957ed2fe",15,28,1,14,0,1,0,true
"96f422c38226141f8df1b29a58e4fecd95c23e25f0d4e17c44f462b0c60f569a",6,21,0,2,0,0,0,false
"96feada3dbda254c77975fb1492a2a0c9bf2d0326129f1c10a8cc7d232fcec9e",4,2,0,2,0,0,0,false
"97051d001eee51e19a52aeab31a99d91ef0822366285eb0272ffe8d3ae67f618",1,0,0,1,0,0,0,false
"9716b6def4137a647580402acdcb4f2d8876614ca33992d236a4045e38bf5835",47,66,2,22,0,2,0,true
"971744789012f2d7792d4a502a8bc2b80208caefaea64a4973a9f4a1977bebf1",15,18,0,7,0,0,0,false
"9726d6f1efb0ada9987b1f28f8080804248ab0847b59d5d04b91d2176af6b276",13,38,16,6,1,7,1,true
"974e52e68fc84454ae16f58639d55ecfd3e17ed2071b788227acc926021cdeb1",1,9,0,1,0,0,0,false
"97695218047e99f979b7703cd783175251255f934909abcf64e32e115a49bcdf",20,36,0,13,1,0,1,true
"976ed5e0c6e995ebf48dcee62d38fdd8022269596c411b7c842099630f619019",34,87,7,34,1,7,1,true
"977da7a1608550f7f71fc5b8739570070d16cd307dac68d54b313125cc834656",9,17,0,3,2,0,2,true
"97be4efccc2e72178c1c80ef836827ddd97c064583b1c95772f3cb9e56fe7e76",14,28,0,11,3,0,3,true
"97c4042c0e38c6850ed42f93615e1b74cff089814a5376385819a6d67eaa08d8",6,16,0,1,0,0,0,false
"97c83287d8fd8f1bfdfdb4c9e3a97f15711cff83093600a37c60d51972af5bc6",24,31,0,15,0,0,0,false
"97c97c24f5f1158567a130466be4a9a81607e4fa4230d94e1b22c3af108e7c9a",21,22,0,15,1,0,1,true
"97cfe76e69c0f45159e8229a7f2e0d1c289cfefee05a01df92a81d2e7b39bcde",22,42,0,22,0,0,0,false
"97fd04b189716c491304aa3f7139a9825a57f2981e12d1ee1bd2cd280deb7548",67,123,5,27,4,4,4,true
"98205bc5f857bc5576f2904d5312c7f1438053e95e92be37ca5d13941817d1d0",15,23,0,8,0,0,0,false
"983532a422af909f3fffec0f0af7d617729adc136754807aab4c25eb7aeaf493",4,13,1,0,0,1,0,true
"98366517421148a7966dfed32961b6d441e0307e838625129b80ffc676a1d529",7,17,0,7,0,0,0,false
"98368a6eb8edda83287dfe8397e034d5b5025d1928ae0607f3a818a6ea4c8ae7",11,33,0,11,0,0,0,false
"98563fe11c3e567c3bcae17026e09ea7650c662d2a797f8b04bd0b00dce1bb51",10,49,0,0,0,0,0,false
"9883cdb6740d685007a88dbd5a1269ffc1550a81a182fed5de3748356d0e342c",8,7,0,5,0,0,0,false
"98b8a8bb1f29ec8bd430d9885a6785335f38c2eba41fcd66c6030dd4ab009c1e",60,129,0,58,1,0,1,true
"98d06f5676debc0d43e1056c76acdcafb5afc4b44860b56b6704adda85e05765",52,108,0,51,1,0,1,true
"98d7c26a9ed1bfc00172ccf27e10069fd5fb3b7655a2916062caed1d2ef1e22a",25,67,0,8,0,0,0,false
"98eda5f67e4a35d965abb2b254dd5c861536407dd2caca535a4b77825ebb3bfb",29,47,0,25,0,0,0,false
"98f55116d6846fec7051717cef62424786e79a4e2f6495a92d499621f5127040",9,12,0,7,0,0,0,false
"990f095647b637a3cbbc47eefcf35bfa427d193cb1902c51a0ab7ad1f3b90693",16,16,0,14,0,0,0,false
"991983b412de2ff9f428fafe9f84abaf11b254ff096b560bc85d7d6aec2a78df",8,20,0,5,4,0,4,true
"99367fa5f33022ea3cae2ac354750535d00640566a65ea091b35d0b23682da95",5,13,0,1,0,0,0,false
"9937086f1222a6306f32b30f2a273dd3dd50d1b4cbe8f2c39735e61c48b84172",13,34,1,13,3,1,3,true
"99412caa6515ca93a6f17256480a6dbef5c3cb2e8b67cb9666a209b64d4a8142",9,18,0,7,0,0,0,false
"9950bc02407ca1a41d534fc829da6907a7ca0656aa348aad4e74b44cf85ea6ff",3,5,0,3,0,0,0,false
"995390297e885b9e789a728665908cf557a9ce327ca757d2201e20eeeece79ee",30,52,0,7,0,0,0,false
"995a77962258898fa3f574a5729a69831e0cabeaf43a43987ca8829acb59715b",13,19,0,5,0,0,0,false
"995e3a58b3cc7e12a85f2c72c23b1eeb29af4f71679547a66eb82eaf48dbec1b",51,61,2,25,3,2,3,true
"9971ce9aa0bdc232ecc4ac3ce5c34855f5e2c0b9a4973efd0f7c6b218c966f5b",17,34,0,10,1,0,1,true
"9981825664a56cf0ad5b5cc8fd6b7193a580674f6be97c694dfb31ccb0d920df",4,9,0,1,1,0,1,true
"998bd960724fc7eda978da9dc6764f70810f3d731566f035f9eb172e3332a8ba",47,95,0,46,1,0,1,true
"998e1a42589b06a2345d08ff51e730a4f45cb9828e2258610227b887e6bf265c",17,31,0,6,0,0,0,false
"9993858bb63ecba72f21f8d58c8f50a4abec11b57ef69dba70eaaa8761fe10ae",3,0,0,2,0,0,0,false
"99951f5c02fcccda576bfccf3b7ad77cb192fecf742132b04c93d02660a7c734",26,32,0,8,1,0,1,true
"9999d894a1c72aa08aae96a40c3c13a80a95a5a520501c257af2ed3530c26980",16,29,0,5,0,0,0,false
"99a186f4abad418fb0bc4c613a13a70c634589c2f22a712cc7ed4123bda04250",17,30,1,10,0,1,0,true
"99a5c6748fc650f81236d05516dfe7ca6b396726851a40107cfef6c691269736",49,82,9,43,1,7,1,true
"99b259982c64531bfaf9c78a3ed4b2164693a020cfc02a2e38c37be78fae78c4",46,79,0,24,1,0,1,true
"99bd0ddc506ee13fc4f433f0627092034dc38f4773ec16930a1823a1174431d4",34,29,0,17,8,0,8,true
"99defb40400ffb19ff29ac8eae40ea78f44a98dbf88ee6a62af0bb9c892828c9",15,13,1,7,1,1,1,true
"99e5d3fa955bc5e07bba3d87aadf87f4520d571c762d70517e0fe8e2e9603d19",71,125,4,63,8,1,8,true
"99ee9f67581a44401ee6d1d002b749414d3a8cfada1db550ae4856c92f011f7f",8,17,0,6,0,0,0,false
"99f98ecb0d199523a937c327daee39ed5029303656d6994868880ef62ef59919",35,50,3,16,3,3,3,true
"9a2efbee9f3be796a600a8c288eaad2e709dde25e376dcaabf49e59a9643f872",12,12,0,12,0,0,0,false
"9a4cf40826124324d9c45c805d1512ca5b08cf6a6f70a11cf70e719194d9a36e",44,82,0,26,3,0,3,true
"9a525da0c58ef0aefb641c1f38956af3b29710e3078ed91ea462f1a65ede623d",5,13,0,5,0,0,0,false
"9a5f6ed4bfb9b5e66a1db9ab4f216b88e058990f02c9549dbb9675e4daf059d5",14,20,0,6,0,0,0,false
"9a6ff5a0c0ea53198114097fdf6971f9c8a7caf41cecb8efda75c04c684bfb4a",96,150,1,65,0,1,0,true
"9a9bec8073a63918ee7242461fa5635dbdceb0e8deb5aae774367c5240370067",14,34,0,14,4,0,4,true
"9aabb3fc3e8a3ff57d391cc6a24d3e2d53f46f14a4a15f50c6b4e71f544651b6",16,27,0,10,1,0,1,true
"9ab1508f524f1156c31050d289426c9c04a58eec7fecbca4eb305abb545d343b",45,74,0,26,0,0,0,false
"9ac40b9b2616eaa58543aaee3f46ceebfb572c071a6b31f83e7df95d15439d7e",7,7,0,3,0,0,0,false
"9acf2b117fb61fbfa1df37fb09e21372a16a0763c117bd57ce1c6bf4b4163366",24,51,0,8,0,0,0,false
"9af3cb44f542580e0828c39a1d3dfc4936d8bf77303f27e8965e232168b519fd",30,52,0,21,2,0,2,true
"9af9fe0299d91208379a1067619147b59b360cdb9803fb41a7929f3c272c8805",9,10,0,9,0,0,0,false
"9b227de657aa47091be6e9a75d42356ada137ffb9e923a714564e9ec5170a1f1",1,2,0,0,0,0,0,false
"9b274ad09bec5d7b63e5c0d5a4bb5d78b6a3c2e2fa1098dedcf606f8989dcc2e",19,33,0,14,0,0,0,false
"9b784817dff1620a3e2b223fe1eb8dac56e18980dea9726f692847ccbbd3a853",3,6,0,1,0,0,0,false
"9b7f31c0763b9588e8e39994f5cb96b6c0c3890a36aa5cb0d8bb7a81aa2fd547",2,3,0,1,0,0,0,false
"9b8177905be5a08c95a9b4da071b5fc752da4f55a3ece724cbc3f446c9d6c775",18,40,0,7,2,0,2,true
"9baf9dba809341a8d39e2d59bdbb2bccdb378a2368bff169a3f9fbe70142b1a8",15,14,0,8,1,0,1,true
"9bb325fa66a70f79a58e29b60cd0b10ae9daa3056775bba8ea7071db02e9db2a",5,29,0,1,0,0,0,false
"9bc20974a79e4b5b267f769df68c1edced991088ce1f08272f5e8c1d02e9b6b0",4,6,0,2,0,0,0,false
"9bcdb4f45c20bb21575ec4fb9aeda4bdf9368d3afd250013ce0bd0a683bc2dc8",24,54,0,18,0,0,0,false
"9bf54f98e7994f0458bdbbe0fb431aa479d7ba3b2a5d41485d93235ba8ed1c80",1,3,0,0,0,0,0,false
"9bfb7f6e3b3856a5458d7e4a2031e33657ab85822b304eda9b208e1ca179e5f5",6,13,1,3,0,1,0,true
"9c0278e194be42708f2b6f11b5e40947b2c6daf2dc63160aab98e18a12701f79",14,28,0,11,3,0,3,true
"9c0c872a2ae03deba033c81f5c1f8c594fde8251d2549c5db1a4cc150c96b8f8",9,15,0,2,0,0,0,false
"9c195c64bf69d34919af3b334774d094ed3cb038a71d5b8df7a411390fb0678f",20,32,0,7,1,0,1,true
"9c1d379661acb3cf357a8a3b8354a20d24a876f56e672b7095e8fbe89f697081",24,30,2,19,4,2,4,true
"9c28ac89c1d486863e83081d25339ad57d02e299eed6147ac0e0718bfe9a91f4",8,16,0,2,0,0,0,false
"9c3a507a9ac4c6b0a4ce3706d3957346e5dc37662c9d5cad6b91657c35906a83",6,7,0,1,0,0,0,false
"9c3cc53ffe7ed6c25e9b1e3bea4f1d2b63c6953fd4b63f6acca9a01b1593c49c",5,7,0,3,0,0,0,false
"9c3f09d7a8441c8bfbe11871f8354128f57a71d4d5e70b2830452107392dc977",4,7,0,2,0,0,0,false
"9c400ad39c7fd3d7b38014551f9ea40b2dc72690664ae880f6ba51be71628dea",7,19,3,6,0,1,0,true
"9c4cb0e5941247f5697dc3d8c819f2a6383e4de8a96f23342f591116d3f3d9e7",66,112,2,33,3,1,3,true
"9c50189157c4ea350e8f8fa8476fcc4776f43f8b408221340b2837f87d4e3f09",1,2,0,1,0,0,0,false
"9c51669a75c47414b778f0f5bfab14d3c59ac5f85cb448e575e308dc89c5425c",7,11,0,3,0,0,0,false
"9c650c9f45931e980a7a3c729d59fc8d2a000f04bb96dc2e9783a74e91bcbdd4",24,38,1,10,1,1,1,true
"9c6d98820f17229236d4f7be9c49204f12192b30bf94094c8c8c7c8389adecef",31,72,4,16,0,3,0,true
"9c8830bdb1fe887a09cac82abcb0c9de70b55b8311c210b99f8962b56d3c6d78",27,42,0,16,1,0,1,true
"9c94ff2be2f0acd406b2b64ac019d42d31374976590a027aa10c96701bf11550",8,54,1,8,0,1,0,true
"9c968da6c6e0291439c903ca35891d76b5ade22a490492303a1f4ca25959a192",31,54,0,16,5,0,5,true
"9ca9f7eb42d6f86e407e9238fee3e44b07c1503aeba0fa8c911a1c05b83818af",1,7,0,0,0,0,0,false
"9caf42f4d410e95f648e3ce7494c555933329abe2fb20f1eaeea1c4a6d230ee9",19,67,0,19,0,0,0,false
"9cc0613cd610bb623be169d6face8b1921d0406f88b17e15c3a1c0679f092e90",22,30,0,22,3,0,3,true
"9cf1f0e5b99e5b0c5467d0cf67470aee9c37103c501948b6cdf264cabf55dc4a",30,55,0,7,0,0,0,false
"9cf5cbee345b9b64db1f15a2ee9b82223aab5788d9b637af618d9ed625c16135",34,47,0,33,5,0,5,true
"9d2b83e13158c60166bd031609a9fb08d48ec3af9b935af302e433aceb822b05",24,63,0,8,0,0,0,false
"9d4626b8d2dae4c411d7bee6e2b107780bd9e229bcab8b80f08d6262cf2a15bf",11,15,0,11,0,0,0,false
"9d48afb6ac9283388f713687a05175fb6a60ff10c5a0646f9cb0a36d8eba13f8",3,0,0,3,0,0,0,false
"9d55e19fd956cd9045d6a1b443934a9a96679ca1066f74ae2279ebf5bb72bd5a",29,50,0,13,3,0,3,true
"9d5cd9c146c23b2044aa077f29c7f77e83c34fd69268295ca4856e4e86e5f807",1,0,0,1,0,0,0,false
"9d605447a1b64dc7551f6a0aa61cbce9cb1c7322e221a21e1d30f6b96c3fdb4f",4,8,0,2,0,0,0,false
"9d8527e301255206d0ed34f8ceda8d2f726a2258053862cfdd70d43f3e0ec9ab",10,14,0,3,0,0,0,false
"9d93be2e0c2ea02291828d84e6a8b8ea224551d5a37c22ad59da22b3c5490307",9,16,0,9,0,0,0,false
"9db7e8c8c53b6ce34afba8f8d986ff00512703c0bc4eae6e699ef3386ecdeda4",8,19,0,7,0,0,0,false
"9dd8c6edc028be53b3016caccb9b60f98881ed8d50c3cb82a2650a1a219b21b0",3,5,0,2,1,0,1,true
"9e0de027693fcc6ce522246c54643103b3c78b14a205dc53f1033ab4173a30d9",10,21,0,10,0,0,0,false
"9e2a52320548561f9381ca81cb90dc5101e99efaff25bb66219ffaec2c649333",8,12,0,3,0,0,0,false
"9e2bb51552d408f74ccf5209c824e28252b7a878d27764e1847ed26f0928ef93",7,16,0,3,1,0,1,true
"9e2c6e045b3eb0a08809050cd356e12ebf8c5cde41328aa5331edd6a93a76b09",41,89,2,41,1,1,1,true
"9e329f20fb6e9a3473aebfaf01ce68c2df7c56607282f6092641db2d6bf0ef58",23,30,0,17,0,0,0,false
"9e398ab7ca651b4277df9ed390f4e012465c21447bad21ed6a0e9c6b975fd532",16,25,0,8,0,0,0,false
"9e43269d51fb374025ac4eed3b0cc74811d713e697ba508c93e99177226cd887",26,40,0,11,3,0,3,true
"9e5755fc1a1b7deed3cece244f6a232518dc2a8fac4a02755fca41ac1b8aa7eb",11,19,0,6,0,0,0,false
"9e5d7dc78ca00fc7c7afc914a0b3ecbcec61b4e7b1893a84bf47c3b811c68aa1",19,27,0,14,2,0,2,true
"9e6821a5885532745682bbf649163712065a0058dc5dddf56f8084566c0e6617",15,34,0,15,0,0,0,false
"9e6e29693732554760b5955a67832d0772f0d4d5d6ad13182d9243086316e2d2",21,55,0,8,0,0,0,false
"9e88cb8252b49135c0bd3559d00eef65ba2339b4f6d672fc1d967df3cd211b90",52,112,9,45,4,2,4,true
"9e9d9d4390e353706422b28d730d743f5ae5fa9e2eb62a83b90f18aea65bf2ca",8,11,1,7,0,1,0,true
"9eacbd2d0fdd197bae3959e474b71d22a1664bbc7ebdf600f0d824d591ac42bd",13,22,0,5,0,0,0,false
"9eae5faac651b3921fae4fd1760bd96676c065b4b0023d7692117c260595e7e3",7,7,0,3,0,0,0,false
"9efdbedcd5f5113c57bc812ce4b600e545be59043e7431e8b61185e54aead23e",7,9,0,7,0,0,0,false
"9f0e0f7fc996ece51a7baf17886159e1a7c90491c7e72da4cf2ccc6fd3677df8",8,16,0,8,1,0,1,true
"9f10e0527cd180e53ab3da55484eca00c004333309fbff81b5ba8a52d8909f26",16,42,17,11,0,4,0,true
"9f114acbfca10fe7c4ecaebeb9df3d37386726079add211f4abe80ea2771c7c3",9,14,0,4,0,0,0,false
"9f22d21455d9b5e52540a97046229290491fbc996a6ae6896bdea8d545466119",17,29,1,16,2,1,2,true
"9f51a20849a5397a88f36a9000c398be56c236c2e9e1d24f6d213ded193aafe9",15,16,0,5,0,0,0,false
"9f77e8f327b59abb78fa9f8e42f81260d7077b247b7f7c748484f06409f933b1",13,13,0,13,0,0,0,false
"9f88e195c1dae60a9a47c380c1bffe48eec883bf331607f528ad0eda920cab09",24,58,1,0,0,1,0,true
"9f94c577ea24c2f71cbb0c964c9c9d321e02448d1fe946020afb18974b1c2602",25,30,0,16,1,0,1,true
"9f95e0a20f9d3651a325f2f2f1fdb5af6325d974b47e7c0fe914c1a3a1536b30",13,40,5,4,0,4,0,true
"9f9b1f8baf9be725465e23a8bf1d864af480a2e8ff6b15de2aaec8924835ccae",14,17,0,14,0,0,0,false
"9fa1281e281d92a9e5b0901c405838dad8dc0cf687167e6454904b540ee920b6",5,12,0,1,0,0,0,false
"9fadfd4fad0370f62ea658cd23e262448c504e6242a3008f1d93147f02b5885f",8,13,0,7,2,0,2,true
"9fc698f1cfb1ff9f72c82408495445f5b3337df29249fa7230ea6da085ef13d3",45,87,0,44,1,0,1,true
"9ff31b1fb5a0fe16ffcfc28158710c7fe8cb2c31532b45985f1e808b990c78dd",16,40,1,8,2,1,2,true
"9ff4e5eb4a501bb35364c82c5cfe9abc613445672646adbff83ca4b0c80380cb",15,16,0,14,0,0,0,false
"a0052cebe5dbc9c7fa460aef6728704b3e275c38e45acfe6d43732d84804dd80",5,11,2,4,0,1,0,true
"a006fa964fd108face839e47a41497a43038b153c0512e40edebe782530b14d9",2,4,0,2,0,0,0,false
"a01307520fad1706c4aba7dfd6268097a80075a394f661c8c1232c039b74c41d",5,20,9,2,0,3,0,true
"a02e9658180cddf16a7c8b53154ee4b5f0e0473a6ff50685f494461d8516691c",2,11,0,0,0,0,0,false
"a03bfb74013d97bc79e6db60395a6a125325adbb5180a73c70c7af849a9413a7",4,7,0,3,0,0,0,false
"a05f2e51a074d6bc9b66329f3d7ffa435e7f3c047cb1599161d6d990e822c74e",6,13,0,0,0,0,0,false
"a074d03ca8eee7c858f636b88b13a6231ff0e0bccf63260dfdfb9e6ae4ca92ac",17,17,0,15,0,0,0,false
"a077473710c335324cfebd611c5604fc78bcbf4da42551901fbe4d3d2b300ac0",1,0,0,1,0,0,0,false
"a08aa576e06f8da7dd72554a6a396836a806c53ad4d757166137b9424c3d3d29",1,0,0,1,0,0,0,false
"a0b1ed527acca9637b9e1c817c3b840918d9782055e5e03ee297de02dbed7577",14,26,0,6,0,0,0,false
"a0b72a591e4dc32042349f58ddf3cddee78ce6f2402b47cc000c4139c593dc0d",14,20,0,6,0,0,0,false
"a0bdcd380df1a1dd2e19da4b641bc499eddb48c786754252a897e7d08e483a6f",12,18,0,12,0,0,0,false
"a0dada7fc6e369d598b02909014cfa261571629f3e45151d23e36fc17c38a1df",13,26,0,5,0,0,0,false
"a0db88b6da6f83bf1c2c8fafcc8fa9cf9d2abc7f8507d831d086aa2c6ad5fc1b",19,30,0,7,1,0,1,true
"a0f5952b5e6b12e218515464734b10de1ace12a6e1dd478aaf2be2b1c6357d43",10,13,0,3,0,0,0,false
"a0fdcf79215427674c81f4f69df44b40cad73d397a09ddaa6ca0779ba86f2c00",13,39,16,5,0,7,0,true
"a1265b05b8832a1d40c8b0ef0a31b6e75aaa5b6289f7b281b599c5d6cca77734",26,43,7,26,0,2,0,true
"a12e8fa9621efd20315753bd4007d974390e31fbcb4a7ddc4dd0a0dec728bf2e",14,31,2,6,0,2,0,true
"a1629dcdf9192727296124ca4ef0f5cc5829086073b4cf5b4f42e27331b22ce0",59,91,0,33,0,0,0,false
"a1830c6daf15ecaac73dc7a988c994a10bdedaa26a82fd6fb2ef3b0160da5e59",1,1,0,1,0,0,0,false
"a18d0c7241f89450f39278efe6158408d6469bcc30cecb6d3ef866316fbd58df",17,22,0,7,2,0,2,true
"a190f0e604766ebbb6ddecbecc55a311eb194801e1636a36be1042d30e152aaa",4,7,0,0,0,0,0,false
"a1b8523b41b1f559945724415096be6291dfff0fc801049c167381d755b0936c",17,29,1,14,1,1,1,true
"a1ba3290db3f374a606a0aa1e619728ae6d28ca81b870b4b0aabcd482f39bab7",1,2,0,1,0,0,0,false
"a1cd52255b15920c0b74d1e38188280c05fbb023cdfe59ed1f2e8288d3ae0f05",1,0,0,0,0,0,0,false
"a1d87b2d3a271bc0ba540c9508bf2e18a3144d92030b1337da0edce81039fbc5",31,51,0,16,0,0,0,false
"a1f2eb2e9b5d4e5c6a1da01cd2948daad79257ef825182debb3d8e3d9fc02379",5,44,0,5,0,0,0,false
"a2159d827325347c02388dab851bec9b06d935bcde4c58d4facbbde570d30f3d",18,42,11,18,0,9,0,true
"a231e5057ef9288fb427942892e18c5f939c77491be08249573c9a171514e294",3,3,0,3,0,0,0,false
"a254e2869bcd8ab22c0617232864988e7d0200b8b25961486a4e8cf0bab95fa8",40,60,4,17,3,4,3,true
"a25d71207a0d9dc9f3f35869f57835156c7f0b0ee4b7685c35e19df3003e7026",5,20,9,2,0,3,0,true
"a271be38b508e365f5ad229c6f5200e4df01224fc5a39a102ed7e24e184046ba",1,7,0,1,0,0,0,false
"a27578aaeb9c1d1686b42d48c211436e977d7bf4f57dafca00c03af58984eee1",14,28,6,7,0,1,0,true
"a277400d8c1ca9b13a09486986db217734703884afc34d09e2d4e0d3f201f554",21,19,0,17,1,0,1,true
"a27dce4886c51a5d6ff02ad2ec3ff4c61dd14f7abf6b63abbbce8a22c5c31dec",5,13,0,5,0,0,0,false
"a29f0384e948343a4bdc11c8c640c56345cbf91acf770828219766fc6c829382",2,4,0,1,0,0,0,false
"a2b1fe28fe6bcdad4bd7c2f5a0955f4b943ee0045f638b4bccf4e6eb638dc2a8",7,13,0,4,0,0,0,false
"a2b79883db0af8c9f4ea8d941236bdfdf870039b4f7f6d35d791b752da54b4fe",10,13,2,10,0,1,0,true
"a2cb78501a0ad922a1a9ec2c1bfa87d508bada26e61384f8c4485ac9cb1bbdeb",41,67,0,19,3,0,3,true
"a2d0e1be0cbff60eb7f96d5ac28128b97534ea1869ba768bff6fba3625fbfab9",11,14,0,9,0,0,0,false
"a2e483b7b713c317dedf7ba6722e50215596b6750cbe8a7d8bdf9c9c0560cc06",3,2,0,3,0,0,0,false
"a2f45c8de9a360e1397e93589f28f4ea61d58881fd76b57298b66208d8bb1bb1",44,68,1,44,0,1,0,true
"a310f227764c270bd4c410f5c7bd51d0f449c4ac663b653230aae23590e82419",19,40,0,19,0,0,0,false
"a316e2675d3dd3ccc3f42ed494f6d126d61e26bea87fe4702ce42b3027fc2fe4",22,42,0,15,1,0,1,true
"a321628fd5f5f85baa9de2fbab587014faf06a402ada6b08104c398aea2290a0",7,6,0,2,1,0,1,true
"a328385ecedb656971d24eef29752868e2b644146f98d54e76023e980c017d1f",1,8,0,0,0,0,0,false
"a354dad22240166aae327f19b78e473c3195a572c5511cb3717991678d879be9",1,1,0,1,0,0,0,false
"a35b542fbc296d8638946dc4d1f12773dd7b3efc3330f3b78c8ee8472fdb4e03",5,10,0,5,0,0,0,false
"a3632198eb7092dfe9cd98aa4db7d4f701be35698f73e8406f409e173c629efa",6,12,0,5,0,0,0,false
"a3684956b61019700eb2ee86a6988961bde627336aafea22cb4e9f00250c8798",5,11,0,2,0,0,0,false
"a3746b42baf01a2312a8ec4d9ebf3b4f29348f632f43cc289a4d107cfaf6a2be",1,1,0,1,0,0,0,false
"a3d42a7a2c0bd49cd9cededab38a4a15fb2c0e76211f1d6f12a12531f8d13f95",17,18,0,11,0,0,0,false
"a3e1bc1cc6c8bc1969581b6ea242d707a61a3ae97af129ae11ec11d9740d2793",13,22,0,6,0,0,0,false
"a3eecda3e9af3685fb83c7cc8e25b5445f8cb9ff8da2a9d6640021e51af7dadd",14,24,0,7,0,0,0,false
"a4082ceee7deaebd596cbb50473fa9d56c4003789fe01c6aa32adade8b673919",5,6,0,4,0,0,0,false
"a41fc53d6753b6c04eb15b021c55052366a4c8e0e21bc72700f461264ec1350e",27,48,0,17,2,0,2,true
"a426957886e555bf012b76e52234a03f2db78c1ca9ad85b72478effbe1018101",4,8,0,1,0,0,0,false
"a43a2a22b4661da94bc26407aab0524fd1bf1baa3a29614b534a249bc1cd715f",67,87,2,25,2,2,2,true
"a44be0feda7f4d995f33528dd3dfc4245dc2751dd9368679b114a7db2ee0114d",5,10,0,1,0,0,0,false
"a4616196739e405dd97888f38cb71ce0fa59dd8e09ccf16245a009718fa19872",11,16,2,6,3,2,3,true
"a476d5610d916f90f83cee21d6ad427dcae1432007b6037566955ef5c20e68bb",17,28,0,8,0,0,0,false
"a4a966ccf743e25d4f930252164e27ed26a7908c48bdaf21079a713010b27114",2,8,0,0,0,0,0,false
"a4b447e281098a0917b6e6446a3ee59457093e5428ea030b89fe4c92204bfb79",6,18,3,5,0,1,0,true
"a4c53be933a0dbbf6752a39f7246bb57e86d148faf21c731ee4b2d75c137b69b",14,26,0,6,0,0,0,false
"a4cb184e4e265825f9f3604a7cd6d07e5a7b9831c4b4fd1797ef7c2cef28c8dd",13,28,0,5,0,0,0,false
"a4cde8018d927347eeb3697d688d50feee258900e40a7e09bba9b507ed6bf9d8",66,158,0,64,1,0,1,true
"a4dbe77402308e9152dfd31777519b2ff19167db81c5a15f3032a15ee3ea3bc9",8,26,1,6,0,1,0,true
"a4dc568f446001660f9518ea9cf8f5668e6ca193588ff664f27510f28e5d5cf3",12,20,0,11,0,0,0,false
"a50deb171f35f569e06095530f4386df9937d9c0ca8c5dc38f3721724db26f85",13,19,0,5,0,0,0,false
"a50f65be69237efc6895e9af19e5102a6f0aa8cbd5886919aaab962a7ee09fa8",9,18,0,8,0,0,0,false
"a51e7e68062ead67c3517d4010807b32f431a07fdae52de25bf9bdd748f80843",14,24,0,14,0,0,0,false
"a5202f7a9bda382d786c7a0884afb2d1616a7812dd6d021fef0d84a8c0a0b9bf",5,19,11,2,0,3,0,true
"a53ae712915159f464550cac82e8e13ce8e8dee3b6a7a89b7e52f833c53a4677",12,32,2,8,2,1,2,true
"a54144b348366739782ab81fad1c30b3dffb2c1e483040b6b559a05910c9e805",63,94,0,36,0,0,0,false
"a552658eaf572b4c6230e8a3b94b6ebfbf458487a74f720d992fbec61e8fbb46",8,22,0,2,1,0,1,true
"a564bebee937922e4ddd25c3e18460c84b6a61eb378dae0f4227602ece684f42",2,6,0,0,0,0,0,false
"a56fe1313fb3ffe1c5a18341bf37854a5a32d6242197efcc8a0ac82546160603",16,42,17,11,0,4,0,true
"a575cd19dec20fa2558782be92c039cbce30366edacb0084bab80e6be0df468e",8,13,1,8,0,1,0,true
"a59a4ebfc94e995dea3414d4b047eded6988adc6dc03ff5dce221eddad83c6bb",14,15,0,4,0,0,0,false
"a5a604b51aaee8b7e9cd4b5903948d039e49a09380bf5efa46ed31c006cb8e33",1,5,0,1,0,0,0,false
"a5db0859d0c4498193bbab8074f2d5b1e186e6af7f22d37087974907a6f49b72",27,54,0,27,8,0,8,true
"a5de7b6db5cd12afc7739a6dc453c49339828ea49ee9700b9a15c70e687ed9de",6,10,0,2,0,0,0,false
"a5ee8fba5dc3d3ba59919556f520d9c6281a154fd29193588cff0a9215546ebc",4,5,0,4,0,0,0,false
"a6096562cbbc6bd46bfdb1e454d56e7078726735b5db9d2647b5c44ba9f71558",21,46,0,10,1,0,1,true
"a610517ce7911d1ae2568d11627a1a400624283fac1a526f0ff1fd2933bc5053",16,21,0,16,1,0,1,true
"a638770cb62c07e0ed07799cb642a81dc3b88a142b04b29f17624c2e89edbfd3",4,4,0,3,0,0,0,false
"a6570f5c57c7b46314a9f49124a70b2528c5a8aedb04014284ed959e25b766aa",1,2,0,1,0,0,0,false
"a65ec5e464f465d346dcdab7c06891f08b55b789955bb128df80e9ce835c0a95",7,15,2,5,0,2,0,true
"a65fc38be708c9b6cc204d6b6046fcd3d8bd4a5e7e9a5a47233d4754bb5abd81",36,43,0,22,0,0,0,false
"a67ad7715ecb3e174a1afe731d9f534e616dac3d5b115781762ec531c2ce1d30",51,98,0,38,0,0,0,false
"a67c374ea61fb090d5c3957f56fb58b561ef02a254e07613cd84aa43e3ab31b5",14,17,0,13,2,0,2,true
"a68c95e82141062026a2665d9b08e0b90157f8f0d7fef3d19c8faa38624dba58",22,36,7,22,0,2,0,true
"a68cfcde6f26452dd3b8bc85ac3facd5f8ccb40f096e47088ebc104916cb55f0",22,46,0,4,0,0,0,false
"a68e8d0da3c2fbca44a32df84cc13ebd62aea5f11e766aa0ffdac234ff4fe3f2",14,26,0,6,0,0,0,false
"a6a73622254055b82945da25499ee4f7dac14ed7fb3d428f70a9f2e3b9640f70",31,37,0,16,2,0,2,true
"a6bece4966a3a71f5cbb8cf6dbd9b37b683d65817f7ad660d6155dad62382585",5,4,0,2,0,0,0,false
"a6c1acc6e367e46535733ce8a7320c718616ed42f762cf2f1a0aa77ac6e056f6",51,73,0,23,15,0,15,true
"a6c80f3b9164d4e0c75a0172ac3d5e8248b52190db881cbfcb8c8139f8632c41",6,12,0,1,0,0,0,false
"a6dc3331eda70a078ec4edbc6e12e1b9b581938ee622428b88551feda7abd3ee",16,14,1,7,1,1,1,true
"a6dc9e23fed0d6f006c64a80da83c4281b5242f9af60e69b8b85c0a09b5891cc",6,15,0,6,0,0,0,false
"a6e294c338f6f7951fc365e0ac1641d4006aedd169c52421bbb0fa88a2317657",25,44,1,21,0,1,0,true
"a6f7ad3c30e6a08b81fe4626864da92977e3f1e34e740852e9f48018b571c3dc",8,14,1,8,0,1,0,true
"a70ac618f8563ffcc830be45906e19ebda5d0a09f1a0c69924e785306c56bfe4",10,33,0,10,0,0,0,false
"a713a55b1540266304477e75ca7c04e26f95197ad2c0af1f1b2a1ba4031d429a",1,5,0,1,0,0,0,false
"a714fa7d78ea22d1f1988541119da873a392d712ab31874d6e5e3251b92e7f83",19,35,0,8,0,0,0,false
"a71a844eec784d1a5ef201bbbd4c641980900fc128cb927b7c07720f7ae48cab",5,7,0,2,1,0,1,true
"a72d2e12f5f1f1b07fdc78120fe1badfef176093952d00729f8e4390619f75ed",18,24,2,12,0,1,0,true
"a7463634674ca764401e713e4e29aef4e8521877f76ab78b1e91bea9d46ec6bb",11,13,0,8,3,0,3,true
"a757930489c5e24306b94712b5c801655444b1cce392e20bbf7f5a9731c53f12",4,13,1,0,0,1,0,true
"a757a1ed02cb764a3d76d9c6a82fb3ab67fc1e5ccf980966f5a89a0bb280949c",25,28,0,25,0,0,0,false
"a757fd97e5a67f586c5aadf6ba8d17a9d3df872ccae093e564c2b3de143c05f3",16,25,0,8,0,0,0,false
"a79347024cd23e83497d24125658b96620762ffde4cdcffd4c994fb180844fec",29,56,1,17,0,1,0,true
"a7a662cee9e54e10e9080ce1476a148396c3a5cfc90b13f3215ebf69ce8587a3",21,42,0,20,1,0,1,true
"a7b453eb3debc004cbe666707d3841c559054627f7c1b6f3feb0a84474065e1d",10,19,0,0,0,0,0,false
"a7c203aa733552f91783eff20658a6eef3881fa7a13ba0b7bbc5596b744d2e69",12,18,0,12,0,0,0,false
"a7e72f6d1125726d9efc443b553d730feb81afc1c77b53f56d76cab86c5a0502",65,117,0,65,9,0,9,true
"a7e8e679a9692676e19926cca52aa975a2ca6c933368bc2b09739eed140f2adc",6,5,0,5,0,0,0,false
"a7fc77a01139a52eb4ed209b33222ffddada8833495fd802029d050da4f47fe0",66,119,0,66,9,0,9,true
"a80e37912a85e673fc4ca69c8f7f313b6d2a7fef8f32ffff061e298af4778038",16,23,0,9,0,0,0,false
"a817bab4a0ffcf9d97ae315a4e1d09e2c300ba651f1b17724836283b1c9acc1f",15,14,0,8,1,0,1,true
"a81ccd988cf9b52493e048309b1ff8b0d01cdcd6bece8cf173ef69dee42114fd",12,21,0,5,0,0,0,false
"a8231e9573e6a4d978f98e30bf6bf23f97f1910a2dc509690dd0a502aedd3cce",25,43,0,18,0,0,0,false
"a84fc7385a988a2b27cb6c7a3f5d65066759c9b72e6577b756c247f95d11e041",19,21,0,17,2,0,2,true
"a85452724c375d42995f40b6a1352ad768003d7a8f3e711ec0346b9e8737dac2",4,9,0,1,1,0,1,true
"a85d4e7e67757d36c7d50c180a88f07a29c7f87d6f7288c398d5734ece40d09e",9,24,0,4,1,0,1,true
"a85f234a9d84bdb87867c4d8efa5c1892242b75af3837b67f2fca17e2a81b83c",1,1,0,1,0,0,0,false
"a883b221d8bea1050cfe6d4e9c27dffc43c54bf110f4d1f55d1c0d41d13d0c2a",4,10,0,1,0,0,0,false
"a890a551d8b8883e69fe90f826203e2d7a77f9247f75771395285e1229494677",51,100,0,31,12,0,12,true
"a89ca4283f5a713b476842a3ef8ba16c19e9ac42826b87907cad3bdc01356b56",6,5,0,3,0,0,0,false
"a8b5b5f504971e8bf84c159f5be3ffc982946ed41c6ffd6ea4728b07b574047c",1,2,0,1,0,0,0,false
"a8e494180c0683a17671f9d14ea2add484927907b021d0c8d2ed23cecd705e02",12,41,0,12,0,0,0,false
"a8f785418f7210c2c22fce16b9208019d5a467b4eeaa679bcb671d59a6c21d3f",27,33,0,27,2,0,2,true
"a90ecc36d38251494b70c53a2b46ca519726a898ed98ee22bba82ceb1e27a8eb",4,11,0,0,0,0,0,false
"a91bf16cb6117affde621ef1ae16f7caf539ba8dc2723d976f4eb83a635ed1af",8,12,0,4,0,0,0,false
"a9214db351a3e61cfea4a54bde7ac4633f92c0e09277a81a14a14098ad7764c9",12,9,0,5,1,0,1,true
"a933f95f203410bc2d86d4f1cae26893046b8c391dd8b517855dc01d0adfe974",19,33,0,14,0,0,0,false
"a93a2825d908a475cf7e6bd337064fd7aca4adba41d03d625541e7c6ce4bab42",20,32,0,10,3,0,3,true
"a9766bebe409452e9111b92f16226746fc7e217e053186275d1cc773dac81c82",10,21,0,8,3,0,3,true
"a97b4d862514095ea752977c71e244429de4a5b25a295b2313b4028d82aa627e",3,7,0,3,0,0,0,false
"a97e54340c1feb2010ae3a243345844984c93da820c9eb85ac645adca8f9b15f",41,65,4,41,4,3,4,true
"a9861b2c9631d7d5fabe43bf590e5d20b53299f98ecb6afbf9d0fb2ca0c9170a",40,30,0,22,2,0,2,true
"a99a9d8f7a795fbcbdf995290445a6f72f1d5afc0b0c3bcb17a5a0c14daa1d72",16,26,0,8,0,0,0,false
"a9b7b0905e4fe764c8f2c9bc0a88585bca9b6896e0cdf4f9d147a5aec907e08b",7,30,0,4,0,0,0,false
"a9bf20a40c1e5855591736e1cdde8dc40c0c01cd674439603bc90b1817ae42bc",7,9,0,7,2,0,2,true
"a9cd8e6afaf107defe019d72eee00c037e98eb794f77ab4a26f8de002ee8d8b2",22,54,3,21,3,3,3,true
"a9f0a93a8648c9b8758f35831c9fc19b41af3530980f9ed6c1da252035e5d37f",4,7,0,4,1,0,1,true
"a9fa75b357cf1e4a9bcd1e6652256827a3af10d32401cbc9885edb8078f9a39d",12,12,0,7,0,0,0,false
"aa03ad2976b07f2c829dfd001c15291754ee3e333cc99cc4f618ee2c12f6c8e2",1,7,0,0,0,0,0,false
"aa069f7c28c992fe4378d62d8020a1228a2eb0049ae91409b56e81bcb6271e94",10,20,0,10,0,0,0,false
"aa0aee16808708c8161642fa298b61b148753987baeb126d747cb691c01d1e79",9,18,0,8,0,0,0,false
"aa0b12ec01f937ab666d732ca9adca0ba43978eff7353df7620ec3b701896679",3,7,0,3,0,0,0,false
"aa0c0ec4ce6bee567f5d0cb9c254fbabfc79bed4edc2dbe9950ecf0748a7720a",8,21,0,4,1,0,1,true
"aa177afe68130967af8fa7ad400077c8f14795458d7e090b102f487a518dd28b",17,26,1,9,0,1,0,true
"aa30187a5d0a14ec4352b6e255bc1a33682dba1b0e84484c4a2778fd5bd38cbf",43,73,1,42,0,1,0,true
"aa4943450e077fcb0a807bd4d6f7116bdeb4a80372a31bf549f1185292fda762",4,8,0,1,0,0,0,false
"aa54d2f2de63a83453e75fd997a059888cef37e037efc351a5ef62b1ec7747cd",9,14,0,4,0,0,0,false
"aa610eec52ba0d894a049baf647c01355218eafc240f179050fca241d4e40f19",20,44,2,14,0,2,0,true
"aa6fe035d9db8ae486e363b0b02bed566a8b68f83cd8d00d513422a9970ec334",34,65,0,13,3,0,3,true
"aa7d998cd78d3ac9042abf74fc270e70f2d7c7131582885194a3f709cddbefb6",7,10,0,3,0,0,0,false
"aa98c248563e89f8a3faeef715fe169640ec6e0eecc785caba2e2d74df1b76d3",7,10,0,2,0,0,0,false
"aab6f670caa14f0e428bb592487e3bdfb10cc906967bb3139111409715d46b80",15,19,0,8,0,0,0,false
"aac8f507c24baaf83e20a7e72cae725f156898bbc32081fdb673e3f3251537c2",13,13,0,13,0,0,0,false
"aacd255de2b49962d997b1089163708e472d508e7fcfaea66da299f2f07c06ca",10,22,0,9,0,0,0,false
"aacee9f6f49ef11515a2115edce1e6535c3298084bfc1c95e48cd63bcc0af0fd",5,13,0,1,0,0,0,false
"aad787878d51b6e6e5734a320461d1d3ca7eee382f7bac67d9adc19cee857577",2,2,0,2,0,0,0,false
"aade985c19b718eac84b21b1f75f83a5e49bf7cb7f2524a192d62c5fb7d08822",3,9,0,1,0,0,0,false
"aae9cd2bb148c6f2a2960e74ecb79693e789092512561c9259d4034c248b1886",19,39,11,19,0,8,0,true
"aaf5aeec0055305bab66f85e5673bc829a730cf7a5aa7800e3fa8e9d387ae00f",6,8,0,2,0,0,0,false
"ab13f55a2938ed834d10aa4e008128edcec35969f56a925aade6fe5dafcbb7ab",4,12,0,2,0,0,0,false
"ab203460438ce7b7263237d7cc393294652965936afb7efb91bf89d22fd91c11",4,6,0,4,0,0,0,false
"ab3941461656a7681370104483aa524cbf442730550b0585d112587998033cba",42,73,1,42,0,1,0,true
"ab3bb0da02d07610872b4a2f5dbbe9cf0a40e0544f63981097604f9d08d2a164",14,12,0,10,0,0,0,false
"ab45df178064d64c773aede611ec460d5d6681072a1b3aaa2e01b2840befab5e",1,6,0,1,0,0,0,false
"ab47c199b35c5e17d426df91e14fed2a9c36c35c333d0efd8975d33c5c9403f1",34,49,4,13,0,2,0,true
"ab4fcd2a8735c4ebdd11cc8e2c5990b9693125aa690beeabe999e156cd27b213",11,12,0,5,0,0,0,false
"ab5516c3b3b20f5b0bdcf98f80e3d5f019ca0b33d31c7ee6c663c64ce4f9f76d",2,3,0,0,0,0,0,false
"ab580c97f75733797930fa156651e74eefe346394b955ca5a588b4cb5044c0b8",7,16,0,6,0,0,0,false
"ab5a87f560b7ca8893bc6a2874acbfecd713647bfe9cebef828185848fea1497",3,4,0,2,0,0,0,false
"ab68de681b2bfb8da36bd8a1a9796094b26f64b8cdb1bb1a2374ee3a0a01c82b",5,14,2,5,0,2,0,true
"ab753755bebe2636e65b78daf07b905f6c267f494ae5eb5d189ac5d0a8fd68ea",13,23,0,11,1,0,1,true
"ab77b2e9ced69b65ee9957ce8791e2a955b1f6fa908702e0bef4bfcbbdea1c22",10,21,0,4,0,0,0,false
"aba393eed4352f48b8189f98a91cdaba7f9146884c67f84d7a646d6b19cfd228",46,66,0,23,0,0,0,false
"aba81900bc82d24a6f5b66a6fee775bc51543f91dc89e824bd96ffcf3879dba1",27,20,0,11,8,0,8,true
"abb9968e7ebad5afcfb0cc9d803d55d5991075a5f67950082e69823cc5b55091",14,23,0,7,0,0,0,false
"abc20e2f51277369a9870f19a44521093f33bf71066aa7d51349d68d06fb1bcf",12,17,0,5,0,0,0,false
"abc3346b518a2f96b20129942db9ce905a6f3dae0c0dfd15aa2d38f4a08fb843",2,9,0,1,1,0,1,true
"abcf857a05b653a7ee19413e5602e9e0fb94a3932852e871c77a052acb992d8f",10,18,0,3,0,0,0,false
"abd83a526d9254c80c3e5078653766a2d5920158f7de18d835bde0635f64c132",9,14,1,3,0,1,0,true
"ac02473c9bde4a06b686a506ed26ec66eb7632614680fee65a14841c012428da",6,8,0,3,0,0,0,false
"ac1384c86838386cc00863bf0790db4a22456794eac599f505b0abfe274e6d89",13,33,0,5,0,0,0,false
"ac1d6ce434d2bcc9d25cbbfaf20942e21ca913aab51943f346b41e5500f3bad3",3,9,0,0,0,0,0,false
"ac334d4e04249e8b042e7bed535289585c5c6e2e08de02b24363576b554a727d",7,12,0,5,0,0,0,false
"ac33fc812664a41c18da1bf04988835f861108131976b6aba343ca8a9d9e21f9",37,41,0,36,2,0,2,true
"ac39c01f46de44eff785593aae42f6a470e487f3cbfb4daffec922c4bbba34ff",48,63,6,41,7,1,7,true
"ac4e4f6301993031a8aa7bf6d69c6609c2b41cb0507a93383d08a0512ad80482",65,154,0,63,1,0,1,true
"ac63334c62a48aa3ea5c2187e423ebe89bcf285848e25251aa839667323083c8",15,35,13,10,0,3,0,true
"ac76f6e6d3511a076e0e43e805c40942d648a6d29af4eb0f8d1c59f989546118",67,87,2,25,2,2,2,true
"ac8236bac37cf774b91d4f7dad1307508f3d3ff400cb0484812e1f9d75aef7ac",10,4,0,10,0,0,0,false
"ac838c1d86551e39c5e87b497138ab23cbf8fb585bc7bb9acad24f1f151efdc3",15,23,0,8,0,0,0,false
"ac959a66798d0fe78f18b16db81e90b0866fa5459ee99006d177c790c9695578",17,21,0,8,3,0,3,true
"acabe392b764c5a8703d814c42b25545dbfb26b2122b86847b239448471ebc2a",22,32,0,11,2,0,2,true
"acc8eefdb29c03d4df03ea0662e5d7b902cab38473a0cbc2a48bb71c7b293631",11,17,0,5,0,0,0,false
"acd6e03bea9b3d43f4f7926ac0c21403f47f2266553882251f58b231f0cd234b",7,9,0,7,0,0,0,false
"acd9cee56da9f80a488366ddb7ec070e5f04484602c0498699bb3cd92eefb8b9",5,16,1,0,0,1,0,true
"acde2f0cc6881c547ff839fbebd8795dd220ce27fc6fc456a9ec6b2e7c185f2e",66,158,0,64,1,0,1,true
"ad07f08d63869e76d8ca6a3d094ac9884acf45ac1da6e222954157b8bafa77e5",3,5,0,0,0,0,0,false
"ad2578e6fb0658db195c877290dc70dd9a2f0b70a699181c45b445c36b6091e3",47,65,2,22,0,2,0,true
"ad26624713903d546f934481763de9003d412f6efff30f54384a9dd56b3184c4",115,185,2,69,3,1,3,true
"ad2d5b94b5fd48c662b7240cd0fc5e0579ce160628e7f827e632255e4bf810eb",13,22,0,12,1,0,1,true
"ad357eb1d4a72808a429c380a1073d1b8e2530c997d879cf2234a8b152d02d77",3,2,0,2,0,0,0,false
"ad5935635ce06c486b2e42c3669f2d986bb7578d3e13b1021198bad20264f97a",15,31,1,14,0,1,0,true
"ad5da43e21da19d3f97abcbec5fb318648f928924f3b9ec49e03b49bfe611411",44,79,1,35,1,1,1,true
"ad81fc06b4932efe64d2915cb5068d687116339e023a99ec6c6116aa95c74fbb",6,7,0,1,0,0,0,false
"ad90cc26d514c44201d890ae5e61a0145dffd19dca3a7072c50b078b5e9fa213",81,133,1,45,0,1,0,true
"adb49818ba4cd3c4b0d7904f4dbd20dba3f5f2cabd89be78e22e8c49776690d6",18,24,0,9,0,0,0,false
"adc067b44df293ac25f3adbc55f03253c86c5249f517121be0240c4eef9e65b5",4,6,0,0,0,0,0,false
"add458751ca624f37c929495ef6e55845a5120f67f4bef386c18690949236dbd",8,12,0,8,0,0,0,false
"adf28ca3fb4e36fcd4bb10dc17df5b86191c5826b2707fa4503313b5be2cfa7c",12,15,0,5,0,0,0,false
"adf5c7e7216fd3101c3101143e0f567a8b4f7609bf94c02684501e33b664ccaa",6,8,0,2,0,0,0,false
"adf7b2edbb06807b30a084e276f17a3580486de86452605273882a77a18888ed",2,8,0,1,0,0,0,false
"adfc960535c3ae4fd3be18390e684667bae6115f560cb1944e6c0484b604331d",14,34,13,10,0,3,0,true
"ae0608787861cca04b3563c0f0532111284ae3eba080762dd87a48893afe2d60",14,22,1,6,2,1,2,true
"ae0da5a84b15805c5c7931ac567a8d1b34be3f26b483993d9ff80cb2c3de9852",76,119,1,42,0,1,0,true
"ae3409a4090bc087b86b4e9b444d2b8017ccd97b90b069d44d005ab9f8e1468b",44,79,1,35,1,1,1,true
"ae3acd69006fef1f7f84379ff42e3bbaf4760f4abe2dffc67535f9a8e5bc5eaf",1,7,0,1,0,0,0,false
"ae4333761a7bcc80c8eddcb460e35bbbf21ca3bd68ea98c841b2df8ae6abbe71",3,3,0,2,0,0,0,false
"ae4b76f29fdd3dbb55fcfe99bf4a4b5d494b08d77d2036e7c4b86e111b9368c6",24,59,1,0,0,1,0,true
"ae68869840391da72e9db3e07a5c3271a645b67101c0ef097ba9604f07823ad0",30,63,0,9,3,0,3,true
"ae81e6d8869dd1586fe4adee2ed352ced158e99797aa47614b81d63dad69826d",10,11,0,3,0,0,0,false
"ae867e16a904304027b47f65fcea1e347f709cc672a67585ce3e8a498cc2ee82",23,26,0,14,8,0,8,true
"ae8d3fdfee34a88614b0b3c45f07fa6486f337c4ff5dcea0b6756317e0f63647",3,4,0,2,0,0,0,false
"ae9c2b00148b2b4cacb4891f1f7aafc159d5a766e049b15c7f7f765ccce0b688",7,7,0,6,0,0,0,false
"aead11f442a5505e1b88329069fb3bd2df60e983075a45017be309361a1db1ed",8,8,0,7,3,0,3,true
"aeb181dd59500d1ca36aad24dd5ffc1dc1a50b642144a5a92bb9b0a3f01c6baf",10,23,0,9,0,0,0,false
"aeb3dccc15449f9e6fddfb0bd958b967102cd2095823bb4a9bdf0fde0cb21752",14,21,0,11,0,0,0,false
"aeb454317eef7883efc21d7cfd7c0cefb058e0279e8fb80fd9f3f56cdc715505",36,43,0,22,0,0,0,false
"aec895c6a9e13f45cc0cc273e503cc818f5a30fd6fdc732e58a7fd9b4966ecef",12,22,0,7,0,0,0,false
"aed18a05b9d70d819413ea2c599cd8429ff6c1a6f4f69a85869705e3b94969c4",22,37,7,21,0,2,0,true
"aed7aac1dbc238f621cd624bc36affe37fbc48fd6ac2559d10249e167b617dfe",17,24,0,17,0,0,0,false
"aee4da696f8a0acdfb675e5428fafd190bfd5f9cb37133ec61eaf6425820a36d",15,29,0,4,1,0,1,true
"aef6a32e6b60400302c2f6c426e2cc2c0d188ad347d76eb0725d97be42e5423d",22,48,0,10,1,0,1,true
"aef894a8042b29827272ff9e975fed954c08deedd8e33c770ff4c564a4c1c535",3,13,3,3,1,1,1,true
"af0a50ea914f1253398304e7bf82d11dd6d3d9f031466b72ea24967d335e0518",3,9,0,1,0,0,0,false
"af47b815157bb0c8f6709109a76e09aef50f00af953d55ea8ed91df81f670a85",27,42,0,16,1,0,1,true
"af5e45ae0a21eb1be84453e06a08365820e03d644e8155e27469a002fabafadc",13,21,0,6,0,0,0,false
"af7bcef43d779b4c88bf4325a70de23deac55f401352be1e0ee3f3c378a5b4fd",73,86,0,64,20,0,20,true
"af8739fd860c15ce7d6cd7b3253186664c7594907f1b9fc6c1599c787c867e83",3,8,0,0,0,0,0,false
"af92485eb80d9c0fff2b2e73428aa463cfed12578c268d16c86c7b8040df7682",9,18,0,3,2,0,2,true
"afad1f43f65aad65c5f044574d0280f277fc7cde6c3ae788029e2c72505a3449",13,51,0,12,0,0,0,false
"afb78c6f449679f946e64e90dbb9a362624c75ae8e876d8f4124e08a72f779fd",1,3,0,0,0,0,0,false
"afe0b174ce7b821cd862e58ab5c2547fa65044c1f6e14b8436b14fe03578a443",14,41,0,12,1,0,1,true
"afe497bb5c2366caf3fd9f580df12f81aacb601c4d79b1ffbb9f1f40d03af303",11,15,0,4,0,0,0,false
"affc9cf27e3bacf2980dbf5abd7d15ecebd148395191d0c30063cf012c45c1a2",22,16,0,13,0,0,0,false
"b02077bee88de8d0b9dbdca3ceb20d9334d8283074c2615e34cc53451acf5a1a",18,35,0,7,0,0,0,false
"b030af183914d3bc02b2af444529522d6c9c2b07f905f7af4a037dbaf81d3a70",4,7,1,2,0,1,0,true
"b04880dfbe7630b17cec60403669123987fa0ef6b91e418b30fb68180ac4f93b",63,131,0,43,0,0,0,false
"b0656c76a9e489718ace0e60390b32ea516b11c83d81bbab980d5145689703d3",21,26,0,20,0,0,0,false
"b0718b590c112d928b2b4f1868f7a1b2ace50bff4beb8ae4031011ae73577d0f",22,26,1,22,0,1,0,true
"b083952f3e2b8559dd487f6048a27c0204073fc09b6c96ea586b52dc02cc1bdf",18,40,0,7,2,0,2,true
"b0854428a6318a39d44858546f4195611db6afad83ef1cfa46411be3fd7202c7",1,5,0,1,0,0,0,false
"b0968834a4cc2de2e1144759a0386cc4520d3a07e997fecf9cdfa6f2675d44ef",14,21,0,8,0,0,0,false
"b0aa69914405a5374fe160d0ae7f5b6cb31925209ed688c1340a9b9e4398745d",77,149,0,58,19,0,19,true
"b0b5b4223a34d6d323b56531dee6d530ab1bf7c4023d978396952cb15cd2beda",6,6,0,1,0,0,0,false
"b0c4ee88a2d47f346ae35fb64aef1d167e2148cf7fca7493ba88b058d49068a3",17,29,1,14,1,1,1,true
"b0d078f848df87f990bc42d3bd973a2a8de5a86ea99e9b707bcf2a7bd9f2a1b1",6,8,0,1,0,0,0,false
"b0f46d8e286c8f77f18ec6acb061c7487fcbc08ed9220ee28159ebed3e6aef33",3,4,0,2,0,0,0,false
"b0fac63cdbb6f5b6287f33585db90ade921dc4b138fcdfecc6aa547c39450833",10,10,0,9,0,0,0,false
"b0fe36b2b294d0af86846ccc4036279418907b60f6f74dae752847ae9d3bca0e",13,23,0,13,0,0,0,false
"b0fef32569d4e24cfc40e170b1fd5c53d7dca5d272d9abb7e86b60e2fa2a8750",16,27,0,9,0,0,0,false
"b106524fafbf036d6113038ae82d97b4fc4aa254c5c89332722cd713339e14e3",13,13,0,13,0,0,0,false
"b10d0e5874ca76bf27d01354972d854a93818d7a3e08cec006643e85cebf6693",12,10,0,6,1,0,1,true
"b129efd5462165a5d45e2514a96d484ca5accb50528f6c22c3e75e91fd65c3c2",12,14,0,7,3,0,3,true
"b14c59892e1a4ffc9b4a883f8eac5c5b01b6c2795a182095e9616eb54328bf8f",6,7,0,3,0,0,0,false
"b1555702a4cca7c44e02beb5aa82b0271c0367471c68f2ec9246c31b202e38ee",9,7,0,4,1,0,1,true
"b171497d25b17e09a9725bfeff436938fa1c4533486dac14e6cdfb4678ffce57",9,18,0,6,0,0,0,false
"b18d8a2d82f1a156edbd37e936f7a2afda58ca7e40a94e866adbd257d6468705",6,12,0,2,0,0,0,false
"b193cfc91376c4453adc50e6008ff2c99030c217db192fe709fbcb53d3203b26",22,58,0,8,0,0,0,false
"b1a6152161a54be7a97c80b3156ca9a6a01416ed7bc35e660b5e322309c194c6",12,11,0,5,1,0,1,true
"b1ad9c4c50a94b2528f0d1d9abc06caa1bc34ca7a43443c1ce4adf6ae53320cc",7,19,0,0,0,0,0,false
"b1afdd7d39c1dca448c19b189797c6cedcce93f41f42e5b65be9b08c0cccec5f",6,16,6,2,0,3,0,true
"b1b74d5336e0a3824f378885ef03b0fec53454e0e16abe55f722528fedd60008",12,18,0,6,0,0,0,false
"b1d63b1744696324837aaaa841fabfc287db498835f470ab2c0947f8087942fe",14,22,0,7,0,0,0,false
"b1dc665820e36c14f55e72e3492748d5933c32331c1a2bfeb77a2e997668ab8d",9,4,0,4,1,0,1,true
"b1e5da43631a9b8040f89a85877dc4133751931902e5deadbee0940413bfbedd",15,22,0,4,1,0,1,true
"b206ad73749070ab2e5ebef8635121d20f305d953fbccaab5b238c4e65424a7c",6,10,0,0,0,0,0,false
"b2105e2d160ef3ce2f381c27243607cd572f36fb439c7a4810f234cd81d61f79",55,96,0,28,1,0,1,true
"b2244ed2364162b8caada31982df0594fc6776e177ec969ac42d5bc356b804f0",6,22,0,5,0,0,0,false
"b2475145ef8988df0d66ff4a9ceca829fdb883121f281c01d8fcf664afcebfc9",14,26,0,6,0,0,0,false
"b25f50442fa2074322dd9bfe707588887bcd23f33b74f9fbc3e679ea7d615b84",2,8,0,2,0,0,0,false
"b26b4cfb11517e208e9e188b2089cba1b876eba03cf32b611964c979bb4a60de",4,13,1,1,0,1,0,true
"b27daf202beb42d72771b0c8808ea3bc041ba04bc8c3472d4129db99c6334030",16,40,0,11,0,0,0,false
"b28ebedebc2c41d54dfaa30256b82823de72c220d85664c7eed8871b78f3a943",14,23,0,7,0,0,0,false
"b2be006d3423d8dd1075f4df6f8f76e7000174c119149d4bd2021ddd050c13cb",77,126,2,40,3,1,3,true
"b2cfcefa2a9eb3742b5d2bbd2a4109a028bdf820b8a500ce08296c952caaf490",3,7,0,2,0,0,0,false
"b2e818dae6f6deb603ed4940141313cb2180a3a7215f0abed2f21d31c1a6bd8d",13,30,1,12,0,1,0,true
"b2e991b44f8a08eff63ff3f0dfcfca119aa967f0badecf815a4d775a04a2c5c0",6,16,2,5,0,1,0,true
"b2f3ed1c3a8755dd0ad5a2a63e16caead2ec7c570462c2a592989349f8988f53",10,21,0,3,1,0,1,true
"b2ffbefaafad05d4a2bde16b8fcf8b3d71c22a422caf19fe6a3fb744fb52fa20",12,18,4,9,0,2,0,true
"b33759347acc1858216df962a0ec7f7f6a6de2630802244eb5e3873ae0d686e7",20,21,0,20,0,0,0,false
"b3541afd426b6bc5ec814756525b68cf3e56d6766f7ba6dd17fdfe07e0b5403b",4,12,0,3,0,0,0,false
"b359f16d7f0f29d5028fbe8779a8df86a889ba0691d4f8c8b963df4a6d889e76",14,32,3,6,0,3,0,true
"b35c14919180f1cc5be312b28e0d5a9ac9f112dc6dee799f52188b6826fdd2c4",13,26,0,5,0,0,0,false
"b384327fd109ae50ef1645488373bc3d9b5470974cb54a1dc85d966f6631c6db",9,14,1,3,0,1,0,true
"b3a877585737e9f48f64146799e76f93158c4812c64ae3e95e9fc474784216b1",21,47,0,7,0,0,0,false
"b3bfc37d8f4396888605c66cfc19448cb0c552d67bd8355bf292d4515dd79ead",10,13,2,10,0,1,0,true
"b3c3c99d8767da46ddd5417c62e5dec5406ccc3c796d4b99ec81104d69703193",12,33,0,12,0,0,0,false
"b3c840d1bc08fa55982e6ca541e8b6f327c0b3cda18350720d6849ceadcfe18d",8,12,0,2,0,0,0,false
"b3c988b2a5406d123189ec545b46daf836f391e93b60541f5f8e8a5849185b9c",10,12,0,6,0,0,0,false
"b3c9fa65079416f5c6c8f58f200e7c8af68d48181066cf36d46e4811a184a6a8",21,40,0,21,0,0,0,false
"b3d4b57646a03b32f08056781c73bc5b886e4fdf244cea039e9e13b26636fde3",6,10,0,3,0,0,0,false
"b3e142604623f22f70bd6c145ff9b8db1069ffea4d9380333aac9573f5325f41",7,10,0,3,0,0,0,false
"b3ea8849f9d95f3ec8ec1fef1356472c299db5c0321f15460001069dabab986e",39,65,0,11,0,0,0,false
"b3fc149f32531bae309184987b150bb0629f0bac6a565e8198e254f82438d5ea",3,10,0,1,0,0,0,false
"b400f7a8ac121022955be1bd2468fcb99f126d2aa2fcc185a6abba36e83a3ef2",10,12,0,10,0,0,0,false
"b40d7c5fc07521fa903a5936035dee391ba450a5d62362def6bc486f0b1b3c92",25,31,2,19,4,2,4,true
"b415cdb0876e95670d176a4acceee767fced4f4c79d88d2e58ab37e54898f6d5",4,12,0,2,0,0,0,false
"b427363f17a2bfd6007b33c1827c94f4c0d58646adfe3cfa65b4499ae77c24f0",15,26,0,14,0,0,0,false
"b42e3ab8c7d407a83ff64b0250087cf76a30a78f9de96cc45b3008f0b88e48b7",20,53,0,8,0,0,0,false
"b43be98df08833c018d1983116bcd50d98db1645149c50ca858fa13ad314f140",3,5,0,0,0,0,0,false
"b44b69dfce12d3080a53b792fbcd3931898630a4664ec781facae3f52df2efa2",41,47,2,22,3,2,3,true
"b44e50d998f58b9fc1981a81391adbee20cf354be89dedef2271277d448525e2",47,86,0,47,9,0,9,true
"b45839512882d9456e4c8af26367a3e89419825874015b77c4a695c317a83671",14,23,0,7,0,0,0,false
"b46b42a33962b151958dea1538168ac65cfbaede8951ead355fe749b1191f602",2,7,0,2,0,0,0,false
"b46de97cd49d43529b641365a08ecd9bed2ab33ed6a29aa47fbb49dbcb39174d",22,37,7,21,0,2,0,true
"b46eb071487fc9e944e0ca39c5bf220925b26ce4b966e8a236b67f3ecef099eb",10,13,2,10,0,1,0,true
"b4900bc1f258c377b17eb3809fa5b250540b7202faa44e6e84928fcb30134b9d",26,38,0,12,0,0,0,false
"b4a7abee4c75bf3413214f9531cfe4bddc576947bdde6017224679d4dd470415",13,27,1,12,0,1,0,true
"b4d3d10a1023965683d6ee89b639b27ddccb1b07b84a5f58d30a059212f36259",25,32,3,25,2,3,2,true
"b4d8c9572f47f4bb132e1161bd8cb5d5f65d7fd1a1f953f31cfb83da48d7f186",1,5,0,1,0,0,0,false
"b4de6c7c15af334b8b0c1610e1687e8edb572d7454db87fb0d5f7013ff457d1f",4,8,0,4,1,0,1,true
"b4e621fbdc990177ef071c439100bc382c58d08e9d9710f82fbb993698e17931",16,42,17,11,0,4,0,true
"b4f35b3f1373d63f37ab35c5ffb2e543fd0974caf5d3341aea55de6cd5d88765",12,11,0,5,1,0,1,true
"b5080a685a1e7af3be47cdb05d2b59034e5364746eeb260ef31894fc374599bb",17,29,1,16,2,1,2,true
"b514224c7747d55094acde507c3448ea790712dcf0f5dc57b2794d550f084986",1,3,0,0,0,0,0,false
"b515cd5338963beb0b631c6cfbbe2d2c0299f83ccd5be75287d96e1dd0d5e845",2,7,0,0,0,0,0,false
"b526cf0cd8ec9c900d16b4caeddcc3bc34031fc27fa16ed303a63eba0fcf716d",40,52,2,38,7,2,7,true
"b52fc2d7f98c0d4592bad7d8634fdd53db908fa8d43f01bd1ee1ae342a22148e",15,13,0,1,0,0,0,false
"b54ba37b7bb7dd69a7759caa9eec70e9e13615ba3b009fc23c4626ae9dffa27f",55,86,0,30,0,0,0,false
"b559caae896cc29b2b64d6508f99606fcbd90b03a95a3f7cc2301009046b9392",10,12,0,4,1,0,1,true
"b56aedeaf80c3d4b7c4c2ddf3893ac47c3ecff1a0a6f19152ca993e5bb294414",5,6,0,5,0,0,0,false
"b5728b69ad1bc622cca8f090c2a19dcfb1b8820ebd0d2ef36541ad8592a680c9",24,37,0,24,0,0,0,false
"b5729cda915dc85b047dc56a8f64a106d63242c790c6ae89d0edc07ac727f671",13,18,0,13,0,0,0,false
"b5a38a636c2885e0a0d7d00bd5ec66e9f9bfeab81d22d7377eec1a98cac998cf",14,18,0,4,1,0,1,true
"b5e0ae0e50fd93efd0bc3e303a9ec0fa87dd0d79285e0e6348bdec33df94624e",10,23,1,6,1,1,1,true
"b6186f759db708c2634f335b3457f0d2bb18729b2e6fdaf58a032c8f2bfe36ed",54,112,0,38,0,0,0,false
"b627c2ac57a01b522c79c26beaaad13ec427e4e2c15c378056e7d5a68986fe3e",10,12,0,10,1,0,1,true
"b62f62217ff256d557513793e9e44317b25b14401a8a6b6149a04d38d72d6c7c",6,8,0,1,0,0,0,false
"b64fa5b9e3f0074a772d10743c1951bc6c1a716d0f7521f205eb0b516b15cfab",19,36,9,16,0,3,0,true
"b658588a255ba6f6cdfcef828341b6cbead30118b2bfc954ed11eb8a11484c3e",32,54,0,13,3,0,3,true
"b66247de200486b230d21bd26671002db226f4e68458732850b97d6de813bd93",5,8,0,4,0,0,0,false
"b668a858c87c7308f61768fb064a94c8ecb8a0fd7f088c213854694f63a3ed5d",18,20,0,6,0,0,0,false
"b6757278be72c93154bc4cc9f4d01908df5e9501ad3b44f8667f49b962911eae",17,27,0,8,1,0,1,true
"b68c078db43322193f6ba22fd20e54053935305c29e27050fd3b02a9bd749748",12,15,0,1,0,0,0,false
"b697c5ac38ce2b620690dc2a23ed1ac2a6231958beac7f59ee98977d97c23bff",8,14,0,7,2,0,2,true
"b699527d2c20d3d2509be6bacfacb5bc70e4443e90217c55e0e031dc98e47d09",8,16,0,7,0,0,0,false
"b69b2e2a3a63517181281dafa087e323a87ed81f72e13002a901f221d6637edb",15,29,0,5,1,0,1,true
"b6ce504930f43aac1af31b80078a65f83824c036311309fd8f99683946a16108",10,13,0,4,0,0,0,false
"b6ef5d773b2debd556d9aea2478a1627a81106a25b89dfe996f6c7eadd6529de",12,18,0,12,0,0,0,false
"b6f291b07430a8bdfc86f178d71b2759ad3b13e76b1f0232969f914103f432d0",34,50,0,11,1,0,1,true
"b70ba6ef1ba0b92213896a7ae286b414d1a17e9b862dffe88a980c2792755d87",15,25,0,14,0,0,0,false
"b72978657b8646cbcb6004d08824889147278b05b63e2b2de04ea6b89ec4f6e4",1,7,0,1,0,0,0,false
"b73fe80ad74587eb8ffbbece1207c086d1b0182bc17c50fa263c2b818fa9eea2",16,27,6,16,0,4,0,true
"b74367b144fcbbb3b39489499d68721bcecde8db688d6f65a03b01c003080004",10,20,0,10,1,0,1,true
"b76a9ad1fc87bca15fb931fb19d9b4d9cb53fa96f9a7d647c207b9cbc7de7811",5,8,0,0,0,0,0,false
"b772487fffd3713d277d03185b214b87e5082d87ee4520ffc138462c84dcca8b",8,12,0,8,0,0,0,false
"b7a7ebb74f03a879aa2c43ef9ec3e7e720bae1601bf9868f44e5bd55e1a912f8",7,13,0,2,0,0,0,false
"b7b85a40d548ab3c95af5252bd238f33c1b4b8b20abec75fb72470ae57ae904b",28,44,1,10,1,1,1,true
"b7d0fa1db16c4fe6f05507abce39feb0594feb298e4e3a582e4d325e3bff8a8b",38,77,0,31,0,0,0,false
"b7eb18e2eb98b67e8be57168b52f6555414570202825604b3beb5ec3e33ac41c",43,73,0,24,0,0,0,false
"b7f48968dbebdac7f8283fc053498c8368c64d70cbb8e911f2acbbd2e4701cfd",6,8,0,2,0,0,0,false
"b804c1859b9a7dad296040108ad1624261db2ffaa5c3a7600629f0d243451a11",19,36,0,18,0,0,0,false
"b809596396cf8beb58c1a7f1c4c4bd0b5ca385b2f20bf4eb03198fc9f7bae28e",77,126,2,40,3,1,3,true
"b8211807a12224a0dd0e0999f656da8e256c427565def998e0cc35ac44335a00",10,13,0,9,0,0,0,false
"b844cd348cb9fecafced88a170a2770cc6f8d1cd90aa32cc068b9f3728e02184",5,14,0,1,0,0,0,false
"b84fe2b513ff335745604b502667a48bac8240eec4d21198a83752f9089d4b1b",16,21,0,7,0,0,0,false
"b8583edbc056cf7ffb4903520ab429db3404f02afc7a5aa631705267d0779dfb",51,67,0,46,0,0,0,false
"b860405c8a8ae5192d6ede01b5a83c364d9beb61dd23a754dcc8ec107e5181f7",37,59,1,21,1,1,1,true
"b87bfdbd0e68a7dfe7677746e318e3dd6ad9ef579956a096cd40babcbfed3837",5,13,0,1,0,0,0,false
"b87cf19d474e54dd16b91628930ef5d4d9a095c47cdd99d71a9a2e0052d301d0",7,17,0,2,0,0,0,false
"b88a19b00ca3e89472c1521bd3bf4e845e120feb2c2a74f2a32be14d9121a499",7,10,0,2,1,0,1,true
"b892e7a90c865f60fd31740ef94d6a727a5c1f6079fb8579978bba6364d52c33",3,3,0,3,0,0,0,false
"b893a6a0cfc68855cf8c0fd129bd8137860d9ca16c1bbf5c375625431f76425d",82,134,1,46,0,1,0,true
"b896cbda43837ba7f78b26913ca8a3b0c9facc28e804d5d319da6c6acd7f7395",14,19,0,5,3,0,3,true
"b8a638db79077d6f35276ded3e8a22743c6942eef171cb87036c5820b47ec86a",1,4,0,0,0,0,0,false
"b8addfbb9b9cd99b2cc639337b6f23d4efa6c2be32cf04dac1403edd7d98d592",29,69,10,14,3,3,3,true
"b8b02cb2f71ea60536f9157bacafee558341d001b5ce06a1d8d8449bbb8bd4ed",21,49,0,7,0,0,0,false
"b8b1d1284572d91015f94fcecc8a4b1bcaf0f7931260bb5fa35dcd681b8ca15c",20,43,0,19,0,0,0,false
"b8efc4f48e3268f783512b71d7451ed24cf857080d82dd8c7f21014e813bc9e9",5,13,0,1,0,0,0,false
"b8f807de22e3720bdd2c33988f9bcd73215eb4b871a334eb5fa039c9e301cfe1",6,10,0,4,0,0,0,false
"b8f8d3739579369f5bd2736c2dba347b12a2a76c102dccd00d205f10a7f1e026",10,6,0,5,0,0,0,false
"b901b221148cc36bb19e8d15f377d7511f84ff6a84555ddd3d4d929677a030e1",7,8,0,4,0,0,0,false
"b906f1d42be3302b667f9c594d4d728fa70c30065c06cf269b540f50af5f3026",1,2,0,1,0,0,0,false
"b9135f2975b340b41ec77e732d46d50c5ac7b6f8f8a1d7f88faa0253ca6ab0bf",11,20,0,3,0,0,0,false
"b92c5ea9933b42ae46874eb3a372fd5392dea692da952d5fb64aeff949868519",58,110,0,55,9,0,9,true
"b9691a1928d603162bcc8ce360c28c64134e37c53be8b1fcd03c91f1a73e5784",23,34,2,8,4,1,4,true
"b97f7deed3ed7d8e86f84ac89dd7d0b7b6ca348a0d60dc4eacb8c73fec772da1",87,164,0,87,10,0,10,true
"b98a1ce669664992523158840f1985056fc5b0303bd727b50090d7a980b26be6",5,10,0,1,0,0,0,false
"b9984bb4355dc0502e9bf2447a9b821b93649285d8d56a1a11fa51e9060d06d0",8,6,0,3,1,0,1,true
"b9a63c1d0aabe503799c68e67cde630374a082c565b26d4c3d83cfc3c238522c",15,23,0,8,0,0,0,false
"b9ac02c5113ee22fe5da91f381374e67dc67a11792da67c3a837dfd72cd736db",10,11,0,3,0,0,0,false
"b9c9943ede022932f753f5968b7b15f603d04a4abc8399ece960d6803d01ec0d",1,2,0,0,0,0,0,false
"b9e2fb47a14508efcc59f5d51cb2542957c110c7ea7fca19b224b1d438bb2994",1,1,0,1,0,0,0,false
"b9e3500cfb559781e68359655f37775c78afffc5a8436daca9d1d1f8e3569b02",28,29,0,27,5,0,5,true
"b9e9f73c0d65527d7fbb6493a7286812081b31500e76d77c7bbc9773ca814d08",12,21,0,7,0,0,0,false
"b9f82f5456019016a1a152c6d68072930f77b89cd045392689521708d3bb69a2",30,52,0,7,0,0,0,false
"ba052d2552c2b3086dbbc34e2e5eb2c9e7ac2fe0880d2121b97f0bd1d6a25e6b",45,76,10,45,4,4,4,true
"ba057fb6f20b6f4048ed8a5b142cfb35ff4b91d26f787295f2080623602d01e7",43,73,0,24,0,0,0,false
"ba085f2ca549af1f01826336f69132389e2989519148200d897aa0772f6418d8",7,21,0,2,0,0,0,false
"ba1d08b2abf93187663516ab6fa46b2c5c898fac42fdcefb038f0885cd83ac1a",13,13,0,10,0,0,0,false
"ba443fe6304fb0b3bafd60b6e78ff3c35ba217277e8790f7fd130ddab63761f2",4,6,0,1,1,0,1,true
"ba4e6831a9d7c1bdbc290afacc99672b1f703a552bf35e91e8f4fe8a3ea9f143",21,35,0,17,1,0,1,true
"ba6f136f0c49c7c564684a02e0ccce503b0e884b52962c9dc669fbce7ffd4397",7,9,0,7,2,0,2,true
"ba97f944c07ed598ab50866caa761f56ebc781a1fa898d8c74df2ee456f16c0d",4,7,1,2,0,1,0,true
"baabbdd1d1816be62751880621a323168525f839442de5f4c1ce1c1a0ebf42b1",69,109,1,37,0,1,0,true
"bad20d5456460200b24e3d94cc9d742cf8dacb58ed97042cbcab2f47176c4ca0",11,21,0,7,0,0,0,false
"bad961feb4eb6592414be95715bb2cd5e68d4e17e83c99efab78c77e5723cec7",32,45,0,15,2,0,2,true
"badfb7d2f8c7834bd22ee57f35c0fe99ad1b675887eb82083db0ee85a906af97",2,4,0,2,0,0,0,false
"bae64212e66d36a12f0b398ea2a75830c7324d64f2f0b615dc49ccbd869432c0",29,55,0,23,0,0,0,false
"bae9f4fbfbc8646d4f1b2bb4ae17a6c719804961129acb93c34e80795a64118a",78,126,2,40,3,1,3,true
"baeed8aba2449ba0a9e76d3e03d7ad19c634cc9808bcd4ef80384b2a5ab1c384",11,12,0,11,0,0,0,false
"baf978f10efdbcd85747868bef8832845ea6809f7643b67a4ac0cd669327fc2c",18,30,0,10,0,0,0,false
"bb0e82c674add8e0c3734d75379eb4ebce3545bce705a4a29d2e7b07589c93b2",22,41,0,12,0,0,0,false
"bb4e393c38b4a083340187c410dc2f4982e69b9d95610ea52357080f99e8ccd0",9,14,1,3,0,1,0,true
"bb582073444558ac308b0d9f8ac8c58472de75caf781c09574cb8b118f3460a2",3,4,0,2,0,0,0,false
"bb6e6a3279f34b87fa7e9b507a61ccbffaee86e98fb9982052b394d1fe8c3e8e",5,8,0,3,0,0,0,false
"bb79374086c981f6937907516ba98af68aadf005bc34f0a18a863e7d02d37b48",73,118,0,42,0,0,0,false
"bb81f0927f2445f8b696aead5f73f820728b983c9bdbead515ce295d8fd2032d",10,5,0,10,0,0,0,false
"bb8b24bf9f37dae7e20ba25f044ea5d632ca59f3edde647451560babc8ce792a",24,40,1,21,0,1,0,true
"bb8f831a785d871b98169a1727e8ee8a831a070959eccd2225d9fc27a223a62e",13,18,0,5,0,0,0,false
"bb9bc6168117e208ecf79dc32b7d9e5a7acbec16526d6b3dfd58dd0221433736",14,24,0,6,0,0,0,false
"bbb53a22412aaa2e0ba54584fbac0ee588db6c94631b4531ce47cdd355ca248d",1,1,0,0,0,0,0,false
"bbca8adbc4cef3862ee837eafc8113aa7d80266b09dda30830b11c1e5f64506f",1,3,0,0,0,0,0,false
"bbf7d6c27c37e71bea99163e0f284524108f7ac5f6fcf11db9931946bcb18e99",5,12,0,1,0,0,0,false
"bc054afff1d44565a17381250e3a52127ee3d39b95c5eae582f43f0f6077e577",24,47,0,23,0,0,0,false
"bc09c05b214c19a5468214c345937b294d9ccf927293c2fda65b5696ffffd9ab",56,118,0,54,1,0,1,true
"bc14b306f4a50f0a70c7ba9da724c65744b57d1db1096fd1678bbb01412315ea",6,12,0,1,0,0,0,false
"bc37f48592dc3dfc233da1d7f9e6c8d30c892d88401acbfa31eee4e1479805f2",5,9,0,0,0,0,0,false
"bc4b9c8f705d2c478a93e5019910a3a14f1a6ded8cf8aced89f2b1d0fe3cf4bd",3,5,0,3,0,0,0,false
"bc93ffeefdaf0d72168aacc999a1b27ab5da014eb1049056aeb6dbdfe5f6a010",3,3,0,2,0,0,0,false
"bca8da5612cec41e0450c51aed4d1f6dcf98bf8cb813314423719d967b6bcc0a",25,37,0,13,0,0,0,false
"bcac78c5b26bb5a9a259f1ff862106d5ed269c61c640e91264017274cc5f32b8",3,0,0,3,0,0,0,false
"bcb7a41a868a62079053122377b389aa550922e2dff84b33c8989b771cacbfb5",2,3,0,2,0,0,0,false
"bd0fb75786a3e0c4e402f768a3b9cd2ba4ec8f8940e91ccae252cc5d4f74f12a",15,27,0,6,0,0,0,false
"bd113f56282fd8d980eb7bf78ff1caf1bd50fdb5535c81001900ba8b5210579e",34,69,0,33,1,0,1,true
"bd164a68b4b956b3c4aa1cc00ce215abfca26625e366c8ee514397eaf16cc5d2",7,15,0,3,0,0,0,false
"bd29eb39a29ff52950fb3f8919b69031266f8df07879ebbd7f0c8e7b51038de1",7,25,0,5,1,0,1,true
"bd2d4a81ba220e9e6d03e7b20597dc27253c66a17e63e102374efbdcb7ef0565",3,4,0,3,0,0,0,false
"bd3699d437896c76b6197f85a9c7b8e6478dabf275acf5701c5f3396f9d645e0",8,10,0,2,0,0,0,false
"bd3ba6231f62f6e40fb8a4d5adce74d5a275a8d01ddf4f5141b6ff60fc510650",3,7,0,0,0,0,0,false
"bd3f0148da91617a338d8c5c467c99c10d8c87317e89d31c26347f876d2b700b",5,29,0,1,0,0,0,false
"bd42279f0dd674a521e6e94574613d7e5d5769c8a9fe950acb9b47ec0eaee99a",15,27,0,8,1,0,1,true
"bd4494351142ca2ac1ac9d65bcdbb9ee9da6f169cf779ab4ca2e330dc6dcef15",16,24,0,11,0,0,0,false
"bd5266c2c0355598b3b038a544ac38f13d524930ab48c8767b09b941c7385353",16,25,0,14,1,0,1,true
"bd586e471d03a0529e1e6ed69dfb9e2c34203b2c4c65364a0ca6aa7d5c2cc25d",26,54,0,12,1,0,1,true
"bd6d4ea991507ff617da3ae624aa1626a80a8b3d8874a7396699e651aa467c6c",23,54,0,10,1,0,1,true
"bd70cd45852d42bbb532078f96e579127db40f402d3c4f6bb25b11870f50d234",6,8,0,6,0,0,0,false
"bd7bed10cfe1161e3aa5e233763d371289a2eefdb9fd70cee5e2343fb6fa6326",1,3,0,1,0,0,0,false
"bd892a0582e0c4761b71063d6f72b626248c07a9d763727cb36d23374118d911",14,26,0,7,1,0,1,true
"bd97b5e4f2897be4ec1aece597433c1f2128306143640d669fa4355edfb69ef8",3,3,0,2,0,0,0,false
"bd995ff01df230e864987ef4c5ea37ce485e0d8ce340c2c5773fb8f36f3e70aa",19,48,0,8,2,0,2,true
"bda5a770922d2974dc0ef0919c9b1c854baef96c1dc615a908ece4d63ef48cc9",11,12,0,7,3,0,3,true
"bdba7bf2852086178dca28738a9717a5077e4e5db356c42ce7068cf59c7ccba5",10,22,0,9,0,0,0,false
"bdc54fc9786935490c2ecd10e6efb73c4184c36659d3a0f1f98715482c48fe50",23,54,0,10,1,0,1,true
"bdd2ccfce63e732947b9a3ef2b1d736118eefda9e085738e1d7f695c77c56cd2",29,40,0,14,2,0,2,true
"bde348b47e2bc0eb910f0966906be4fa43f6b103221225f3b9fd5760ba297b24",5,12,0,2,0,0,0,false
"be0930f3ea601ace331ef591471e824f61a1f5c6e5721f126d9635a5dfec28ff",6,12,0,0,0,0,0,false
"be175f49637c6dacce479a69e05f8b6a6980405200ccffca561a5ae4afc125da",15,24,0,8,0,0,0,false
"be1825a18e4bc7e304adb86761e01f8ef8479de281a1f66ba1b64f809856f8d3",9,14,1,3,0,1,0,true
"be1d0121daae739d0c609358a480e11c9cb212294c7a2783197a4a55873e7e6e",11,13,0,11,0,0,0,false
"be54bb969fa6ffeedba32da50c1437560f8f67920e463a5bd2af21e52788b01e",1,2,0,0,0,0,0,false
"be6e4511fb230408b7c602bdbb539fbcdf7b5ed70950816285978b7048348a20",24,47,0,24,2,0,2,true
"be93c8a06701f046fcc91bcecdb68778ef07d18995124b00db66bdbb1656e4e2",11,12,0,7,3,0,3,true
"be969de545da89a04508e4952e94a53a77e76ecfa67d74b23fd56e0be42290d4",40,54,0,34,1,0,1,true
"be97aea09a2ffb3a37162f7cafe86857be22fdcc6b70ee85706d020acf9fe026",3,9,0,0,0,0,0,false
"be9ff7355fa2bed2ccc31f320a27b38a80036762b35eed9a506fc2a905f9bca2",9,21,0,8,0,0,0,false
"bea618e06dc06001577f3ea8d4a1a6013d461b3f7b6d5eb46a062feb48b09e2a",4,5,0,1,0,0,0,false
"bebd8845c4ea8ba6f849a40f631cb29097815d37c877faa9305cc050f9f5f773",5,13,0,5,0,0,0,false
"bec1d93db934a369f4aefbbc40a4429e0f0bb0a275ab4dd82ecb6f2fe3bc8829",4,11,0,1,0,0,0,false
"bec3f623642d3d861f62d4cc5772e115a9984447c4cb70cc37b8b85e18cd4c24",13,26,0,5,0,0,0,false
"bed32b8746d854ac565596a6e3a68ba0ea67f8e476254696e89e7ac5d1d259f9",6,6,0,3,0,0,0,false
"bee6456eb84c244235eae43ae68f218f17d33e21926548f5342114f15bf35bda",29,35,0,16,0,0,0,false
"befa64d9d56feba32e18e09f1c364b8a4d863016337bb933ba12cc5c0a8e5b08",30,36,0,17,2,0,2,true
"bf0a3d1edfda3773903c9eb91f34d570577f5962f282ac95ccb31fd9d67a22ec",11,13,0,11,1,0,1,true
"bf0a4a804ed970a3c08c70122bffc322628f915737c73ef7c23d2722f9c31cbc",4,4,0,2,0,0,0,false
"bf1aa9b2a4f8c05e1e5226009800bf69bd9ab7375ad160a1113d8d31a6ffdc69",2,4,0,1,0,0,0,false
"bf22f8995375add4bda5c4848dfcadb10351d24cf992c3c3031b15a3b7afd6f2",12,14,0,7,3,0,3,true
"bf65ed1b9bd21bc1306d3cde5e55370194bfa7e9e5acf9d71ce50d3ab1f4c7b4",22,28,0,18,0,0,0,false
"bf7987804be130993892c07bf928732f4f1da4b1bab3db54c219f3366edbd508",14,15,0,14,0,0,0,false
"bf7adb09076853eb3aa569278754111d86e161e35e7dc6a984ecde2b9d6700ae",3,8,0,2,0,0,0,false
"bf9358ac2e188d74a695cd6009929735f90e8c891f922a9de5fcdc7037af255e",28,37,2,11,6,1,6,true
"bfa08cbf2ad5e86a94ad7661cadf276ad9afaa74bd5206217c82c1cea0c5aa39",26,48,0,11,3,0,3,true
"bfab576fb405952fdeb0c502e3f662668601f3b63111bcf034c240cea4b6240d",13,15,0,10,0,0,0,false
"bfb57f76fca020705458f0da9c03a168095bc4e18dc4d181b2ec2597291cc228",4,13,0,3,0,0,0,false
"bfb64fd1012d945e481df81d6849d742ee8c70f2043651d1be96f1f40ecdb2e7",32,54,0,13,3,0,3,true
"bfd300ecaf15d79febcaab57d612a0dfb6dcd1c7dddbe598beb11093088e6969",18,31,0,11,3,0,3,true
"bfd36d86410d32895a100cb168b52b9fea1ff18eb0b54b918540de7a0c8953c1",53,113,0,51,1,0,1,true
"bfded18fdd5f71d36723e765a8c9cfd69c21148b153e7c01545f3c6a3f699cdf",6,19,0,3,0,0,0,false
"bfe8f883a0170359712f60268da88fc1a2fdae146fee05f8efdceb6a14e1e917",41,60,6,33,4,1,4,true
"bfe97bb7d5deeb0ececc75379d0bbd048d74429f51f26a059f019a91848a3a65",1,1,0,1,0,0,0,false
"bfeea38590f0e23e355b47f61b1f71fe65f72d32fa457e769627d38b523324cc",25,43,0,10,1,0,1,true
"c005e4354a55be02418a644f4118e3cec5e8411eb4123a89536122bc27a79f48",20,40,1,19,3,1,3,true
"c011240e75c23725321cc80a41a5a39d758a4d5890dac5a66f285cdcc4616930",3,5,0,0,0,0,0,false
"c0221f880ee2246ec2f584b7d1c7e2c33007ede8cecc745cad40e9c0bc5f074e",14,18,0,8,4,0,4,true
"c0376789a2927057011c48231823756a3dc0ae2946de642669c51510252e9e68",3,4,0,2,0,0,0,false
"c03fb7c97d0f5f08862072cd1f7d50cf26fbbafb229fff654d22b6b6e18d717b",10,18,0,10,0,0,0,false
"c0428f2ef93af55cdddc8a0a37417dffcb7468f48ab0f362e511a1a09c0218f4",5,13,0,1,0,0,0,false
"c0492560c4aff72d559ba88fcf385aba8d69c22b10f6e532edb0b587176f3554",4,8,0,1,0,0,0,false
"c06729ddc566021fc8e93c97653ad06ef0a512ea04a877d66527c330fb51ff3d",6,15,0,2,0,0,0,false
"c06fad955f113f5fbff6844d9b4c668bb88bf2d46f00d63007db5ecdb730d285",4,7,0,4,1,0,1,true
"c0ad0c216b87d97d759782681cc9af2d6977d285562ab51005fdf5b5b52ffe08",10,41,0,10,0,0,0,false
"c0bff8d2c2d6db75a3b2906618005c78ad49e9255bf37a3f7ed8d390c24fb166",13,23,0,6,1,0,1,true
"c0ca47e16ad9c1eee2f32d7da920325fd3cee7a1ab6d892fdfb1d0076a4ca27c",22,67,3,4,2,3,2,true
"c0df2d794c04f2bcbfdce395d3dd293fed14a3662b524cfbad174c0b9b017e46",13,23,0,11,1,0,1,true
"c0e8b173e0498b41b4235800882f0fd3cd28dddfe660cb71fa94ff0a06ee5eba",3,9,1,1,0,1,0,true
"c0f9d795b639121741ba066a08f8ab89a784477f1cda612318317d2f6fb7855a",18,43,12,18,0,9,0,true
"c1050875d64fd049bfa9a24300785513fab19e65d0e27aac97c25484d4ab33e2",2,6,0,1,0,0,0,false
"c1092be4ec2cc6319bee50ffeb824d33134078f99501bbace831a6f562935b5c",13,23,0,4,1,0,1,true
"c10b999c532b3341e400b60944003dfbbbbfa1f3c28712917407adae519221d3",9,17,1,9,1,1,1,true
"c112b71754de29281dcca2c5da6611e56195ef9109e80eaba657c9247a8495a5",5,11,0,0,0,0,0,false
"c1230340470b197373b9bd41c5709bc2d30452a2a06d20c5973d51434c9424dd",44,52,0,30,0,0,0,false
"c12415ab4546287e819f9ede64392e4168cad4a8ef60a10842d8b559f70390ef",14,26,0,7,0,0,0,false
"c125399545e2b59a00504fca29d302128bbc23d0a88140d45c717b9f9b675743",50,50,0,23,0,0,0,false
"c12c121d1eae0c11633206c1f8d59eedb4391293eeb6a97b2565c8430abfea0c",7,21,0,0,0,0,0,false
"c134dbe2415f536d00f213db9ac76607086c1e6e15da65e84d6c8caf9cbdd47e",27,23,0,13,0,0,0,false
"c141ce091b2313b60cddb66a4f0d776b81f1da0a72b9f75baa851dd7ce07f546",11,17,0,5,0,0,0,false
"c14743ccfa00f0ad8e45dbcba5e87d175b76bfc12ded52d0fb87c790b4056647",3,9,0,1,0,0,0,false
"c14be64defd72d2c01c78fc46206934a67844692ff17c974c5fd18a5f775cd7e",1,5,0,1,0,0,0,false
"c14d849d12d8a63d0eac5764f794157ab2eb7166050291e95c5484b0b48f0b6e",5,13,0,5,0,0,0,false
"c158a982a7d65ceeead5fcc78c6601c37697bd30ee4838a942f98c319d77c591",15,21,0,7,1,0,1,true
"c16ef042a253caffaf15f6887a39573b7fa6bd272f7109917aae2a643b982171",13,21,0,6,0,0,0,false
"c170274a12cb3c9c3aa8a660c1e6807938ff506dff3d1e2fa843949c175da72b",10,13,0,7,0,0,0,false
"c1744fcc2731e998be35c2d3db9376c31823f4273c36dd5c0e55e11aba141de0",10,15,0,9,0,0,0,false
"c176316822b58329498b62d9755e1fdb06dfd929681c8d0a61f81c2b01a9b0e1",10,12,0,8,0,0,0,false
"c17d275f62dff2ce2d89c82a13b41bed7e0f488bc64431a01e12ca6de41a0de9",3,5,0,3,0,0,0,false
"c1835c705b5a8c5aca540cae42bc72985b4331fe8135ed06a7e5a46caee5442e",14,16,0,8,0,0,0,false
"c18d0a83a4090779995d85aec11a18a604fd2257319382b68002094b83335603",2,11,0,2,0,0,0,false
"c1aa54e88e5af6f82a2be5c8ebd033565a5c58af35cd71496199aa541166291f",42,70,0,41,2,0,2,true
"c1b87e77a4a42c15863f17d31ac40ee95ee6a396dca1d4356806b3678064c2da",15,21,0,7,1,0,1,true
"c1ba12557ac62d1da4632333d4715689ab444537129b20556f2829e003922bf6",23,30,0,17,0,0,0,false
"c1ea3cc88293cc38ee594e061b6dbb94cb29846024b5d9946cd4a975b0e1e11f",14,18,0,6,0,0,0,false
"c1ebc2fba4564351c0dab2e9a084a460d4fdab4f447449cd89bbda959d84be31",7,18,0,0,0,0,0,false
"c1f4502a757e25c611f5a159bc1ab0eef64085adac6c68123dca66e87faffbc2",17,34,1,10,0,1,0,true
"c1fdf2283077e594a5c3bddf6de30c04c7f24b1e1fba2c5ca3a2f8a02ce5b5aa",20,24,0,19,1,0,1,true
"c223ef8fe3f08641cbe0b4400c1731f9d5bb3da94e09ce3a407b3ac7967114b3",5,12,0,2,0,0,0,false
"c2434d1967c5555a703e9bad8baef88c94d1f1909a65bb2138866cf96b8d101d",26,58,0,15,0,0,0,false
"c24b76e9811ff59af09a2042c64753755722ab8a9a9999235bb89089cc6ae871",1,5,0,1,0,0,0,false
"c258a820863b241501754edd7dacef90a8b6dae8627fe53228a5fe1ab2dab600",86,159,0,86,10,0,10,true
"c2952eda8c21f04f0121ecc9891a654ddd5054665752660bbac1c73d0ebdedb7",24,16,0,13,0,0,0,false
"c2959ae2fbc9e75bd9b571c9f9f12f64ccad18018c622b73a7e2dd02754ad251",4,8,0,1,0,0,0,false
"c298916e1e52c6428faeb57b6c1b3ca6aae47e2df40fe4bc7b176c943e19de91",14,26,0,7,0,0,0,false
"c2a00eed46d65d7be8978635d494a5d3d48d28f22a2da9775f79ad5cd4028247",12,25,0,9,0,0,0,false
"c2b1e0df2a6e4d909d9c0a99dea5da9b63ac2706930eac47552d4f7c2e80a302",1,0,0,1,0,0,0,false
"c2b3ec57fbd45d5bade9df2ad30c464d1588cead18495a5ce327a98c45c02219",7,16,0,6,0,0,0,false
"c2c2e875a5d50d2292bbf694393285eb6de0796d222798baa7628314b8000961",9,14,1,3,0,1,0,true
"c307d5fdb3a683bf6c40b2edc39b00524d7918c3681cc51ae35e34116ee650dc",5,13,0,1,1,0,1,true
"c30a002f22df72ff4e42364eccc8dd08c65e8788cfb710580de3577e57a57b46",10,41,0,10,0,0,0,false
"c31d71b4800545b7406864723cf223ca3ce59d08fd7aefc6d60c13d48454b077",3,3,0,2,0,0,0,false
"c340cb60914e316a5174b770695ad04a3c639041c6b5089629a3756d2801d3c7",27,49,0,27,2,0,2,true
"c34e201f34d2f6b303cc870cb6463763fd20ffcbc3f87c8940fb22ffdffc8b83",13,20,0,6,0,0,0,false
"c37a8f2c7a10acb332060f86b94ed14c63adc97e82182371a8233aca9370f0e3",30,49,0,17,0,0,0,false
"c37bafd5b100fcd74e9c10dae104d2a0fbd59d155147c635e93a60ab7d255a0f",7,20,0,7,2,0,2,true
"c3a437a5813683fcc1eb4bda205617863462b00daa95229d0fb6dae51c4751de",8,11,0,2,0,0,0,false
"c3cc65cebd165bf226cebdea87bb7bbb729aa224fb65f670b7ee46e231649c70",15,29,0,5,1,0,1,true
"c3d601ce66b31c8d29b35139ad969007c7c123a6811d92574d891b60641de854",4,20,0,0,0,0,0,false
"c3fcac432bf7fb59272fe9a9167bbcf9a54a6aec2d0c804c9f125d6ae73120ed",11,21,1,11,1,1,1,true
"c3ff69d4f24985e4907ddd1c0bafbf9e639fb19faa27d897e45c23e7b8baed3b",16,32,2,10,0,2,0,true
"c40cf4373da0031ec49ee23de83e902b4ffe38615755caa26b4cab8f1bd8328d",4,10,0,2,0,0,0,false
"c413e1ad901eb994c0e6bbf678c350506d14af50018c3e580407dfd08ecc5586",1,0,0,1,0,0,0,false
"c42f10a9999e30fd491a40f9232b0cd2555e04ad5024f4bbd20e4c01f098c138",14,26,0,10,0,0,0,false
"c4456aba5190401944297728a62415f37ad28354b9fbeb9cb2bf917ed2b9d8a2",7,15,0,1,0,0,0,false
"c4a8b0b2b36d264d3e7fed8af5dc5aa581b8ab4492b5f305971595a95d44e751",6,16,0,0,0,0,0,false
"c4bfa50c32e5b02629a2312312bbb7a7ba54b56a322764cf65eb4c7a4a14012c",35,56,8,33,6,7,6,true
"c4f6b42351f46e0c8190f21cfdedb734e7f4247c1fd610a7dff7d14f1d7c9ba5",42,83,0,41,1,0,1,true
"c4fdfa1c00cf984cab8ea14869434055d9dc6f7f0a9b36e70fb1f570261bebe9",13,26,0,5,0,0,0,false
"c52393a20f9409fb7e30e38c801b259a15cbc4f9f8229950cf2eb01505cb1203",16,21,0,3,0,0,0,false
"c523f157b7ca86412223f954ebf29aeeb3cdd0c17ed680b2d9f4aad3ba748774",14,18,2,9,2,1,2,true
"c52a361115130ca0daa1b36f92d56b8b97f15982600878ef63a64461a664c6c7",4,8,0,4,0,0,0,false
"c546a2d0990623086a56f8bfb1b57b42a227f8c39705e18f97b8a0441180bd81",30,66,3,29,7,3,7,true
"c546f901186fda4835141560a94e27100a6e1e59eed8f01b3b0c66d45eab08a4",42,60,0,42,3,0,3,true
"c54ba54bd9e37503a641fa661126cd858faf57738c1e903b84f72ac505016393",17,32,9,15,0,3,0,true
"c54cff6650e22a78050088350182eb61cc4f5cb170b9b238b2ac9768966cb6a4",74,155,1,52,0,1,0,true
"c54f36e053555c87675a8d71b95d0734bd58543fbe9418aae9973d712c0df0e9",33,36,2,19,2,1,2,true
"c5509dfa5f022deb8ae621f073adac5fd788feca0b24d15b5f392ab22c2ff222",6,8,0,1,0,0,0,false
"c5828b389b875484871028f00b341caeedb105ebac1837ef2ac3fba6670bdc11",34,52,1,19,1,1,1,true
"c59af3c98989be8dc7ffa916a68e490eb5fa65acd7acee31fa4878b4f7da7cca",9,10,0,8,2,0,2,true
"c5a309cc6304f7f940711afdf63d3cf7e8f47f231c924ea31214eee4019c09ff",5,12,0,0,0,0,0,false
"c5b78f174349358f1d453b0539717b1cf23c7d4edcc161f2027168b0efc24161",24,74,7,24,0,7,0,true
"c5b969c0100da15ad96ff6416c6b8a30629045f1ea4f36744f4a5961425d50fc",1,2,0,1,0,0,0,false
"c5d22cfcaeac9bc428ecf390b36d8fc3220bfadaf7349cae6de51c639ee6300a",16,21,0,7,0,0,0,false
"c5e2d06e1d18dbe3ec812daf809364b17536ef3a720e730214c94da76c58724a",10,14,0,6,0,0,0,false
"c5f57f2a66c13a337bbbfdfdfedfe468ce92cd67d1be915cd120e07b5f339af9",6,7,0,1,0,0,0,false
"c5fa5e271feca80e4724a89348b2859357f73a4effcc22bd09e0b3fd0d63d586",6,7,0,1,0,0,0,false
"c6114e96c26734bb1b31ffbbc4d6412e776eb17a74492fce83a3d677aa223ae9",15,39,0,7,0,0,0,false
"c6300501ec6d0f4db565dac26b4d28ff7c64a99ad485df03adda03e76f1b54ed",36,71,0,30,0,0,0,false
"c644d9547b08f9c655b5aff76e4048a8aeedea89083602dcd87c756765789b2f",7,28,0,0,0,0,0,false
"c64855ddc83a77c39da80061fcbd950a49e9f78a46a66ef2fbd442c0f94c976e",46,71,0,28,0,0,0,false
"c65799c2afcafb8202040b6b0de465b6382bbce02f543f60681802b2da20abd9",14,16,0,5,2,0,2,true
"c695d8556eb33d82a422ba73d100261d7e0be22579e04e94cb1910fdcb7d9cf1",13,26,0,5,0,0,0,false
"c69fac401be882b87ee24c74e56449695903983029324cac7c70ed98da441fea",24,33,0,17,0,0,0,false
"c6aaf863dbd8e650fecad59d1eab4fd368e05918099d05b5079d3018da196abe",7,15,2,5,0,2,0,true
"c6abee238463e02479a54f8e605bcb433cc46d24ca68886944b4aea1438b30b0",9,11,0,8,1,0,1,true
"c6c75980026559e1f872bdfb4c559c5b142462d40841d867d3f4f7198fe9f01b",23,25,0,19,0,0,0,false
"c6d58eb813ef20c80a88c72fc5d14ff02263e9316e2a2bf102696a60cd781354",34,63,1,16,3,1,3,true
"c6e11631f244f9dfdcd402da94c4bb9899b2a9697570c124d5df7009ab8f411c",1,6,0,1,0,0,0,false
"c6e7e28b917632bbde7fd662cb63c064ca5faef85dbf35c8f2b6c7cd7c89e945",13,26,0,5,0,0,0,false
"c6f97f7c742a1752fdfcbc221ca806d67a9eb1d91a1364c3d662552c74de041a",18,15,0,7,0,0,0,false
"c6fb33e7ea909d6050f33f52c617314ed1a3eca5fb15b7b4fbe72debd13309b0",10,19,0,8,0,0,0,false
"c70406aab6a518ee941e46020b153f8304c5bf467d2d2cbf9f5aa0b475b87f22",5,12,0,3,0,0,0,false
"c718a9ef6321aa3889786141d6fbb623f7f81106ee8c7bb87c62256f6040c507",8,8,0,7,3,0,3,true
"c72d13a0a2fc5c55303d6ed3604334e73d7db2f579ee66da5d3c8e1f335d4142",43,73,0,24,0,0,0,false
"c73490d0812a7e73f028be28bc76a2884246efe304f1edd1a309b25b1c73ae6e",28,49,0,22,0,0,0,false
"c744b87d4aceae796e9ce8f57a6626f1bb65e35796540e13bc7f8b12f835133b",9,18,0,8,0,0,0,false
"c749c329e661a7902d735b07a3801aacd0c435f12622a353ead9595574acb050",18,34,0,8,0,0,0,false
"c74a95c1c24fe90e2030bc14ac0c7027f67375d517a359f89316861166c650e8",49,48,0,22,0,0,0,false
"c753f779848400fe4960a314198c2b1b79b55ce28caba684bc4c58cf10ada04a",11,15,0,11,0,0,0,false
"c7562fa3d0a2c0b18889eb4eed87a3c9524cf38d7ea1df776764450b6da39d3f",1,0,0,0,0,0,0,false
"c770db6910fc09498b7ed3e5ac27295a8cd93a6f1981251101ee2dff891af237",16,33,0,7,0,0,0,false
"c7adb4cbb1cec6c08c9ed860cd5bf59001e9d6569770c4969e51038dcacb526f",5,20,9,2,0,3,0,true
"c7b179b56a30a547b42e6e9bcd8972804270330e96e676c6172f3357b8dcf963",28,60,0,12,0,0,0,false
"c7bb4fea87e25db9fa7cf68b3c01a54c2644ab9c7102d2e5a08fae653639fccb",8,8,0,5,1,0,1,true
"c7d9241805d92ba2dc24cd1aadb7185fa3b499ba245ff1c0bf9870b7ea86659d",15,23,0,15,2,0,2,true
"c7e06c4548847465d90491ce7576d89eb5e47d8c4c59ee613206d09483f3581e",12,24,0,3,0,0,0,false
"c7f454de6029276c48af0047647ac195d0ccfb81a4ac13265f59e1dde19aeef0",34,48,4,13,0,2,0,true
"c819b5b179fe0b8f70dd4c84106c06f37f3910229930296db3174cff31c0c16b",72,145,1,50,0,1,0,true
"c834b9ed6b60aa084d82fda7d6fc2d2f54b0bd72e34dded706121f62df808d53",21,47,1,19,0,1,0,true
"c839deb89b978c4f86f0593eca445061b09f47d692ea251583a86ad8e192b6e7",37,77,0,37,9,0,9,true
"c83ad620de2036e813730d0a476adb2bbda3e6c0819e9408d1c1ccc8c18d5c32",17,26,1,9,0,1,0,true
"c83c07c3e67fc8ee42129a8ff6b4ec414a14ed89b9a3833a733e7049cdb35bc1",5,21,9,2,0,3,0,true
"c845c0aa5d1f5f8cbcf535eece58251358d5048e229a3e607024baa487bf0b9c",1,2,0,1,0,0,0,false
"c860873f7ffdae8e93467272a9ab7caa2b6a9b37a3c4af6c201d5395eb15a0ad",30,75,0,30,0,0,0,false
"c86dc7f0b5b17fc2aca373d7c2eba2b9e4ac4dd693c069db57c3f46e6b73e0b3",43,74,0,24,0,0,0,false
"c86f5e0b4d2821b42dbcf788392d37c1d35319984608e18ddf9f6852d0fa499f",17,41,0,17,1,0,1,true
"c876665a13b96ec55815343c493632a68f886c02eff86a84ecf9ad2465254ee4",9,16,0,7,0,0,0,false
"c8a125136ebbebfb3c9c55cde491b509f6c6b3ccbdcc95edae03e1ec8737d6bd",6,16,0,0,0,0,0,false
"c8abaf65d9df18298a0dbb6c5c0657c4080f8fe7a1611ec85019f741880a1ad2",16,19,0,5,0,0,0,false
"c8ac3153e6f155e6681d31617e95a1ab6ce8642e903569d592f48f8409e79243",12,13,0,12,0,0,0,false
"c8c2c8c441c0e4c42ebb278a8d421c24f2a9898991fbdbd2720a121bf43bc57e",14,22,0,7,0,0,0,false
"c8cd6b600e14585463e5ace25571dcebf5dbef2ba884b25350aa2894fa6b504d",15,27,0,6,0,0,0,false
"c8ee03b1f4bad64e9fac19da0cb4641cf82dc2f210e139b6c70211eb12098bcb",9,23,0,2,1,0,1,true
"c8f4793cd2e6c043586278880713005fdbbaaa9cca11183d84ce20f36d8cd407",14,13,0,8,0,0,0,false
"c908c656a4ae77390dc05d43419f8624ebe1eef3d1d14d122370017ec5231fe9",19,56,0,19,1,0,1,true
"c91bc7c17d125662becc1d8ac0b5847a189eec0b91498d6afe950889b0ff09b7",32,48,1,18,1,1,1,true
"c92c31eedc675ee13ac2c5e874d22077c9754e48c6d3734576e1e26ddc9099ff",20,30,0,13,2,0,2,true
"c93980da08d4db7c0b6df0f11913a792058512c1bcd5a9903938baded4f06cf7",25,43,0,10,1,0,1,true
"c961e5de68b41f90088f51b55579778ac8c0bba099076a68eb1b15b8bcd98e50",19,33,0,14,0,0,0,false
"c986ec159b343b6ab7daaae5417607d805a36f0e67a000c0f650c586f6c6af35",4,8,0,0,0,0,0,false
"c998933e42c197ac085e47d6b88294468d3e1af11671aca9a590ad9896c40184",28,60,0,12,0,0,0,false
"c998c341f9b484cecbe470bd9b49c6a9c61c21c6793f513f3dc84a3e0cbaa6cf",40,59,0,40,3,0,3,true
"c9cdd8f3f8c991783657809efb816c3330d4408500b8c87979ca0d263a107b8b",39,53,0,39,0,0,0,false
"c9d43882553a984c42b44927f9870f02ae83693dfde92d74d15d336a522b17a6",38,107,7,38,1,7,1,true
"c9eb92a5bc645f7b125bb1b45a34fcbf1c710dc390d7230a08a4ddec111e0bd1",13,23,0,11,1,0,1,true
"c9f673a1dee7ae1d0a2115ff948a4c2a25ab7fac9d91e544e438b9b94b6677b0",10,13,0,9,0,0,0,false
"c9ffb923b0b7a5c1758c512be9fa508a50317ec692249e9d1b96537c3e2e190f",12,20,0,8,0,0,0,false
"ca0d743d639479ae5863428db4526ede3decc208b2933dee6d9922aa408f4173",1,2,0,0,0,0,0,false
"ca1027e0124902c5a2466c12a414ee6f576ac9b912cb51341eea2b3196d4ad91",4,5,0,1,0,0,0,false
"ca1830d3945c940639e637a4c0c8ad45d8eb8c4d3f3de92021ed31014a51e8a1",21,47,2,20,3,2,3,true
"ca1e824dd71f52fb086f8770850a2ca43c8661dab5733d19c8d0de66e2b3a7e5",3,6,0,0,0,0,0,false
"ca384487f8333047a3eb6d7c8bcd56e127791b9cf97a8e1058bbeaf47c8e3718",9,14,0,5,0,0,0,false
"ca4c475a1f32dd875b6c075934d359b8ce780f403d09625ffb727cd537884170",26,54,0,12,1,0,1,true
"ca4e28f39354c0a92f8d9422b0284c37e00ee3baaaf9717983f22ef36ee28e71",37,69,1,17,8,1,8,true
"ca537137a3ea7d5a14680cc48373adfb4b7163c13d4f78e12668262fd319ab44",9,11,0,3,0,0,0,false
"ca5dc5774ebfde71c44618a773deddd36644656fddb3b8498d2206918cbe3e91",33,68,0,32,1,0,1,true
"ca6b85a13e53353912aeee2d4742830fc58076660dde64fdad4a6afbcca9674f",6,11,1,2,0,1,0,true
"ca92eece9cb37a391fc4bcb787c75e288d2d6837947a589740ae02ad6423e140",37,59,1,21,1,1,1,true
"ca9e39c25d8312af58ba1d8a9d8bd9d0093ce9ec8bac9e89554e74a68e425e10",15,25,0,10,2,0,2,true
"caa7ed299890f70284707caeccc6b2bb66b032b84689dee1bb27d530b9b66449",35,50,3,16,3,3,3,true
"cab7f385e9d171155664d8860e09b91bb4d349b8c908b29237dea3eb9211c429",3,5,0,3,0,0,0,false
"cac881470a58c88343f9052aceab6bb7fc956ac6ebf82f300e331f8943d58728",3,2,0,1,0,0,0,false
"cac93e1c0bb350bf728945fb0d979357ca800c8b0b421c0253ed3167983f1a2d",74,130,0,74,9,0,9,true
"cad0cf2fb94ea4f17c9f43ca8f6f425150af02b764d797a027e2a29896f51d6b",2,9,0,2,0,0,0,false
"cad725da76353b34f3ddbca94b5c1e1dec2d4e5f9900b7a854ad7bbe13ff5141",35,61,0,35,1,0,1,true
"cad793d06a4aaa743f6ad10dd81bbe22f239cce471f42b839991d84ed3f1d3f7",2,4,0,2,0,0,0,false
"cae3eb4db28b70d37e7d05c239a8089ef237f9970169463a72eaa8247559c084",6,15,0,6,0,0,0,false
"cafc5a34cc17c49f29c1aaeefe20520ac3d6336747a6eb125cdd85e082857cc4",33,29,0,33,3,0,3,true
"cb0a66adbb68fc954fcaa22e65c9bcb46c2acbb07d52151f1160d96498578aee",2,4,0,1,0,0,0,false
"cb0a6f87fc7bbef6d6d8d1c1631c1a29d951a41002425d3e7fbad251e9b8a7db",19,39,0,12,3,0,3,true
"cb237ace7051472eaa68a67a3261e951e936bb7554494886171e3781ad35b77f",6,16,0,1,0,0,0,false
"cb2758e6a880d458985bf1fdef54de999d61dc09a9b236a1f1fba905a78bb583",16,23,0,8,1,0,1,true
"cb28531b98c4badf845da8b01832ab7f251e89459e54bc24ff9de2b1b837c3bf",6,7,0,3,0,0,0,false
"cb3fc8b548bbf3981b0892642f58d9c0f3799e3babab9ff76b6039f14056c5ab",22,38,7,22,0,2,0,true
"cb42be9bddede98ed718a5cd3dcce8404c12bfdef79144cc016eeb2dd8b14ba5",40,64,8,37,6,7,6,true
"cb448116044397df4dc3f0d87b2ef4957ca2c9fdfb0249b063bd8f9f9bd7eeb7",3,5,0,3,0,0,0,false
"cb5164dd753ac642543dd7aa3115a1f0d65c84891f222d8ab86c35adb8728019",15,21,0,7,1,0,1,true
"cb73926169e7440055ddda02bd76dca3c52da3bf0e251e9cc7f2ac609a062ad7",1,0,0,1,0,0,0,false
"cb7482ad610eb8b5da4b0c1c113bd8a39d87c5bb239f3b1f54beece163918b47",6,18,3,5,0,1,0,true
"cb7b1e97db9db450f216478a389b47dbf11a29d380200ddc3ccf32dc4487d78d",4,4,0,2,0,0,0,false
"cb7c971ffc5e6e3cec6ff6ad2126ce84474f87f6f2520a0a1bb2f27c5c410126",14,26,1,13,0,1,0,true
"cb7faacb77ceef84b979321f81977c5a44fce41ee0a335b7d37357c8b8b41cbc",10,13,0,4,1,0,1,true
"cb820e60539caa3663b6de42cfa16badca01e14a043dfbb543d6239595e2cc65",7,6,0,6,0,0,0,false
"cb87deed63947ffae253beadfc76f29c0f4b16f0fd98d9b481ea4bcfc8e139a8",50,70,0,28,0,0,0,false
"cb89c082127ef11b51296591b7fa1534bbaf732daef38909262f80cce0ded353",3,2,0,3,1,0,1,true
"cb96e568d52b5933111d3d97c7a3c23330df1db086aad6001f67e2daaa62d73b",8,26,3,6,0,2,0,true
"cbacbbb14472fd4d9a0c75ce4a92c60922430eb931e4e6906986edf4778171c1",5,10,0,2,0,0,0,false
"cbf7a60a6554b5c2eebce2db35b518d4fbabc7b8f8f260ad7e7b193850a78bc2",20,41,0,20,0,0,0,false
"cc01def20c4fbb79c9cbcf11ebb06e65948517301dd5ba1851c8e445e3494072",13,26,0,5,0,0,0,false
"cc0e40810209030946a09172fbcd77a8af9ab849c2f7d240ddf6551e459e80a1",10,20,0,10,0,0,0,false
"cc16542c731002546ee1a82da2910d83f9646057eb32ce0af6b45ba444d41f0b",3,6,0,1,0,0,0,false
"cc225c2644e677537f618aac8a4303894de5337f40c16b68d2f3ea2aead887e5",2,3,0,1,0,0,0,false
"cc229a460742b1af9740f6fb40a563b6aef5888ec7f41ff8de255fb757d686b2",20,36,1,9,1,1,1,true
"cc277ada4bb379d8e822dab0186f5f3f8baebbbc23364d369297de0508a26813",14,14,0,8,2,0,2,true
"cc34133f9d6c2f2a75238e33c47f78498496fd534bbbc2cdaf643438fada1120",14,19,0,14,0,0,0,false
"cc405e810e050f82daec07a0ea40ba780085ff9e9370268b922c646e6aafd239",22,42,12,22,0,9,0,true
"cc6a1afc7666c8a0d79d3c16e3c4301da51349ca4c38c01a26db94231072b353",2,1,0,2,0,0,0,false
"cc74acb56fd01ef560b5d443cd58fe11d5acbece0e4001612ebb31020fc92f97",14,21,0,7,0,0,0,false
"cc8651fef7bc9114c2977a12e56b3515e01cc63e16be379a710433db43db5166",5,6,0,3,0,0,0,false
"cc8fdfd7653c2a6cab47ea259c405677d36f68bbac0f8f5820c1150872901dba",9,24,0,4,1,0,1,true
"cc9fc02fd1a215a3909963a528ec0c23ae57e5a7bf85c2c3f5287f3144912ab6",9,16,0,4,0,0,0,false
"ccae9a9cb9a6307ee6e81bd8d5e5cbf5bec73282180bf9abf6e1954550df3a96",1,0,0,1,0,0,0,false
"ccb98ab4da5bf64094a366194c9e07806e55b11fa2e56a5637f360aa04406c0d",13,26,0,5,0,0,0,false
"ccbade3fd924c5502188092526aa38be4ae517cd5f7d390f4cb793b7fdb5dc80",8,15,0,8,1,0,1,true
"ccc63916c97ec3e297c5c6e86ef40df7eff93fa4928d021699f4d6c3729594eb",16,32,0,7,0,0,0,false
"cccad86e5b2fc9c36b6357c616bccdce9f7f2198be63f0e2a6084aba7134ad04",2,6,0,0,0,0,0,false
"cce3f725bf3454db80e6929a8d49e0fdb95b7ff937c088ca3e8818dcea5039e2",66,82,0,34,0,0,0,false
"ccee8cb55ef85dcc44d1443782e70f94395b59780239cfb33eb35b612febe70f",8,10,0,3,0,0,0,false
"ccf4aab9fa5e0e67bc59ba0a1c2eb92ad73bb10d273335707e47207183fb6768",19,27,0,8,0,0,0,false
"cd078e4d495a61a113a6ba457f5efa4579c5bc41a396779fd82f164aa75e9942",40,54,6,34,1,5,1,true
"cd12c963fdcf03b8ac942f15d6fc8e0389d2dd6618143895a8019c5fb7e960a6",2,3,0,2,0,0,0,false
"cd236b809d35c4b1a62aa4e34ccfacd78935ae3014550a9fdb085d42d36fd8fc",42,73,0,24,3,0,3,true
"cd25e0e15bddce0e070046971632569ed9ab830ca9b015d04ec53100c0181185",1,2,0,0,0,0,0,false
"cd2bcc99dffd06b3e08fa620d94d7476037eb794e4b830764419959a218f3b0e",9,21,0,8,0,0,0,false
"cd2bd102d5858578733d54301d1ee18b94d35c3a4f88b16f113d982b76e531f8",9,11,0,6,0,0,0,false
"cd3e15f3a13d07dbda5561a4137035124f3cbdb964becfadf9bb54630f839daa",34,79,2,12,1,1,1,true
"cd55c0fb85d514acadb1a3e0694d4971e6abffccf55142e111b7144ff673543e",6,8,0,3,0,0,0,false
"cd577891c931b280d7bd67ad64bf8ef1af26bdd31f2ee8313b3c0d3c2c19472f",44,79,1,35,1,1,1,true
"cd86e1329db43816a62ecb5539ab046d8ba5f505ef61694479c42177e7ecd46c",30,45,0,24,1,0,1,true
"cd95bf715001c417b09f1ac19e54dd4cd032cc916efe2255ec3c63d16ee87adf",11,15,0,11,0,0,0,false
"cdbd8be1e10b794a44ca45bfb8cb3943b31b751ed76e9acc2c950b3c09151631",15,27,2,15,4,1,4,true
"cddf9f1ce4197dd536efff5d16cfdf38e7010a53ff1401af64244f604518b9b7",6,18,3,5,0,1,0,true
"cdf7bf48f96ad2ecce862690af94041a56156be1fcfe84d8df3bac215cdf1e5d",17,37,0,17,1,0,1,true
"ce0e65efce6cc73c7a82a82161f1a62c204307ab8b7f733fe5fb925e7709149c",8,19,0,2,0,0,0,false
"ce10ad0f855cde76f58aa9e6a9336557af19d22665295fb8265c1ed61e59a062",7,27,0,0,0,0,0,false
"ce1cdc68fa927f0e2d9c6a5c11a1aaa8df43185c2e1790d260d7fef326d9b829",13,21,1,13,2,1,2,true
"ce229f02aefe80edc88f219e73b1e0224c62744130d9e329d2556d940994d53e",17,26,1,9,0,1,0,true
"ce276fce15c0cfdf94444317454637d058eb080f9e55c20dfe31054a07be8f29",41,99,0,28,0,0,0,false
"ce4dcf0f00695a5ee5804e390ce4cf8b4587ce689bab3f7955f54b4f03f3799c",9,29,0,9,0,0,0,false
"ce52a2af6678a2aa00d44220db604f4474bab3b78c285a52aebc77b13ba1898a",5,12,0,0,0,0,0,false
"ce625cceae48a4f2867a6f7ba4d30bb3d904494847eb63e0b95f8df0c77d14bb",41,73,0,23,3,0,3,true
"ce84b965f3fdbf4ff9ea4c28813a7a30d6dd65c69d0d1bc19834d907a5e0d27b",8,14,1,8,0,1,0,true
"ce961028321c9bfccd750a47e269160db42b20c220cecc21564d21c29058ea2f",1,1,0,1,0,0,0,false
"ceb168b15ae12371c39507bf8ce3abc3de0a2d568587dec1fa6c754221e2b80a",44,80,0,26,3,0,3,true
"ceb80f274a06f17e1b54522093197aaca7906a4f860ec9a8bc1a4e7bac170f1a",10,23,0,2,1,0,1,true
"cec175385911bb959a92b4f27d4be583514ac39ecd16c2e9f7c5d3a3d9397b1e",7,11,0,6,0,0,0,false
"ced02ad53038f7d87cb0637e9dc6d95e475c6395c2e9bf929c30f3623ce63159",7,11,0,4,0,0,0,false
"ceec173e4935dad50252826f773fdeffe8bb8d6db4459fd9c5788aeceb08c7f2",6,9,0,5,0,0,0,false
"cef52dd67fffbdfaf1bd368eadfe684d10384d26723e81d99caefef1e22f8bfd",4,5,0,4,0,0,0,false
"cefc6fc139d2785e861526ef39e8e5375b8cbbf0a813392fb45bf653d87c698b",54,125,19,23,2,17,2,true
"cf1e11c20d0486d31a31938750b3a2adc87ac8e8e41f0513f7ffd8319385bcc0",7,9,0,7,2,0,2,true
"cf2df771b015c2a25e13ff0a5b9a8fc31cb3adf0b22ccaf78a544f141610cd93",43,75,0,25,3,0,3,true
"cf510d418d5673598f3c70430d71bcd733af161f7eb4a75303ac2f9aab9f464b",13,21,2,13,0,2,0,true
"cf7992fea3dab3a925c771d5b1d7954048d0fe012815bcdf71c74bb59fc7a70a",18,40,0,7,2,0,2,true
"cf8f805b520bea6a8ff1e75c1c89118fc53083706ea4b3d648cd63cc27aa2c23",9,18,0,9,0,0,0,false
"cf9936d20bc9047c6beb25ccc318247d4d209f993aa806e2f4c66dd9004b39ed",38,77,0,31,0,0,0,false
"cf9aeb2cbced781ae248dae6cb4b00a934da513901e630309bc5637a9605e1b6",16,21,0,7,0,0,0,false
"cfa2070d1adcee3f76306ebb6792ed7ae30b9e554bb6f300d0a7f870cfa13d06",15,37,0,15,0,0,0,false
"cfa823e62197e720d9d293ee7dfa1ea3328d5b612b870c753c136e551b1cca30",20,30,0,20,0,0,0,false
"cfbbda6395ebc147a90306c0492d5924a65e4ff683412d30e300b0bdf4f0aae0",13,16,0,7,3,0,3,true
"cfc3a4ac351b9cfd901bf5e8857a0ae486385b034882483c332d258bd27111b5",41,81,0,40,1,0,1,true
"cfc7bec696f446b73a9eb6275e1a093d294f84b4fbc45a4b081c66952cc52960",19,41,0,11,2,0,2,true
"cfec83c1227c3cafd110eb422ec7215e246103cf9f3db59a13de3336be3d51a9",4,11,0,1,0,0,0,false
"cff428d9fbfc44004a7727a74b0a54902d107c8dfe0fe41ad29a3f93b0631934",8,15,0,2,0,0,0,false
"cffb4dd7d239d8eccf40a260027ad819afb714d7acb3f48b128b704bff042ace",72,152,1,48,0,1,0,true
"d0044d9028f6cbdd380333093a66a7e9e6b4b854044d81212d0363fdd34f1791",4,10,0,1,0,0,0,false
"d00dac24278e6b9eb5591aa1f08ae70b80c4f5c8309b7bd224b077bdeb0b19a7",9,11,0,2,0,0,0,false
"d0144805a2d8a2afd92b3eec27ceec05f8719f66d7e79a1bfc775c6255099986",12,11,0,5,1,0,1,true
"d01f47d53f53f6bba1ca573f53dcff306457b340478a3f9ca18e0f3fa5f5fbf4",1,1,0,1,0,0,0,false
"d023145534b1c4092289d95f389775a1f3925c56cddf49f9f60f5a5241d110f5",6,10,1,5,0,1,0,true
"d05830d5fc421f900e38b5817749fa1a616734c0c6529ef5f9e808f2b754267e",5,10,0,5,0,0,0,false
"d063a5ff4a2e0600ae8d2d644b240d274eff0547a3eefbc5d19c08b358e90546",19,49,0,19,0,0,0,false
"d07941bef95ad91e9e5f64fa1ecfad57ca7aacf1cc3cd0e54f1dfa0859b0f6fb",32,54,0,13,3,0,3,true
"d086369877582636ed194c40056b250b143478f87cd4283f25b0220a487569d9",76,119,1,42,0,1,0,true
"d0876eb42607cb7fa2c7a9da2f86ad2d66424c0e4bf0d29da792f6b3adbcd9f5",11,17,0,5,0,0,0,false
"d0c742856fbf55b3062d66814cea96704c52adbf7f4b3e183999af2d3105db06",54,76,0,37,1,0,1,true
"d0d1b6e15bf038d1dea4656baf35e69fbf1ffe4b09e7068aaeea5d5f76eacd7f",40,54,2,21,2,2,2,true
"d0d58d621ae8f0aa1a6a2df9ec2c3d75a258f8f8702aefdf7153ef7bd6f431f8",5,4,0,5,0,0,0,false
"d0de20f0b419313447c0b0e7c98518c837ebc5d4df61c7149071c70e181c9873",2,3,0,2,0,0,0,false
"d0e93cf97d4d2f0ad9af106263434fdf3fcab51e8b4fadbfdb9a397375412e77",3,7,0,1,0,0,0,false
"d0eaa2bf4bb20c373c9704229f9e24139bec1571165d2fe4470b211be95ffd8e",5,13,0,5,0,0,0,false
"d0eed590de25b7d1a54e1e09897f4acd8a57a9c46c62a01eee350618e4d695b7",20,24,0,19,1,0,1,true
"d0f8e066495e89a643b89b8cf810b5e3746d43d1088d2df972de9910418fc56e",58,112,0,30,1,0,1,true
"d110296f413d5e9f0a592795724d58a659a0f2678e36817df35e3ce38ddba95a",12,23,0,12,0,0,0,false
"d124951f3d336ae26d2e020218115618bff085677239f10851d5d8fb71a75d2f",16,39,0,11,0,0,0,false
"d1257beb0116c02a95a046a73142d8e2d510a4ee0594b6ebaa9b58017fa64454",3,17,0,2,0,0,0,false
"d12725a91d9e8a257b7fb54e08283d39b456dcbea73111e35aa3cde8f8369269",21,40,9,21,6,7,6,true
"d1340ea680c4bc45be21997554cb5d37421a9290bc20fa50f2ede79029a77f8d",14,26,0,10,0,0,0,false
"d14e8cf2e2c07ac4237e4804a50d02c717333ab2a1a4ed63cc63228e265b0a0d",23,39,0,11,0,0,0,false
"d15769c1e97507561fa6000d016229ec1c9c0a8f4f1878f56d3f50466dd63e9e",10,13,0,6,0,0,0,false
"d170938c145fcb6a1b1b13195237f93a795db66ad41534acf5dda868b4950251",11,18,0,10,0,0,0,false
"d176ca783226220cf2ea24dceb4216e36a8f23fd84526b726831d76821e52ed8",4,8,0,3,0,0,0,false
"d181b9ed7a67f35843ffcb48a9dd93153bbd17367bf32fae7cac384023318db5",1,1,0,1,0,0,0,false
"d19329c207d1b1ed18d3a14c3a49ac1c6ab31ce8e58fe4f926e43a6478eb501f",17,38,0,14,0,0,0,false
"d19e711a07df5e712875d130dee4a82acb9db5821f9b513017001b41fa4d9a17",17,16,0,15,0,0,0,false
"d1bc19216f3c6f1c9060935c161f034f0930a74e7140d2baeadd4cfa8a6a3a5b",15,27,0,7,0,0,0,false
"d1d4e69b4f3b9c14382b5e8cfbc081afefb5f5306769339a7482acebdd5358a1",27,62,15,23,1,8,1,true
"d237fa83840c068f576d8c51a424a645a8ae3b8b18dc888a95cac65d139c8c58",8,24,0,3,0,0,0,false
"d26b246d23e87b05a8b5e16820f7f7694666e8edcd6f33612a5f800e3c777a03",26,31,0,14,0,0,0,false
"d28683f723ae932a0eae1ced62a91a23738af3d8bbb79bcfb1fc7b20e9a9f2f9",51,106,0,50,1,0,1,true
"d2bac3ddc9d0d643fdd6f0dcd6dde2bcd421525307e73cbebe7b609d63a9b9b9",10,14,0,6,0,0,0,false
"d2cd4e0db809ace6a6a711800ae42303b3fe7e7c1927f446611db1e9465bdeb6",13,26,0,5,0,0,0,false
"d2dec36170317d81aebaee3efdc7df87fe5c72bb87bc85f5f8cd1ef1e057eff9",60,79,0,45,0,0,0,false
"d2eb73508afbbb035fa33fd44ef775e53ce74fa3bd39a436de2d0d0bbffc4273",17,51,0,9,1,0,1,true
"d2f32d45cf25458862bcac3ba6d34c61cb747303e706f42ff097594e1816d730",9,14,0,3,0,0,0,false
"d30802b77f8a5c12023af2f7158e979113803a4c623d52e8e03d0ae5b46c6039",61,138,0,59,1,0,1,true
"d31b9d0aaab30af7247d7de53618b6793d806032728ef21d08262ddd8e11917b",8,21,0,4,1,0,1,true
"d32eaaecb876cfe859cedc7f2ec7e7e3030eb5996d86ad139a19e443d876c0ac",28,52,20,19,0,6,0,true
"d332d0e11bc48141e472cb6ccbcc0871f3d6d092560a1704b1231f27da437b89",5,15,0,1,0,0,0,false
"d338638bfe9350f313e9a60d965c3402ef99744865f25fba0b6735fe8106cedf",14,24,0,6,0,0,0,false
"d34c166bae5bc00cf504d56bc44244a276db477968081b4bd445698ab71412ab",76,119,1,42,0,1,0,true
"d36769d55cb2fa787be7525e6a4fc686a3c96375d3b95a646cf2b209c3104c39",9,15,0,7,0,0,0,false
"d36d64ea39af8229598eec22d910b21ebb0855c8bca9116f94dfa2ba40f9f991",9,21,0,8,0,0,0,false
"d370dc79be4af9922fc34d431c0dceff8268b5f9c81b18bf877e855645e48023",6,10,1,3,0,1,0,true
"d376f3bb497bca6260153382c7182e123589c02bc02a5c91f27e55c4109034f9",13,24,0,5,0,0,0,false
"d385f66c1e949400cd355ae03ec178b4b949f712cdb03176075d8dc96c6f4fe9",15,13,0,8,1,0,1,true
"d388a61d4f0c8b6bc36baa037e7851d337f9d50a0b0da3e065c8695916dbc820",3,12,0,3,0,0,0,false
"d3921fbd2c60a4b359a0f29a792e3532a1809335c93435a71455e9acdf9b1c28",5,29,0,1,0,0,0,false
"d3926a274eccc3713232625984f0a5177dba0267f58f40a9972371ba4bc97980",15,23,0,8,0,0,0,false
"d3a1c7b6d177cc35ad6ce54492808f43aa8a2363f2b7a9446a34c381e05e5680",59,87,0,33,0,0,0,false
"d3a39b20074dbffb8484189467a8349c356a65a1a852e439da0309d9b7216983",30,49,8,19,4,3,4,true
"d3a8f996d3c1f5ba3aba01cea451578dbf89851ede900f8b61ea6c8b41aa95df",25,50,0,21,1,0,1,true
"d3b6d659172b8849453ab103491cfbadfc9af573fc311d95bf15d1522525eb9b",11,24,0,11,1,0,1,true
"d3cbd631a73f70413cb08274a4c6737f402660aa6d718480540c18512111973e",10,49,0,0,0,0,0,false
"d3d4d607c6db7fd8ac0e460700822c9a7018df280c7133fffaf6497c92f0c521",1,7,0,1,0,0,0,false
"d40f0a005dd2b05c6d7240b62f7f11d6fc0cc1925532d9b160a182d9ac2efe48",11,26,0,9,0,0,0,false
"d43bca8128c9f3bd541d921245443825c413e012038df823aa3c7a48aea58a6c",36,60,8,34,6,7,6,true
"d44487d42355ac978ddb16c28ac4672d91771e918bab07e2cc4c768e7f6fcee6",22,17,0,11,0,0,0,false
"d45e236a0224db2ae43c84c8156d90e53fe8a88625173e0f0fa55ce68958440f",5,12,0,2,0,0,0,false
"d45e9f5da77d46957bb1b6aeb9dbce4a2f94f3ec833d6245ab73b615a9eb4992",5,6,0,5,1,0,1,true
"d460b8c942ad5a94c2a7b5c24e587bbdacd09711addffd2b7d7c7362d549d01f",2,13,0,1,0,0,0,false
"d4645fdf3441e49a659bc0b8fd6fe6287ea8df5048630f2af3342c1769ae57b8",13,8,0,4,1,0,1,true
"d46fb93b1458d5785685549d18c13ca99d1efbd8bfeca16f2f905cbd47adb19d",13,17,0,5,0,0,0,false
"d47ff11a030b7965f003051a3486d12c5d10da191a945f9f14dc3c5794842a70",21,16,0,20,1,0,1,true
"d4862be2522cfe5cd4d55a160e10ab7c313ab1297773ea00e98e3eaa0225aa0f",30,29,2,13,5,1,5,true
"d48701791d2fd7cb412a89093507608b472f9631ae404ca6c49d362e57380759",15,35,0,13,0,0,0,false
"d49bba4ee089850732e3a50d83a14891baf7a0de4068eb6c78a535113f8ec501",19,29,0,13,2,0,2,true
"d4a63b42550ac5e75977d6cf19bd514612521e7202bbab25bcc8ddc18c6967fd",10,33,0,10,1,0,1,true
"d4b4976b4fe214170a21aa11b70274a54877160e05ca88af0f41246956170ff4",38,65,0,15,12,0,12,true
"d4c13dfd28241c3df62d604e91fca0510b926aebe315acaa0cdcf9451fde8c35",14,26,0,6,0,0,0,false
"d4ce630636eff6de88819722cd828a149f6a2b80b89b0814a32c81da1b517a70",4,9,0,1,0,0,0,false
"d4f33c5774b7ff9a1436edee889184f7c6bba83c0f63b2c0d50607235120460e",15,29,0,5,1,0,1,true
"d4f516e320aea7aa4dd30cd5469f7a95976344cb8489f00142b0259743bfccf7",5,16,0,1,0,0,0,false
"d50d9847826a118ce27cf1c32ad56c387290888aa1c6ef6f874318e013d31bf7",6,5,0,3,0,0,0,false
"d514aaeeb08159a7bf0516a8769707cb745d01eec45531c061d8356722c56799",2,9,0,2,0,0,0,false
"d527a37861d0e83d4b53c76f60bcc8d32ee1fccd4a52ebfa252f6a447743c8bb",7,5,0,3,0,0,0,false
"d52cdf2eb525b6be48346594281048f6a395975a724473515a1aa6527c35eb21",10,26,0,6,2,0,2,true
"d531ae75dc2f47d86e6327aaa2198d7c50e3afc5187c53204684d95fcc99dd93",13,27,0,12,0,0,0,false
"d54eec4122b02dc2b9033b8f63dc269ec4a322767acf8233f735c02d77f3594e",16,29,0,10,1,0,1,true
"d558e6a20af9b41e264beb1785de8b9ca412380eb2b142356e5e39a938fe96a5",17,12,2,7,4,1,4,true
"d55fa4c862a99b7233098faa949f3337f23fd244b21e2e2af08bbc7d56a6b73c",2,5,0,2,2,0,2,true
"d567b550d95b4e57ef2024eba805f6046ac1f2cc30965908174940ef6973a879",4,9,0,3,0,0,0,false
"d594c24024ed0c79d801932c8d9899ab20cdd3644c16e67eddb2d9045faa8fba",2,3,0,2,1,0,1,true
"d5a656f1cee86ccbb94729638f158711680e29611f1a4171115e0dd2cb93c818",22,51,0,12,0,0,0,false
"d5a86eb88cb98007ebb6e2e72509a3c21c07e478d027b0230d44c778158dd409",7,11,0,3,0,0,0,false
"d5c8ed84c56192201b061e68e11d7376e1342364da3aec7c2e053a33dcae03f1",14,21,1,14,0,1,0,true
"d5d962ae71cde3d5c71308aff4e82cb50e8a9a0d86d4658dd2112c84a60fbf88",12,15,0,5,0,0,0,false
"d62336ecc668bcef6dca23de9fa09adb978fa6e2ca241a1c1a356f5e249d617d",17,24,2,11,0,1,0,true
"d6274951e1b448acaf8471aa04c851293b7b1b4c33ebc931004c66d4ea6a8d8d",38,86,2,35,3,1,3,true
"d62efe5ab89c35fb1ec0faa73d41a710c4b6a605ae6638b8d016d575200520e1",3,9,0,1,0,0,0,false
"d6555015ec88a308950f7be48eec3112cb899a86b1d5088cd63843b7ed1d4f2a",3,19,0,3,0,0,0,false
"d65b3bb0e0c61300e44efa61d50ae9ac6d32544382093b502182f884819740ec",17,27,0,7,0,0,0,false
"d6704b277c3231ad8560cacdbda063ee142fd4f15bec7ae6153c6bf220c3873d",7,9,0,7,2,0,2,true
"d67dbd139c692237703b0f64adae6d7e87b5f1b559b4eee549baa047324f37be",4,10,0,1,0,0,0,false
"d68610690fa381aace03f16ef591334d61e808bcba0ac9e3a15d76df492aff24",25,35,0,19,0,0,0,false
"d69a7783fea7e1110f7393c491794d08b9ce56af6d1c56c0fc0829a29bab6bb6",9,25,0,9,1,0,1,true
"d6a79fd832b37b0f79f6f74b3772e67f755a9e4812544e2d1c217308419fcfa0",23,34,0,9,0,0,0,false
"d6c6573dab16d78404ea3a07f61c78075862bc8a81795e0f09c6d2e0bd9eeb9b",45,87,0,44,1,0,1,true
"d6cb1f2efd64c67a58c4dbb911771c79ecab1aa4d839cf7fb4942c26a8a24854",57,70,2,27,4,2,4,true
"d6cb6bc2da52e5a05e8069a4c45803b02148faf98c0814f787982ac0bbf78368",14,34,0,3,0,0,0,false
"d6e5b31d1313c6577a64317923d8e9d7abb2555208a656fab2ee52eabbc57e5d",27,54,1,27,0,1,0,true
"d7049478085a960fab7b0b9525755b810a02c3846fb8a87d3cb9ddd17aed3ecb",6,19,0,4,0,0,0,false
"d704985741fd68d2ec2ce084739f5e6b4c2ecbf2c1a8818316c13b2359fd900b",3,10,0,0,0,0,0,false
"d70a8fceead24dea08168023f02b76627aa8ed98359aa10cc33cb416b5f5ce9d",11,10,0,3,0,0,0,false
"d70bbed7362a7596d03bd7d27298049bfc0b1cdbe648c9749eb06dc89a5e9d51",15,29,0,6,0,0,0,false
"d70e577ff4d66329835b7a59f71e4e4a946de509a9720542c71847f0ddb2963b",7,9,0,7,2,0,2,true
"d70fde58a69dffb90551bdbf9a1c372153e851e3f8770b3624d59b1db43d7bd7",45,85,5,24,2,2,2,true
"d7161bac4b09c709d1b2d05b4f6883c7d6c186200aa418e66ccbc559cfd4f5d0",15,31,0,14,1,0,1,true
"d718b1806fe0b27e649851dc83704d958a07a2b0d11c76209c67bda7c235872d",52,108,0,51,1,0,1,true
"d71983c8799ac1663a30b8d3f13fc38635cd7c18c217570f4eb50d3b4f79aa57",13,16,0,8,3,0,3,true
"d723b12d81f1a0e8c4b384ff9d01f0fc6e3f4f151d55ddec5dd02dda3d33a542",13,23,0,5,0,0,0,false
"d7430b0cc13a32e426511bcad059011445862cc79453d102dbabfed77a24385a",22,55,0,11,0,0,0,false
"d7ac4a995d3618be1fc6c06434db4ca734d2f587b486fb6280f80c2691aa7337",34,87,7,34,1,7,1,true
"d7bc2dc68df16a156710b5702aff4e9dbf3663ed4e71852a6104cce5d67a32df",10,4,0,10,0,0,0,false
"d7c187f1242d38ebbc61fb0054f3cff039a2e5000323abe7398a7cf0cec3ff01",1,3,0,1,0,0,0,false
"d7d2c42085c211596f7767292c46204daa8c6cbee4111383fba5959e921c6a98",2,9,0,1,0,0,0,false
"d7dba14ac5b1e933e4eb3452e5ecad3e67dfbe3c68acc3bc121964835d337136",6,12,0,4,0,0,0,false
"d7e946d08e900886c6160299ccf941b7e62bc201f7d798f4ed65d1000c94e000",22,26,1,22,0,1,0,true
"d7eacf354edbf22ad2db4b96673f523dd3ca698e492a5a742c5b125c47f0b891",5,20,9,2,0,3,0,true
"d7fb60c602ab8fc3c5752f4e9da35d193d9077111ff95648350b2029693939e7",24,74,0,18,0,0,0,false
"d826eda35470b53abe8a664b3628473c843178c0264bcf3a68194e1eb2f1c3f7",11,27,0,2,0,0,0,false
"d83f73f1f57329793d8419910605abc292023b4f9ec3ae71038247015b5f8eb7",19,47,0,8,1,0,1,true
"d867a50a5b2c237924e356ca09f88748285dcf30426f42c216e19d54c6cc5039",25,16,0,16,2,0,2,true
"d88fc1a8751217f1341d333bde5676b69da5d01841ffcbaebdef841f0e6af969",22,42,0,15,1,0,1,true
"d891b45262573dde0a206e4bd849f600c6abcb7ebec7ecaf55e3110d379009bb",12,6,0,11,0,0,0,false
"d8b958fea35ae20bb62360623d95df210c562ee9bbda39333b7888ac6654043a",8,11,0,3,0,0,0,false
"d8be630a761fa1b578f26cd22539e6c501c1a3287c3203d0a0b8fa5da89217c7",9,7,0,9,0,0,0,false
"d8c9484b5ed6d0d9635c73e746467301b07c3529bc8527e624bdc21a074f18d5",9,12,0,4,0,0,0,false
"d8cfce5e264b8632c26da735bdd40112d128bdb58a25dbd1bf70fe279f305132",13,26,0,5,0,0,0,false
"d8d02417173001500af899629dc00cb2c718bd82ba45326cd62695706841e260",11,21,0,4,1,0,1,true
"d8d1e3c135ed2cea40a157066e9ea035cee6052614ad0706362b0d46a48e5560",13,26,0,9,0,0,0,false
"d8ed1363edf6847419586a1748a202df95cac3dac45656278bd113a583962836",9,11,0,8,1,0,1,true
"d8fefaa79618d063b627cf2d876bfbfbf6a1120e7781e1b6228b468dfca3b276",7,9,0,7,1,0,1,true
"d9002069e506bb00df9c0f8e3c3634c8d695289c5dcae18ff7d8b337824fed2d",7,11,0,6,1,0,1,true
"d93d3f5a1b8175ceecd3536f1c6f58911f8610a99b32aa82c9cc9f3ba85001e7",46,71,0,28,0,0,0,false
"d9610e99b7e88f72d3a85543e4fd3bbd07b18e0ef016e6e4bd49c8343601099d",14,19,0,7,0,0,0,false
"d974b093835b0db3f3823736dbc03b1c75942e771a5eb84da3acc21add807862",4,12,0,2,0,0,0,false
"d9831ab45ff4f61f092c7a37acc3394c084cb9b2a3bc3b3349f5ffdfbffbbf55",12,15,1,5,1,1,1,true
"d99085ca1776c2e2929d89d1f67457f684b59aa5a5ca561b7d8b4c2e61705f1f",18,24,1,14,4,1,4,true
"d99614352163488ac1265b1adadfc0d5c8439017e0080594becbf829240f958f",22,70,7,21,0,7,0,true
"d9a98fa8c62906eca629ac5863086e7a7c917d2a65bf73d6f4e3b87f78420da2",38,77,0,31,0,0,0,false
"d9bea69a0e59cf0c9407566f2f2e065d44de10e237d7e44814c9083cc86ca893",9,21,0,8,0,0,0,false
"d9c309855b865c551bba1952fbcc826867d704ef12aaf587a9bc13357f4915b3",2,3,0,2,0,0,0,false
"d9c80687de31f2f43cada5ac93df1dbc97d57d300d1e90b5b36a64908e03682a",18,40,0,7,2,0,2,true
"d9ca5177edad623de9e43afd0c6ab33e83bcf8875d396ad1a2ef00d23e386f91",17,30,0,17,0,0,0,false
"d9d9f2efff85539bf7b9e93cf9533fbeb3c6a804507f2137d7905e0617de4918",5,11,0,5,0,0,0,false
"d9db3bc7d8d59fe1c09a704169aa81f9e958277358917b9cb16bf0c43b375ce0",16,21,0,6,0,0,0,false
"d9e4643ce85b3f3affef1b69d33556e25a9baba850c13762c18a6e0c96cb22f2",15,28,0,8,1,0,1,true
"d9f7d66223d1bad4f1b0bf01494df3cd6f13eb5c84bae3617ebfdd5626b7d524",15,29,0,9,0,0,0,false
"d9fbec805855d9fc0471436efc23ce9dacfa2d71ce2672acf4fb29d002e5c88e",11,23,0,3,0,0,0,false
"da0b01cc28410b255384864515fd6153e8721e646b69528b3fe3afab38cfe55f",4,8,0,3,0,0,0,false
"da0f19cce57c5d93d3909f72a89c58336e1a01f86ca54a7cfd70bae993f947da",25,25,1,22,0,1,0,true
"da184792aa0b20504a82d573e3f6c32eea828731ad4f908e7e2b22aae0b144ce",19,32,0,16,1,0,1,true
"da34fb45598cb58ffdc0f34715daf8c8baca051304c14013aa3eec8026405273",13,24,0,5,0,0,0,false
"da57adcedceb01f4d74fb11297ba5fcb49622ac3a1478bde2219beebe06c21c3",11,12,0,7,3,0,3,true
"da654383ed41da7821d5f0f5eb7e17e830b1703120ece10875201a1b876e5bc3",3,9,0,1,0,0,0,false
"daa8479ff3ad803729f57816ecc2311aa58a7c4b38e3a08ff2a60d976a47485e",45,87,0,44,1,0,1,true
"dabe12e71c98e2e3dd675bebdbd39fc10b61379fbed2866056f79839d89e64c3",18,40,0,7,2,0,2,true
"dabfeec5f0fec3d38ea66a7be95f0c5b3b190032d72ffad3e6431b3951425cb8",22,27,0,21,0,0,0,false
"dadbc43b2f83f25ddc877756fbbd944fc41b6b9e07f310e1349af83dda0746d9",41,28,0,34,0,0,0,false
"dae1757ca9c8350654c68b1be0dd959f00a111eecef928dd4a49751f99f03517",28,37,2,11,6,1,6,true
"dae1af1c2863e907e6b58dc861bb7ae610c9b951d23af7902a6afc247b923b0a",37,48,0,31,1,0,1,true
"dae61b0ae32ed476188842dd20e155a62aabe5348e7d6b67df3a4aaf72904e49",30,48,0,12,4,0,4,true
"daf5f37986b0db95e6a4fd4fd71dfb9753508b1a1c1215856e86a0e3e8c77624",6,12,0,0,0,0,0,false
"daf9d0c1364c923320592e36cca456d9ffa7df460377844674761e6b2a4678a0",17,26,0,8,0,0,0,false
"db0822038b22e09f8b37b7e4efc43c881b26a8abe1ecfbec8a19f5284218c509",7,9,0,5,0,0,0,false
"db0fde4d3d89fbabd99b3ec429dcfc21b55a91c08a14a453573e3873b5e04267",6,24,0,4,0,0,0,false
"db116c1a6378ac6666c0ccda3ce32e5c5ecbb93f6b63a79c87636d76da8dca26",1,9,0,1,0,0,0,false
"db136378388fcfca090c0cd636ae90d1f0318dbe0d7d5d438a76aef121746dd8",40,60,4,17,3,4,3,true
"db2173876c499b41de749589c91329956e82175eec6e1af32433012ddfab0f79",5,12,0,1,0,0,0,false
"db2248ad7aebd428ec0b357e3d14490864aaac14737ec22e8de733d600e6dac3",5,13,0,1,0,0,0,false
"db24396d9024abc4c5ac46c053b4ebae7582df348f5f57a262025b8836d10f12",1,7,0,0,0,0,0,false
"db2c14290d4964e3805f2527dd132939ba5fb3fccac56b30bfab8fd091011627",9,14,1,3,0,1,0,true
"db303093675d950db4fdb1c5d9710bfe5c17e2e03f4c2ea683689c427ac586d6",43,72,0,24,0,0,0,false
"db46d39540fea773b90c57fff76beb9e1364dd45131fc939a03d87bd2ccd931c",22,67,3,4,2,3,2,true
"db5d979088a7249a7267a52b6b7ca42577c9b482594307fd8d4039fb8009cb8d",40,95,0,27,0,0,0,false
"db6e4b24f715c9cba86b35f54e16cd9a22567f1e06e23ba007513adc7449e788",11,18,0,10,0,0,0,false
"db76e90b58dc70a848bce1ae7d8a67a352f0437f6c64bf2afc8f70a88d9f6941",25,56,0,19,0,0,0,false
"db7b9c254d46a2241160694f8895b2a40b7c91d984f9e1d696a8678f942a87a9",15,28,0,15,1,0,1,true
"db8bf67ae190be073f1c172dfe9f4f7e4c7bf4aa294f82338913cdf2744796fe",35,26,0,24,2,0,2,true
"db922a279ac016a3c6c0247176dd2b4db8a58acae199a51cabc8991f86510b7d",7,22,0,0,0,0,0,false
"dba148c1f93579d4337a3af18835ea7251e1a8ffd1ea93dce3e8f32d1b08d3d6",20,59,0,20,1,0,1,true
"dbc53dea7093608e9b0169eda715175163a07fe323e969aae96afe33f337d3a6",11,22,1,6,0,1,0,true
"dbcc63c2738e9c9e3d7e4e723c5dec231fc292ee04e9b286e64f825f1217cde5",15,20,0,13,0,0,0,false
"dbd0fed83aba79e0f20696008e0efcdfcd2b260731d31477a9732ff1728018ae",19,35,0,8,0,0,0,false
"dbd27d2b53d4e922627159ec5fcb362ea1bec9754dd72c93f94b4cd6ff3f646f",7,20,0,1,0,0,0,false
"dbdec39761fe15a79e640bcd59b8f99d51fb5b7c4458410c03557521f3459ad5",9,16,0,4,1,0,1,true
"dbdf62771669ba8fc412b2ccd6fded36b6c3ebd10d4c8bdfb0f0c8747bd643b7",11,8,0,7,0,0,0,false
"dbe1b2df374332c95b96a12127656b56147be60e5fc2abbcc6e3ed704fb1e259",10,49,0,0,0,0,0,false
"dbee64dbb4d15c37096dbcbc23dca973b41db686f8ec38047c45c2a51ffac010",3,10,0,0,0,0,0,false
"dbfcae5960ca1baedcacc98934457b207467cd23bb2351a6ab13e5ff02d68a24",4,6,0,3,1,0,1,true
"dc1523c9c9cea321dc6edf78df896a84317b8e9ca60aaf756d256e41b9b8a560",1,2,0,1,1,0,1,true
"dc2a7fbf6affd4b0c98c7550fa260b48efc39cc87623ab553d801a0c8e6f56aa",17,29,0,16,0,0,0,false
"dc5918ef371275be5c27f2925234a6782ddac2aae6684139001863b12a2ed99c",12,18,0,5,0,0,0,false
"dc6a54133f088a51bdf6a1f83eefe776192015f3fd1998f96013317cacc50fbb",41,60,6,33,4,1,4,true
"dc6a81db12b29c536da8cd9bda8d06d0cc61c131855b4e7309d4c8f301c61e67",13,28,0,5,0,0,0,false
"dc7fbf08126a0eaa8122f27afd958e683a04c94a5eb1a65616494557414fa647",15,31,2,7,0,2,0,true
"dc88e79071959a9c1c2afb93456878209301f27ca520329356e492153a4a241e",10,11,0,3,0,0,0,false
"dc90e75de093eb27d53249025c3595d0dd093618c2c8a0f69023d4bfaf532b97",37,73,4,19,2,2,2,true
"dc918dc9b236ac6b433d15be35123eb383e4ac9b9b93b379ae3898ec07ec3de1",4,7,1,2,0,1,0,true
"dcda681b9c895d37fc69b27b956e6c2795624c3e1fd61868f5a30ca9f4c0f422",5,14,0,3,0,0,0,false
"dce2379bbf311f43660b6f835087cbc473cb326c349085d86ba85974ef7335c3",8,10,0,7,2,0,2,true
"dd29e5e43bdaccee68aa7c0673694eaa82436310dd414352a2da8c80d256f30f",1,1,0,1,0,0,0,false
"dd305cc16a7a9a94b9869f0e51b337ba021e402ef2aefe151ad1fcd3d78a9436",20,32,0,10,1,0,1,true
"dd3fe2de6eb14f4498d9676b1e11879c1223a98faf230c3038cbb90f6b27bd0a",2,5,0,2,0,0,0,false
"dd6145633fa9ff1b6debe152b03fe5bb178ce5c8be7c6a4437912db2ceb2aaac",5,12,0,2,0,0,0,false
"dd7d3f6eacc7aa9484afcd43ae8d4a8fa3ad27aa8ed44fcbe6083cb503bd2961",18,40,0,7,2,0,2,true
"dd83430703a4ff25047b46f621033a1633cd37abc7e8ebafd4a811bb9e287435",28,34,0,16,0,0,0,false
"dd9e742c2e014ade334438f00ecf243b572ed5b1d4c590c099eb1e148e2aa40e",1,6,1,1,0,1,0,true
"ddd86de9575c14c7b04bdf0b9d8f433c12e828ff862c9c68bc0c9a9af9f53729",28,58,0,28,8,0,8,true
"dddbb6ba2f1598d6de9dab08cd423db017e780f10a733afa871ab90ccde797b1",25,26,0,17,1,0,1,true
"dde493852b3831860fae250c4b1f6334fc4010ec686ca69b4732904a44e8784e",16,42,0,16,0,0,0,false
"ddf122aa7c6b1e64eba86ee97338b7e1b3982b4505364ebf6032ae323442cd37",2,8,0,0,0,0,0,false
"ddf6e436ca42ac3ae389ee1e278633c8c2a1fac12d0f791681b756087dfeec2f",10,19,0,9,0,0,0,false
"de00bc4e3d389ac8ffbcbf6ca53d88e940463fd82dddf25e874d4504d8cd3d90",31,57,0,31,1,0,1,true
"de09877642e141184d6ddc8c5abcae278d2b820da6de8afaec2ff27fd87345d6",20,40,0,19,0,0,0,false
"de1fbf541604672701b9fdaa3dc44183e61ee1c8078fc966138e9aac181ca408",4,12,0,0,0,0,0,false
"de28281e459f78afcd5002d756063e981b720eadbc14d72fd6736fa43c87efd1",12,14,1,8,1,1,1,true
"de3c2cba30268f60caa470e6e3f3c14f34d16af0a3c19e01b728b3bd55a71991",12,23,0,12,0,0,0,false
"de44dc793a43ad7a9761d6d6deaa9024c32feaebd7a5e0e92602e6258ccab5ae",4,22,10,1,0,2,0,true
"de453b6db413a3793b8b944121a0b989c7acf160cd6df078c0dc92f720f81279",4,6,0,3,0,0,0,false
"de81128df5889eca86e736ac3c8e353609f5439bd60fec83ea50f471dfd848ae",13,22,0,6,0,0,0,false
"de858a06e22fda01b701af6bdfa03c349940fec3b4ddc191a80f03680b196393",12,17,0,12,0,0,0,false
"de9b3838a87f670b5670b0cf486ca96e0eccf8b135ead816f959a51545b58b4c",10,22,0,9,0,0,0,false
"de9dfe1e2f0096acab346197e2006cd53ac54de1ba08b4d3a10033ff0650b0c6",14,23,0,7,0,0,0,false
"de9ee39460eac28d4331ff1240322b583619613f1b00df09d0b35d28d6eb6dc1",16,16,0,14,0,0,0,false
"dec58db6464410b15bbed473e0aa5fb616cb9f6b6aea379ae392cb8ebf9670c8",6,8,0,1,0,0,0,false
"deca03ee948382db663585f7b4e90bbd8ef719a96f2bb986f7530a9654e738a2",5,3,0,5,0,0,0,false
"deea0b5ad6afc622e5da0cc1bc66032ab502bf40836138e59f3767345c9d60fb",16,20,0,10,0,0,0,false
"defa6f74e04bab35b74d8007adf39e20902dbe65995efadd79c0c35269621f9b",21,27,0,11,0,0,0,false
"df06cfa8174d5523bb8b067a6179af7d669bcb30fa2ce34d811b5b85788f6f00",70,89,2,26,2,2,2,true
"df22f70ac2c1ec456cf8e8eeac2aac164aab4f2d79e6c490026a06f7a970a814",22,38,0,18,1,0,1,true
"df26113146c5507e63b15bcf3812aaaefa8dba44aeb071b62cdc526ea3f058e9",3,2,0,1,0,0,0,false
"df39861bdd6a838826acb7fc9d965563ab166d5d15cd83cc9a8671448e0696ee",5,12,0,5,0,0,0,false
"df437853c584f4b7cfc5b4d1afa17f242a425307be1b9dd86ecc65052477b9c0",13,26,0,5,0,0,0,false
"df6f458a63c7909794b1abb479e62aeacb092aa6b967695c1ace500f9420e381",6,10,0,6,1,0,1,true
"df7038ed9bd30e83953acb56190d5e4ddb0e0e7a6dae2da97c609d87c77a29ef",15,24,0,8,0,0,0,false
"df88820e231ad8f3027871e5dd3cf45491d7b7735e785731466bfc2946008608",21,24,0,16,10,0,10,true
"df8fc2ba105375d960320b52b729b832b891414bf8f6f3523ea809a51a0cdf53",68,145,17,66,1,16,1,true
"df98000b665b7aac0f8827e725f706052ecf52487c73df33ebf201db33d57978",14,27,1,6,0,1,0,true
"dfad78f7ef4262603f7ffa765a04bba61fbbe92dd1f5e6c22b5f274ba05860f8",41,73,0,23,3,0,3,true
"dfd79b881cd517cc688a2d265acd202bf4851e6b9de0071bda9bba0cc07bdf20",12,19,0,4,0,0,0,false
"dfdef9f48e6024e9f901dbf574bd2fc6bc625af385736158b1f826cb4c125d14",16,17,0,9,0,0,0,false
"dfe08cd292256aad47292920d56b80961528bce71cf4a027a7de8a37e085841d",12,14,0,11,0,0,0,false
"dfe2a33982a4fd69054593c07e828aec75d4eae513b38abac78fdaa30c3b8100",39,65,0,11,0,0,0,false
"dfe6958b221cd42be23fe44a90cab8a0a24a69de5b52ad3096ecd88e072d3513",2,8,0,1,0,0,0,false
"dff7bb41cd554e2fa134dd0b345e3dc995336a6248134a334fc9a74542bdb6e4",7,13,0,4,0,0,0,false
"dffb5944dca54fc2227eb2648fa5cac46424fede28d485b17d36010b83558d85",6,11,0,1,0,0,0,false
"e00025d1082b29d8c4c3fb4317ec7b2f3d823e18a3e55d34b6f9e520f97e09fc",10,17,0,10,0,0,0,false
"e0139ee3b93d3b5ad51b8385f0ffa8ba98be42523399dc7669a14aa5d2b16878",16,28,0,12,1,0,1,true
"e02a7bed28dd0aab8c4a926804efaef9a30614c85e9936d3e3a220bd98b4f5f9",30,45,0,24,1,0,1,true
"e039233a805d7313439c0ecacd7a568dd594180f86c81c7d885acaca9c005d46",57,70,2,27,4,2,4,true
"e047aca524cc12d5fd0912434c5ed0b6fff7578028410e50a2c2b5f5e77c70ce",14,21,0,7,1,0,1,true
"e0595086bf295415874c432f79542028ae95403bf84a4b0b0f1f83d98a70278c",1,3,0,1,0,0,0,false
"e05eda2e0866b5bf545e05259026916d257f7a89f250afd379592f5474e2347d",6,12,0,1,0,0,0,false
"e070ed48c753b0d45e19392dd300370bba4fcd959d56d728d35e948d52fcf158",26,37,0,25,0,0,0,false
"e0790b82ac0ff33d4e6f875a7170113e35facba4f98158a3d8df30945f67c90a",6,14,0,3,0,0,0,false
"e09700f9c6afd11f0c02cb6eb81814dd441b308596ada743fa99e7e4572ae854",1,2,0,1,0,0,0,false
"e0adbefe11dddc800577f844065fe6b9fd3df21a206a5f632df5c8fed9395d77",5,12,0,2,1,0,1,true
"e0c931985f9bbb4f813a4e9093fd4f999d4caa3a9a4edcd06fa55d918e3bf6f1",12,18,0,7,3,0,3,true
"e0d60aed0865a37afda5b8989db02ebf2a77c86c1e76251d95eb4e6261ef2380",8,15,0,4,0,0,0,false
"e10cd58fbcac623bce5a6fa67eaf5ea4244639aaec234757f5d98317dfa855c7",26,37,1,14,2,1,2,true
"e1191bc282426547ae9c65f4188a69678b16897bcd40c548ff9940650470c409",22,22,2,12,4,1,4,true
"e12018de50d4f09fe44f4cef55cd3e83496415b9420d7f8786e864377d437b74",15,29,0,5,1,0,1,true
"e13706e466a257a4c101afc1b5e54e0bf5db00c3e50aef1e9d3728950efe08c3",40,64,8,37,6,7,6,true
"e1429fb1b8de1085194cdfab86b8c94ae36003d0b0e5525d286794f9fbb762f8",9,13,0,3,0,0,0,false
"e1464afcf0c7c01e4306e3eb9d16f653500fbaa31c3cce0afd675449d58cea14",12,23,3,8,0,1,0,true
"e151a630a9746cfe082c7a17575f2b8e36bbd0fb4815f8584b7047ff0f28bc88",13,10,0,5,1,0,1,true
"e1775f270149d57fd75b220736fedc2b34e2d9c86487aa13da367323a2fbc80d",21,16,0,11,0,0,0,false
"e17f49c2b14855f93e83d2d9f2f553ceff74865ae840e9ba3e50be1dccf467a3",10,12,0,10,0,0,0,false
"e187eefcad1b2052aa525a30c631a942b1a6b439095b121d4bfb1250677f1d60",10,22,0,9,0,0,0,false
"e18a6d69b0cadbf6df5c555572b861f33e0d66442cc7dc6adee6b834355ed913",11,22,0,9,0,0,0,false
"e18bfefbf6e65d7f345331991cebcd1e5614d6539d1204a7b71bdf5c3b6032bf",17,49,0,7,0,0,0,false
"e18e011e907392ed12a46bb4cc2d13b32e42a5a5debcd21f33999d795a467920",15,25,1,6,2,1,2,true
"e19dd194580f528b5922c279ab230fbedf5193de8b102288e139c74941447ef1",63,91,9,37,13,8,13,true
"e19ff0b3c4b43c58abd04dea8fafd6e5693631993172b0770fa91f4ca9513903",13,23,0,13,0,0,0,false
"e1bd5a0b75b1d3b24eaecb1f1ff4b626994e23f04abb3b396025494593f3891a",8,11,0,4,0,0,0,false
"e1c683b04947dfdbe0cef942b9430b2274eca0d6dcb8f13fb871ae42a4f24855",6,20,0,1,0,0,0,false
"e1f9ac0ff71284b349b3b0a5003f3e07acad11e9ad744706199ce5f805d45eb5",10,19,0,8,0,0,0,false
"e214d697bfaf40be02b86addb54fbf8b4ad7597fadef2ea644bb860172449153",35,66,0,35,1,0,1,true
"e235ace43d2eaea9a57d5717d6888e32d6bdd0fbf224ea4c83a602e94d3d8f6e",17,42,17,12,0,4,0,true
"e24384106303a32c2298af875978e649c4f948a8d9ad3fba7ced8d7fc9c2c72f",10,16,0,9,0,0,0,false
"e26face3a94b11b73c61e25ceca1bb7c2d489e586f3ccbc7d99424a7157c8d29",5,14,2,5,0,2,0,true
"e2990cec800a1ffda883745b7d50a3f6cfbf5eb60fda55c1ab7983674ee87e6f",9,24,1,8,0,1,0,true
"e2a4cd074848f07e98045da23bd65de99190da1a4b1cabb35c6613c7bce91ada",704,705,0,704,0,0,0,false
"e2b96ebd7dbdb22ff90f3b70bb8a10945fc15571bea0397df284a4cbb9639841",7,12,1,7,0,1,0,true
"e2c5b7018a4d7d5c5b4194c5b421b10986831c98fbc0e8d37f2e0ab9804e1094",5,14,2,5,0,2,0,true
"e2e29ca38b7866cceae22fd6f599db1b156dc4eb921532370d0ab07a9fa9294e",14,26,0,10,0,0,0,false
"e2fcdfac1cfea28c3ac7ea98feac0dee259749f87a4981d98c680cdd89631465",1,3,0,1,0,0,0,false
"e3091c3cb315f5969db77af83eb3133ad52d5d5370595707a4b0fd987d9fc532",33,67,0,33,0,0,0,false
"e3367532a27a015a0c051b68e5db1939295e946b7014f3c023ec125773ae1a06",1,1,0,0,0,0,0,false
"e337b7a3aeb03923b923193358634b6c0fbfc379d78045a8bb509ff13fddbe6a",29,47,0,25,0,0,0,false
"e33e3095d02b480278641ce7abc377029da71c8a2b5f2b2a7d58df6978ab53d8",15,33,0,14,1,0,1,true
"e34228198b65f5e595eaf5573d7f86899f4f8577a0ed01e3650fe659954f9250",18,23,0,18,0,0,0,false
"e3436ff514af4a214473ec3cbcb7f053300d4f5a86c3204c12deb102d3a53291",7,10,0,1,0,0,0,false
"e3476fd667a363e3089408684603a24fd37e9d4a853a8f80f0cf6965ec1387d4",1,0,0,1,0,0,0,false
"e3519832acda3607fc6ae542ce33787aa2048b1032c7d0a300536d760b22c97f",26,37,0,26,0,0,0,false
"e364c9b8bf16a8862d9e838f4a9c67da65fc0f08fb37a570ecd9f4d97cdbbb5e",50,70,0,28,0,0,0,false
"e3675dabc646ac9d7af9a95f58c849ca036f6d99bf57c62b539dfe4d1e9f406b",33,75,2,13,1,1,1,true
"e381b77407b2aac52476f2bd5d0302baf320b331d8135a310d36c452b71b0498",5,12,0,2,0,0,0,false
"e3b1ea0f41d5c625f2b03534e032c10313bd7304f0e89fbeae39ced744d0fe2f",27,37,0,9,0,0,0,false
"e3b5f2314cafaeba1268c804e79de1d91a008b753161f98b5bef326c062ec2e0",10,22,0,9,0,0,0,false
"e3b7d12c6367e26b7e94822d8b479f33fb0e144448040e261250ab4926f0c7e8",20,40,1,19,3,1,3,true
"e3bc5a2364d48d5dee5b0a55800f0038fa313bed66b68f494cc6125ebd208cf4",12,15,0,1,0,0,0,false
"e3cabb0c6fc1a64f09507f01ab9640018ab1843f25c46b00a0a1544559e312e9",24,59,1,0,0,1,0,true
"e3d543ac9a364f5ce8c1879a598b362f6ac77b715924e83266784e803e572ea7",35,55,0,15,0,0,0,false
"e3ecee9188f1b28de3f7395a27ba803821bb21831965def0d45f6d930290fa37",2,5,0,1,0,0,0,false
"e3ef1bbc67005f775a3e46766a630651490d6e5f69c6d9b8092af2eae8f9749c",15,29,0,5,1,0,1,true
"e3efe4534a0ba89a5b02c4fb54fc0eb7adcb5e7821e0c1980348122ab4395acc",15,11,4,14,0,2,0,true
"e3fea075e435d04d8783eaca1adf93acf0c2ca50427fd3ce3a288b949a7726bb",34,37,1,34,1,1,1,true
"e4013cdd3fd06ffe06952198389cdb99c88a16c2fc26371b8c455bfcbf916592",9,12,0,6,0,0,0,false
"e40426841d1343e5914c4eb0b5ec6697fca0dce2a47c0104062cad169368b8c4",13,18,0,5,0,0,0,false
"e409b9e18a47cae9e044376cc0aad3e1a9fb7622e8cca22dce8b426ad1f5db36",15,29,0,6,0,0,0,false
"e40fe35cef24beace6e339f4c586150324879eb2eb329f397e99355f41683f31",12,15,0,5,0,0,0,false
"e45c42b944a767bd5f37f8c4a469b48917d28e23481dbfd550419c84cdacde92",6,8,0,1,0,0,0,false
"e479087ff2e9936714c22e67ab9164d85eae44393f0f76d2f02e4c437347bfd4",7,11,0,3,0,0,0,false
"e4860606e47717e144df89a886e54241cc7fb479b81d20dddd2172e461dd0e73",8,30,0,8,0,0,0,false
"e48f0e9939ceb39d6daa0e909355bc36642cd54aabbbd19db93ad02723600a34",30,48,1,17,4,1,4,true
"e4932d3a1937dd5e399b127147ecda91197ae056874b2b8f859c1dcdc7709b2c",14,33,0,14,0,0,0,false
"e49fbcf9fb09acd0a2e990863d43068541dd12fe61f1f31bd24d54f5a12d03c9",11,14,0,7,0,0,0,false
"e4a272b9ccfd2eb74bf09759fa52fabd7b60ea7dc5bc0b265d0aa31bcdec1f7e",2,4,0,2,0,0,0,false
"e4a6e5080a29e22e74b143a7bc178e04180f92323d36d110cfba167ff8d8c496",6,13,0,6,1,0,1,true
"e4ca5184fbb13d3ee30e3aeeaf80402d02a062a04fc858506a497d100080ef90",11,33,0,11,0,0,0,false
"e4eca1406cc39d8030033faa78aa8133aa2fda5360759b8515b6a0229e4b2a2d",11,18,0,3,0,0,0,false
"e4ecbb8f6b726245625dfac5142d7004aef5ca08c27f9577e1f8879d80127fc2",18,40,0,7,2,0,2,true
"e50b775d5e4f072a82ec683999f1897936ee0c681e00fc05f43c8ec06284a31b",67,123,5,27,4,4,4,true
"e51975d6a078508be1a4532f02ed0c78919f98174f7c4191bac6b08c403035f8",5,12,0,1,0,0,0,false
"e52134a8b16dc2b9cd2914a0ef00f3828840b19c659c0aaf129555fa4dde30a3",2,1,0,1,0,0,0,false
"e526a55ee9a4b66583da2e534a349eb7cc3c1dac49400aa3aa475d2f533bd141",4,10,0,1,0,0,0,false
"e52766106c6c59daf65a4388bd54d480cdd59b448e816d5e361b848487907afc",11,20,0,6,0,0,0,false
"e52a542c05037fd9742762e82349ba65c2fa87a857890c33f8007d45fe486edb",4,20,0,0,0,0,0,false
"e53172f815bd4bd1c184444d352e0e6f55607f013f2b997b161772a59c3fd1f7",13,21,0,6,0,0,0,false
"e5407603def40767f54798a254bf9e480e8f902d5f2eaf234807401f21d2829f",14,18,0,6,0,0,0,false
"e5451ef9a8c1ba9b24009c5c74a431bb715e44784656a7afa0606c2ea50ebe80",7,12,0,6,1,0,1,true
"e56e67ae44b66b9d794ba10ae5cc5ab1f3e17e089b06ee4303ca564a9c053d73",3,5,0,2,1,0,1,true
"e5928bcd5d038ad72c43c8f8cc8c98beedc8b181ba97a916f1766e57dc59816f",3,5,0,2,0,0,0,false
"e5a97c9d7e69b9c03a9ba3b415c069d07a9b5282737921ba1f4a99b256510ab9",38,51,2,24,11,1,11,true
"e5b4da4df30a3e4ec3f08555a34eb7d931b83d6bed10eaa893281efb5c1d3ecd",22,42,0,15,1,0,1,true
"e5b9ccd92be481e96555a92d82953758965010472bc564528c7940f25f4f1e71",29,53,1,29,0,1,0,true
"e5ba3bbf58dbe9323807fc9cc5dfe41c8c9039047e498f78bb5b0aced10d8e58",14,28,6,6,0,1,0,true
"e5c0a16b9b4afc9e5540504e6191a8e1190e9fbc0ccc0f96f3fe43021ae5bd8b",19,32,0,16,1,0,1,true
"e5c4e3ddc32b15565c4aff1d93e3de075bf56cb391f3084f4367815c2d5acb94",4,11,0,0,0,0,0,false
"e5c6592b666474266fe9005ed9d11dc2ca5bc435607b84079b6fff0592171843",1,6,0,0,0,0,0,false
"e5e5b5fd76102a987a1346106532595059dfedb7a6b008fbb72797a99b8bd39b",33,72,0,33,8,0,8,true
"e5e61ce5ab4adb743dc6c091e61dc9fcfa05fa32f3f4c3fec1d9aff2240ade1a",1,6,0,1,0,0,0,false
"e5f5f3a0e803f9535e8dab91c1cd1f29e40dc02afa211b8ef766cee6d43528d5",3,12,0,3,0,0,0,false
"e60aebb3425a93272006604026b85453371351f0460755aac9a26b976abe38df",67,123,5,27,4,4,4,true
"e60b74b8a0c952f74a8e1452e278996b967bb5890672d272cfa4a02db79feb85",14,25,1,9,0,1,0,true
"e610cb77ee256b9945dec6f0dee8d4b27178b326cf3f4eb82c04636fb4982040",18,27,0,17,0,0,0,false
"e62b17b11d41849a8c521a1cc1c44db4c87ab1056609bf5e727470e45c4c93ac",21,33,6,21,0,1,0,true
"e6305760546a3c3a20b03709970be09079389da72b2adc7c622c7a02307c933a",5,12,0,0,0,0,0,false
"e644cd15d1949b16a1f7ced75545d1ccb941864eaa6cb6e457b5585dacc923ab",10,17,0,8,0,0,0,false
"e652273f4160f3d7e9fcce31ffbf6dba242c76b04f5ce249d0da71770db51c38",13,26,0,5,0,0,0,false
"e66fd83141e3dc323728fac547eaad0a1f2f470865072a72c0860986f8515378",14,17,0,13,2,0,2,true
"e675a455fc57c6d78f099b5167bcf5273f435140399284f40291263762ab7bd5",1,0,0,1,0,0,0,false
"e694bb2a2c74deb1467426ae806acde75627683e757f5f0be9853daf3d931544",3,22,0,1,0,0,0,false
"e6a9a29a22d020277ccd677b7e337b14b25fc6a0080ebab3f9f0fb072bd931f8",3,8,0,2,0,0,0,false
"e6aa2c89dc883419caac57006eb88c4829c5deaacc8577da4fec571080a1c79c",1,6,1,1,0,1,0,true
"e6c6bc8330b3668ba8ac62ae7b4f3b4b7af31ff9e5af9f41ddb42ae638271a80",10,19,0,8,1,0,1,true
"e6e3a61e4ddaddc0ba7db3e7e6a0c524422f94f5609e5bb5f73b7d59827ce4d1",12,32,0,2,0,0,0,false
"e6e9f6cc3ab3479652d81d96b6f2e0d7db6d1ff00a742407ae56941388d1b25f",26,55,0,15,0,0,0,false
"e7089d989d23d43e03b169b5be9649bc4f67c67685b8bc042da0adac21a4eb08",1,0,0,1,0,0,0,false
"e70a5d96d2024c42c4f9a0dae380e8428f3a026b644f0c5fc3295c12bed82af9",12,11,0,5,1,0,1,true
"e711585691000fa73c41c89e026a7dcedfc9eccc5093f9e5fe4a29200fc907dc",4,22,10,1,0,2,0,true
"e71a63be646f4ea31c60ae1f420673c3185cd3b8d5beb532b432efa8ac43a415",1,1,0,1,0,0,0,false
"e72dca18bdeb7fd4e5980fcc679bf857fbcd2e0d2894676c564b6a81e2a28df8",19,10,0,19,1,0,1,true
"e73d160f637ebc2860618a5683de0bb98d1ddab97d2df4f49c3e436880d10391",1,1,0,1,0,0,0,false
"e73f3adbfb828b15529a0780b8c75cdab47598c5297d83239a1b954e10243241",5,44,0,5,0,0,0,false
"e73f72f2a2a07c0cc2f1c80982498416d64a6e3e4178e7698f7ce93aa3eca905",91,175,0,91,10,0,10,true
"e747f94bd6d54805390f66f608311628b054e77c5062336aaf38b46492d622b8",16,41,17,11,0,4,0,true
"e775f8b9783f6554f70323c0593ffa22397d11f948766030054c024fb522a494",47,99,0,34,0,0,0,false
"e7835a197c4dd41b6671d7a06cc55ebcf2b715bc3b675010662af7b324334620",2,12,0,0,0,0,0,false
"e794aac5533c712694654b338b7cf9de8e3da865edb8b6c9ab75430e4f20cf77",45,76,10,45,4,4,4,true
"e79bf0ef9284d07ecd0857dad53ce8d8cb28b23c57e5eb4a01b5629afb2a5575",23,25,0,19,0,0,0,false
"e7aa1afeb2c971602da727fb05bc0ecd89476cad5648056d2d4e911109704694",5,13,0,4,0,0,0,false
"e7af86c71220f1c2138343102994b52d89436c07764dbc2e3d440daba982159b",1,0,0,0,0,0,0,false
"e7b7ad52e1c29a9c268b77cd8b2c95eaf652a20262b7a167beabc56ff9d1696f",4,7,0,2,0,0,0,false
"e7ca75b5095f5015f0b213e580d4a837cbe0e224a97763288c5125e761a72e82",4,7,1,2,0,1,0,true
"e7d1adf4388c0fdc92de40709b99a8e37ed21f2ea447a0b49fed6a4b6eb0b2f1",6,16,2,5,0,1,0,true
"e7dce233093b26b135e3ed6a29684e139bcb5dcfaa44b4b6c077587b920e25da",1,0,0,1,0,0,0,false
"e80840a63de88eda39d2a2525e8f059201e17066e02777e0d410f1959d888c1d",13,26,0,5,0,0,0,false
"e81adf3c1a821948c993bbeda37755a0eadf35698a3f66c23ca1ef88cde35625",13,16,0,12,0,0,0,false
"e82189c55a54ee2da708584f23594212b6d346c69013a5591fca0e9e403f983a",1,0,0,1,0,0,0,false
"e82316a485178c755021134b9c184f1dc2ac29878dfd37b661254402a64297bd",9,14,1,3,0,1,0,true
"e827a658204e0c8762f5139a984e2a5b02e67ef260bfbd3faed3216ccd4c4330",12,21,0,5,0,0,0,false
"e8343a726392310179a24fb89a5fc7c6ca597a26509fb077709a378fdfb12878",11,21,0,8,1,0,1,true
"e83494e004ce74979e9375e16b191a60c5cee47fe7c7c69cb116b466dca0bd87",1,4,0,1,0,0,0,false
"e83f684427c08d14e191ffd6173a4b300e780f9cd7248e444412b4c248f8efcb",16,28,0,8,3,0,3,true
"e84be55dca2c36778ce74caf6466b5d747e9f564b17fbfe16f37e20d22b898c7",26,31,0,14,0,0,0,false
"e87f1d175c031bac9d2681d0e85332cd1f0067974ef23536a5d173789f249c11",36,53,0,21,0,0,0,false
"e897b0e9d6a7f13eb832ddef1374db57518220a397ba32ea7575044737123d0c",13,17,0,9,1,0,1,true
"e8a823c8a29d9ddb35d422b66a0b0529d25991eddd0b67c642b8b963892a3c43",15,28,0,14,0,0,0,false
"e8b59567db4fb30bf3ed591eccb0d8a2c666ab1f38cc100a51333dddb800e7af",26,64,28,19,0,11,0,true
"e8bf985b6e949ae21e618e04cdc924eda863c9226205a64afe35c9dd7f14a9ff",17,23,0,8,1,0,1,true
"e8bf9c7c3c8a9f0edd25f9ff2db8471955c3ded4ff8b9dc174858fbc163bb261",98,161,24,85,3,6,3,true
"e8c0acba90903c9c93c97fe3ee4a6940d0139d7b2e72de9780a8d66e9fe1777f",6,10,0,5,2,0,2,true
"e8f1566e432cdfbbb433b36bc7198bb140ca2fb6e38252d9e3c354d18393a7ea",4,6,0,3,0,0,0,false
"e905e35ec2bf50b2eab3b67e519647be5d80f067761dcf6821e386361917b740",11,12,0,5,0,0,0,false
"e9235b66a72abc1d478da300f663883bfb380d5768e4670476a950ad95b2d367",12,12,0,12,0,0,0,false
"e9376eca0aa38e587208d6340350a3fe24a97675aceb908bbc40ef6980e01183",4,9,0,0,0,0,0,false
"e937bbc832e9e55650284612ab394b4c4c62237ee76c25da5473e547e6f871a3",6,11,1,2,0,1,0,true
"e94518dc4439d8d6c8cad85a85d64c6406cd17928b1614728218f644d275b1c3",8,0,0,4,0,0,0,false
"e94a2e5f7a6d8c1cfe73e6c4048fad284ee3e1143e8bbbbcf6db909912fcb5a8",17,17,0,15,0,0,0,false
"e97269a1682fe7d727a8898b357c6e20e7c74047589020645e386d0494e3626e",8,17,0,6,1,0,1,true
"e97e005100a977daed6a0506da769336073675bb066ad7001e804dc39fe272aa",11,15,0,4,0,0,0,false
"e9815c72418bcc3fc068f90efab8f84a391102eefbdabe33697a6f9d624fbfef",14,18,0,6,0,0,0,false
"e99d060c3b23a00993a89282016bbec42082064dfbf41c312a1159415c4cfbe2",1,9,0,1,0,0,0,false
"e9a100e5ea262a53fc227f1be9eb6cd3c6b5142031b910963b6cdcd632546bff",16,32,0,4,1,0,1,true
"e9c15e167716821799290f24f33e8b2edeab8fe889b8a76f304f2abd47079011",14,25,1,9,0,1,0,true
"e9dcd65a454f04c3659cde994f86ed7a6c366a0c1a1c9f38322ecc47abab7aea",7,15,0,5,0,0,0,false
"e9efa31e13da7dbd92dabf4cd9d6653be3d48efb83498f1d7209a2d6772e664a",11,19,0,8,0,0,0,false
"e9efdc923a383c28b628d96ebc473132ab61818fbc8252b9843021dd2d7d55df",13,20,0,7,3,0,3,true
"e9f0bc1a6baa2cddd306b1df03f846328ca643c2e7f248e504414c1712511124",23,41,9,22,0,2,0,true
"e9fa5f9916f8254a24cbba4fb9963c4a002ef71ec4df2f9ac14a6e207be66edf",1,0,0,1,0,0,0,false
"e9fe472900f55a45fcd53bbba989e44a92a003a17dd6517098dec679ce7d4843",13,21,0,6,0,0,0,false
"ea0e7893665c3d777fc71b6ee42fbc8ef9206c5d1d1aabc9456ba25853bd89f9",14,18,0,10,0,0,0,false
"ea1a5b73f3c46c394917a353665c9518a68458eea5046a8780531f2b7d6820c5",13,26,0,5,0,0,0,false
"ea1b958ff0fa0630b3b11f868aa87416800fb7beb7cf2bb51ce3273abadac3d9",9,14,0,9,0,0,0,false
"ea4bb87e251872f4fe66b6c15067ac0b84409e2abc3be799dd6821b9f7b55d3e",81,144,0,81,9,0,9,true
"ea5d24bc6768196843dd3c43d004e5eda7e3936cab53de4fc47cf82a24c8d73f",16,24,0,6,1,0,1,true
"ea5d97cca1a7edac2ae8cf707346faba9897debc1b66fbef1fc53e7828013aab",14,10,0,6,1,0,1,true
"ea7102e174c649fed93477dd4cfffe4c9bcf68adcf7baf8737dbf6f3fcb47a8a",3,16,0,3,0,0,0,false
"ea9e10018cc9ec901dc9ec1d07cd67a9fb9bcd3301a1d389a537b291af8327a8",1,2,0,1,0,0,0,false
"ead149adb6c37a6d78d02e8a6f73826e2cb6ae1ce5ff1849f672ecec15a7bbe8",3,9,0,1,0,0,0,false
"eadb746a1570124337e73ca74da2f8911b772e45a87f5ab296ee19b41abbc7e7",4,6,0,1,0,0,0,false
"eadc582956c629cff61a517d6d9b677b7e01166fc0365d733c0f0bdcc7000fc3",50,81,0,27,1,0,1,true
"eae2b0a3a2c1430f7348e1586bb3e0217b8c961c0d0962bad4cbe578a3a09bca",19,34,0,14,0,0,0,false
"eb05926198ea9d97d8b48b7b08d5745abf2283a1043cfd83d19b8ff160b44d9f",8,6,0,5,0,0,0,false
"eb13c9819b61fffe6157a3907212a3016d9dcb2457d9092daf6568c748a8771f",18,40,0,7,2,0,2,true
"eb27c1d6aad2b9326ff69d0549f6df4f115dec1663f43baa3050ced27bf22457",1,3,0,1,0,0,0,false
"eb2e8262657c60520b23c1a02e329257a8cca512329efa30c9c72db6fd799680",7,15,0,7,0,0,0,false
"eb32181472efe6458e8ae7a7cb212315ca2d8e1843b9bf4b49755eb781b7031e",45,74,0,26,0,0,0,false
"eb79907c73a7b4ad4eb261b39cdcd31472d4dead632ea4f8426a9e03b17db9e5",5,16,1,0,0,1,0,true
"eb80c42e386ca3b82f2c12b622a49d90d4605adc68fe62368bcf05bd18474172",14,26,0,6,0,0,0,false
"eb817999b8e7cee5d6ceee3152e2911a75fd56e48b0bc86ed1971b062521109a",14,21,0,7,1,0,1,true
"eb85193d50deb8b62e449b06a3cd40be0d55674d2ee70dcb50914c1c32ce290c",14,16,0,6,0,0,0,false
"eb859b0a817c23bbc132dbba04c5a0a159a2de1be7af3c58078f2196172ce10d",13,26,0,5,0,0,0,false
"eb94566536d7f56c353b4760f6e359eca3631b70d295820fb6de55a796e019ae",8,18,0,3,2,0,2,true
"eba50ffa2067e4fecf8ee9d498759fecffa69a7457b40c992fdbf6bee3d9f78e",9,21,0,8,0,0,0,false
"ebad9a30db7f22f11743c9857b86ba1784600f71fb4dae5236f5139d3e465e59",12,19,0,1,1,0,1,true
"ebc89ee1ea8b6d4ae48a4f74c06aa6ccc071abd49399677bb934142d0567ed8e",7,10,0,2,1,0,1,true
"ebd8f39cfed991a5a5564e9ba85ca35c5d1d1bc52d9c00d6e9f9620725525140",41,81,0,40,1,0,1,true
"ebddfbd5a7982a6db2cfb87d8c067db6e9b6f1beb81ae89b8e70aba87cb77912",16,32,0,16,0,0,0,false
"ebeb76aa42be7054530db81edcf9f38f5f2363c9c30f35f99ae32b95972bbf47",5,4,0,4,1,0,1,true
"ec10d53e03c9f85d84160fc3ba95fbb23cf4bbcda843632030ddac83440f0136",17,16,0,17,0,0,0,false
"ec1c88fd64277cfee42056b11db9437f6218f2ef96fe6c113df2e3ef8503f6e9",74,155,1,52,0,1,0,true
"ec38ed5e6f3a1ebf9596856140dffab99e9648cbcdd073c8492a0867f5cab416",9,17,0,2,1,0,1,true
"ec4676691c0bb79896e3655b11e61e6a259e35497ab6d4ae666113a4c82d24ed",12,21,0,10,0,0,0,false
"ec5552fff702b5aa3d8b1b3568b3ac51ff143e2711fcb63808e420e451ec9a50",21,32,0,8,0,0,0,false
"ec5b4d12e6cacdc95b97089b04403ee6b7af4500290b938f9f2af85e6ed771ca",2,3,0,2,0,0,0,false
"ec81164f49fdddcb47f201db648647df0469b6dd621b8139f8a750b5f6254d1e",3,9,0,1,0,0,0,false
"ecb6fa6c7906617bc9992ca7e7c77378eadf8baac640688138f69863e5180039",8,14,1,8,0,1,0,true
"ecba0ffceff42d43fc451ce9670de5252afd805755563c0f9f1908f115909eaa",20,17,0,20,0,0,0,false
"ecca557e1c80998cf90029ce7b71324c44458c43ca93188c21ddc61e73642369",9,18,0,9,0,0,0,false
"eccc1a4d9615e9aac43f4ea9acc4137d671b4418e47dfb211df2dab2793875a7",64,98,0,43,0,0,0,false
"ecd2089943deab8b0f8a4ed676a69d163c6ca033feb13416669db676c8cae902",2,3,0,0,0,0,0,false
"ecd990f0b45ca6817149b6175f79b32efb442f35731985a084131e8265c4cd90",6,8,0,1,0,0,0,false
"ecebeb2091a0a0d91564788cf27f7d333f7807500e1f49438b2a7a9b23176fb2",3,9,0,2,0,0,0,false
"ecf47562973711ae6a1ba40101b6deae3d953f1b6cf870be42ce5081e0411933",19,35,0,8,0,0,0,false
"ecfd4f75344738828399a905768e124c1292226aeceffe597b40a43295c8251f",6,5,0,2,0,0,0,false
"ecff7ba1c111a39019223053da9bfcbc494d2165b8bea315736ee54e780d31cc",21,26,1,21,0,1,0,true
"ed0d122cdcc2c61250c5f63c49cc9516775912adca0acca588df5f2901b77dc7",8,16,0,5,0,0,0,false
"ed0f270240c2232fdc2112cb1b90b87bf6b49b464cabf23055ab2d0e716fef7c",65,154,0,63,1,0,1,true
"ed1480d995fdccf00038c7d9b4ba93ee17b0c49a1d8c3586c4370e12fe627902",3,9,0,0,0,0,0,false
"ed14817575c87b63b4285b020fcf76ab0a086580132167f73d179d62ff7a2a20",6,18,0,3,0,0,0,false
"ed1762aa118cc09a2c035213f92b8cc0fa32d74302ec9636d4f925a3eba49dc3",41,57,6,35,1,5,1,true
"ed713667466708c78d59163cb2c79e94de66d6e94eed1da32a1aa42ba0a06434",1,5,0,1,0,0,0,false
"ed76b6cf2bfe87ae9db95236167585ee4758eed1174ee0c359b02feb9d3b8c91",55,95,5,31,3,2,3,true
"ed8741cc0d60f095dcfb13bcb51277e04e0967e1236aef7a1d6db607518817f6",3,10,0,0,0,0,0,false
"ed894806eec2139507ef3eff2ba117a380b395ea5bd792ad33084f2490addf01",12,15,0,5,0,0,0,false
"edb7c6441abd8bb4691567902da473d18334941573520ac34ca722ad69ffb0b1",15,29,0,6,0,0,0,false
"edc075179f736aef24b7f2d3e23d7baf7db115428ce48d075d193f2476d13472",22,32,0,9,4,0,4,true
"edc4241223fade8e003d574386ca375b5b549d732fb8401db469e064032f192d",11,16,0,5,0,0,0,false
"edcbac28cccf0f4d35ba2bb7de42630d4558c9c31f9c5990df777f3ceb557871",6,16,2,5,0,1,0,true
"edcd0154fd492ab53c01ae41b353d306a2b7996130a1bf3ee571a28007dfe507",68,88,2,25,2,2,2,true
"edd0af824ba82f3b20fbef97dada4523535175e147e53a2d59992dc61eac4b44",88,140,1,49,0,1,0,true
"edd267dc55dff357b3d7ff7a416a41fa5bd30d175e5e61a0791b46bf2679e213",7,16,0,3,0,0,0,false
"edd2d8abbaec92bd2e949433bbd16c94b1641ac0eac8a34a7233a8c16d286812",5,7,0,1,0,0,0,false
"edd4674da5d5e5249436831c7cd6272b86715e06f148e63cce5a49c91cc40bbf",4,6,0,3,1,0,1,true
"edde20c3d5ee917a5c75ac0901e23a2f0038c0916cdce095d1d7f088a6fcd1d3",2,3,0,2,0,0,0,false
"ede5bcb01c335d9c39446877f31ff449b4343be06a52c17a2d07c1eb51f1f989",1,1,0,0,0,0,0,false
"edf81ba30dff8d775add946e66a7318bee08cc81b6e087b61bbf32662e69cfb4",24,59,1,0,0,1,0,true
"edfe85707a761801024f76f740d4bd9756ae883de6e3b0f5f7d201758bf77a4e",23,34,0,18,0,0,0,false
"ee003d395f9508ae4b8c073d409056f5b245f52a2918bd1724b0a081ce1bf420",12,17,0,7,1,0,1,true
"ee43ee6e762dbd8525e9a065b3163bdad22ca527cb000327e6baa7d475dae97b",7,21,0,2,0,0,0,false
"ee55fd6fd5825175bfc8d39aa899f08322615db5e9fa2d2fc27b2d89709a00c1",21,32,1,18,1,1,1,true
"ee65f4873b40765df89d2f938ca234aafffdadf7e6b48609ac0e55ecc56b968c",3,5,0,2,0,0,0,false
"ee6f064abaaf85479fc2a5788e9eeb4ab0c5e063fe3eb24a43a73251bc19b8a6",33,60,0,16,4,0,4,true
"ee870989b3d1a0dd842e916014b1bfd03be84087da0f879d5ac8aa95ed5ed89d",16,14,0,16,0,0,0,false
"ee94f9a89a90163b45def81d4f9e8311b7c101be310ec6eccbbfacbf6af69a90",4,9,0,4,1,0,1,true
"eea70a48a2fbac11ed98c081b11dbdce89e6be8d421a833228069497c1c50d28",5,9,0,0,0,0,0,false
"eed00cdc6fc8a06f2a07010ff5ff18421984d6e4b7d3daecf07e21f4005de36e",16,26,0,11,2,0,2,true
"eedbd0cd0f48eac3a7598b663b86dc5f1e9e019f1dda06a3a9f7bd4bedb42130",5,10,0,3,0,0,0,false
"eedff0a795b783a0491d07c005bc7514475b8bcaa9c17724579659872fa46f4b",17,27,0,7,2,0,2,true
"eef465aae42270559f8b6f6f8f80d8ae2566011ec28def520ece01890d6970a1",1,2,0,1,0,0,0,false
"eef6ba40f37ad5e874b18d2cc57d8c6ba9ebf63ba57d1dcc9eac642a5e0d847c",4,2,0,4,0,0,0,false
"ef0595487a59e925e5eee3f7c028818e2489100ee6b41e809dceaa7359fb8774",5,29,0,1,0,0,0,false
"ef07fb53c7e9207f191371a9b87a757a05255938c6dd04b0b5507299ff6d119b",13,28,0,5,0,0,0,false
"ef096d6709745dbc1c5489ef197158a9cbbb8fc97655566e4dd404c42e8f09c6",2,5,0,0,0,0,0,false
"ef39a3db1905e73acb53fcfc0b4d7b2ee1198454c2fe624645049e5007569816",9,11,0,1,0,0,0,false
"ef63683721757a7d6bdb2691e9d1e4dbf0e446ff5b02ea2fb3d1f8d2c18e4872",16,24,3,16,0,3,0,true
"ef7826a15ecd0c5f64ddd7d58c5ae1776f0d6c3527a1757382991400137f8698",10,12,0,10,0,0,0,false
"ef92d4c4fb9c53a6c5d4309a5a357602fc40f9abf91f8df52a6145fb70d82dc8",2,11,0,0,0,0,0,false
"efa23ce49785e53d4dbd4be15c272642941fa64f151aea643b976b8643a6783d",10,20,0,10,1,0,1,true
"efa905aa2123bff5428346b7bac43aa9287096282406928829e35acb9bc0ec24",1,3,0,1,1,0,1,true
"efcc04290bb0517845b954f21546f329bed6d8c32f52e3ff08cbe265e5dbf8c5",29,72,0,29,0,0,0,false
"efd1bdeee02e27c0d94970321da011e8e7516fcbbb941c8ba6d48c31bc2a5132",19,56,0,17,0,0,0,false
"eff47902082906102a4e668daac2692be2dbb2a16f15462f534600e252546f25",23,47,0,4,0,0,0,false
"f035668bfc64aff97c0fa81736bee3a4ce89d997c30a7e4c98d2b7dedd1c0ede",3,17,0,2,0,0,0,false
"f044f5042371e75d19a6677d618a2e463699e16929f0e351b19b04c1bdb5691a",1,1,0,1,0,0,0,false
"f045807258c64aa477ec67a1466be2933bf1bbd01cb35082bf1f92901dcac9f2",5,12,0,0,0,0,0,false
"f04ff536b01199b14af821e291ba4844a24999b1594689f12e56c052ce48d503",16,38,0,16,4,0,4,true
"f05dcc19d56fe7458574b2f6fadf1fc84beb1ee16290281aa9bf037bb8c1ac1d",17,21,0,16,1,0,1,true
"f0687241de338157d674a775ffe3e82e5e28f851b88208e1c3ef783848df84aa",1,1,0,1,0,0,0,false
"f08d59aab2d664d8d3d0f8fa4a954f80baf3772793ffd663151c46dd92b78e57",7,15,0,4,1,0,1,true
"f090268151050dbd6145c97061205057bf33009d5186ef3016835a62947d3d57",21,34,0,9,0,0,0,false
"f098608ca253699421e098cd0931371c9284e6eface55995bb194569e1b9e73c",8,10,0,7,0,0,0,false
"f0a485779f0112659461678dd2d0e4ffeb4120d2e0afa9dc70c44b1be2d772cf",4,3,0,3,0,0,0,false
"f0bb0202b920c28995949a9717f77d470a9076c0ff860b32a34e14662a0e7947",1,3,0,1,0,0,0,false
"f0bcd60db7ba75541fba5a1042eeb48600f19ce6be8664367eb65286e3dc55f5",11,26,0,9,0,0,0,false
"f0c3b6df2738aaf8f326cd3bf2aa801d594e36ddf7d811ff0aa196105452d707",22,60,12,22,7,10,7,true
"f0c4ab6a7f21d1cad964702fe4d62a90745dae1748d6f251611a1f1d6388c10f",7,9,0,5,1,0,1,true
"f0ccdffc29931abed6d77eef359450b183584103a3665be1f080f5f712b1542e",14,15,0,14,0,0,0,false
"f0dba141759b715801d67eb697d046a9b6d1e4d9cba7db2a48687f88c5066d79",10,11,0,3,0,0,0,false
"f0ddeee37c50a88168f8275706f92219606cbddb30293652feadd9c44dcbb6a3",16,19,0,5,0,0,0,false
"f0e10c2924f73476027d5ae53e2c3ad9e63e251b31465559064bbb6555ae0a9e",33,31,0,20,0,0,0,false
"f0e9f9eba422df28f3c84496eaff241be20e370c8f22a3047f77a4c82fff9ce3",18,40,0,7,2,0,2,true
"f0eacac9bfcefad90ce25259dd2f9a605fe857bdf3159f7116e5774f19958916",12,14,0,7,3,0,3,true
"f0f1ba47b170627ceb4afb9b50523346bad7876535336a07d6d2c2581f754731",29,47,0,25,0,0,0,false
"f0f508a9cd5f610f36db9a76ca5756d0ca56772cb8c4bd7725a80fcd71a22098",11,18,0,3,0,0,0,false
"f102c0e7bc02baa38deb1ee1909afe75e945901603918de01f869e9ca07bac2a",13,26,0,5,0,0,0,false
"f103229c08c3780cb82c790ea6cc30b3ed9430bbf0f7f8ebc72b70346dd3e505",13,20,0,7,0,0,0,false
"f1077e0b77da5e62d596e13aeae4160104cad99e7ef7f3183a6c9b6ec9e747cd",88,140,1,49,0,1,0,true
"f11078394fd06b3992b4274611a7c47809707bdce61254cffa6dd40fcaad364f",36,47,0,16,1,0,1,true
"f11d96815325c830460a815b94be5fccc54eeca7ce6285727c921d49b89357dd",9,15,0,4,0,0,0,false
"f11f6e56e50fa3f5964e4e270353737051928e0c10630971dccc3923d4a1bd61",77,126,2,40,3,1,3,true
"f12740ec3454d1fbd1f64f45630cf33c7a0c6b41c04e4420a1a9fba04aef3977",8,13,0,7,2,0,2,true
"f13168a0fcd9008ba2802f8274fd4e4bcf3397c5d91860f2c84e8d3e93fb2677",29,36,1,29,2,1,2,true
"f133e299fc7a62b6d7230c142c8d25925d84c6c5fb77fab16c44249fc5c5d1ba",52,63,4,25,3,4,3,true
"f15b391f4e373241a544f34d25a12b93884b6efd8de58814762588334c3b76fd",2,0,0,2,0,0,0,false
"f1745da80096a7250fdc168d31d0940eb5f9626f0c6e4d54846ff6e6fb51b7f9",23,47,0,4,0,0,0,false
"f1a8f25fe250ccf10ef6c3d108cae257248ca0128958b039097d22ac8f42cf10",8,18,0,2,0,0,0,false
"f1b03a5f141619e75428e027bbce3b3fb1ad361d52d1b7bc0f3c476c97a00e0f",6,18,3,5,0,1,0,true
"f1b6240915e8704350668364192aa320240391f73f85d62419088eb5c748c041",4,7,0,4,0,0,0,false
"f1b63925255da55770deb2da5467eaa40af1d4b143c87eeaab6a7f731b0ea4e9",5,13,0,1,0,0,0,false
"f1c1100ae02d704976177e4bf3ce4ee986cd92f3c62ff3e8dbb1007995fefbd0",7,13,0,4,1,0,1,true
"f1c2178e470a57d99f1fe78aed8f234c338b41d800d578ac34fb779d279bfa46",31,51,1,15,6,1,6,true
"f1c549e2491e0f8d9cc7683f6056da2edd8a8c3d6786723ab1c86dae74a96b0e",22,48,2,12,0,2,0,true
"f1ceec13366e837c507ae6b432a5ba9901ccea2a55671a20f4bbfb816409480d",37,47,0,17,1,0,1,true
"f1f2de50e012880252a7430532a00c53889360129b8b3c551303aea4ba450eec",51,70,1,26,2,1,2,true
"f1fc83bcd22b5f2923f4dd9f97c849ef5c66dd1c246ace66070fd4c7e70b8440",6,8,0,4,1,0,1,true
"f201f0df6d7f78dc31f01186ef017390e74d55f885a6c861ced27b1428bb5071",36,56,0,19,3,0,3,true
"f21b410847dbfae5584fd146873d3a7359611fc0633222d1da996504808a8d71",18,34,0,6,0,0,0,false
"f22e4a52893d04b277c79bd19b3ff0b8771e1c0ca396a35d9339dd3a027ae299",8,21,0,4,1,0,1,true
"f23bb9267b1e6fc089b42906d4a7813b52659b8532d5e73dc0d9dccc501b76cd",14,26,0,9,0,0,0,false
"f25af88f3e26f603a6569b2554b3f85ccc8af9a88f3b904fba873637c64eb2ab",36,53,0,27,6,0,6,true
"f26873551532b1862136b5deff2db2f4bd081a6b56ece616a3dc4ed98b061b21",9,18,0,9,0,0,0,false
"f277c7a73d53c552d96603cbe81b3fa5cff88834df785084af3e5d20acc6be12",1,6,0,0,0,0,0,false
"f29c8762a2b6976888d83ec8be6d16fa3808f7a783f58398d07ffa96e8850ad4",23,36,2,7,0,2,0,true
"f2bc5300f0f9a764276f78bf26107b89190a2e4bd72751b1f04ad41b3f0d2889",24,24,0,22,2,0,2,true
"f2c19b9103a768fc71f53005f614f885bf17bcb2d34638ff7886c504d3ce24c4",43,73,0,24,0,0,0,false
"f2c496095a9f91490e95ebd3c6a2796e112adf163da50fadcb1a2f4b64322027",19,26,0,9,4,0,4,true
"f2e15cfadd62fb68ccbdcd29b312c39d7779366ec083de6b438838fd4172fc43",0,0,0,0,0,0,0,false
"f2e5b4b34e7947eb7388e30e5f72ce9ce745205cf9cc4d67db63386ed0fb918a",6,16,0,3,1,0,1,true
"f2e7ee04e9e075bf9a4d14cf2bb5cb0b0c29c080493905534734ea3368c7d8e8",22,37,7,21,0,2,0,true
"f2f8cf7c666bfd5b4ce017051d96c18ea5a721d0aa1344ebf98287d6793a1131",1,0,0,1,0,0,0,false
"f2fd2c09e296861107b2c6fb9da9bbb73dac12f90784a1b918685d5c1977f231",7,2,0,5,0,0,0,false
"f318736d450946c8d6f3c1aad7ed2559cb71128e74b7935b7b33f8d6774eda2f",4,6,0,4,1,0,1,true
"f322e40647696ff6c5b53a2f5e05f953a5a8c9b5d3fead752c37f08cd40c398a",2,5,0,2,0,0,0,false
"f325dc5ac0571089250b45cb8218977325d5a92c9500370fc592f7876907ee4d",23,61,0,8,0,0,0,false
"f340242d143b42e273f628f44ccb907f55f5beb256f3de17de2c005fcdbc9783",15,31,2,7,0,2,0,true
"f35c6fb9f4cf48ca10952aa2591211cbb3fb7edc138f3ba529b47bf94f4f152d",31,44,1,17,1,1,1,true
"f365251ce702ef2a5b84d0f6f86ee7d8d08f17e3dd8a85a206a38fb8699488f5",21,53,0,21,1,0,1,true
"f36db4523572b3e137ff6be61ffd9f3aab050831c25e1f9eceeaaaec7010c651",8,23,0,3,0,0,0,false
"f39aaeafde37f067b848011475524f5fa25916b1ff135ed273e79663c122490b",15,32,0,5,0,0,0,false
"f3b8bfe7e24e21b678286c281632f7cce7a828cdbb24b617e708364731523c3a",50,82,8,48,1,8,1,true
"f3c34bb8d77619e13e7980eda578b7c235aba9991db27b4137dfb8b5f81bea43",6,10,0,6,0,0,0,false
"f3d93e8cff3216a8f7e1ae89e973c0686fba7f79cb18df6db10ead77178e5e4f",22,37,7,21,0,2,0,true
"f3ddfbb56abaffd7628688a70a83ee1d757b88b4b28f41b619b943b72eaa6e45",1,5,0,1,0,0,0,false
"f3df8f716bd33569f57f1667082f680956d550b054b547c9a52e972f0535e2a0",4,13,1,0,0,1,0,true
"f3e9f2cbbbb3463a7dade32f5d9ebf4bbbdb7533c1528fd34076bacd1b106e5a",3,5,0,2,0,0,0,false
"f3f08b4003bfc22668a75e8717d7c2e364c59ac2ac5b236d02daccbf684eea1a",26,69,0,9,0,0,0,false
"f4150f9032506abbc31b73bcce99d2995af5a45e349f74ae29fe01c85cbbd122",54,95,0,28,1,0,1,true
"f41d29e8219cdf8ed2121471fe91a181ab5b5c07a59329939e8dcbbe624d9f7e",68,81,0,33,2,0,2,true
"f42f7c5faae416b3a77695e9f9a8330cdad45901a1deebea894081ccf7f4f1a2",8,12,0,4,0,0,0,false
"f44678d063bbb09294ea540b789c05519c27bb3873f2d011bd717f32bdd67bde",44,52,0,30,0,0,0,false
"f45fa522088dff2e19b3aa108f408ee3770f5ab3d049a374a7f6da24e57cfa48",7,15,0,6,1,0,1,true
"f46345fbba984034e937ff9f610103fd6c1cc13ab0c9f43b63e91b245656ada7",11,23,0,5,0,0,0,false
"f4638650fa5f4ec5d79a232006b99602339ed44b5c880575a322b7b05dcf1e52",2,5,0,1,0,0,0,false
"f4674a802063fb6bcc3058ed1fa5e86b09bd015308bf0a9c659246b120abccc5",1,3,0,0,0,0,0,false
"f4705e206f6713be2b84845882c33c6fd96090f47fa0ffb870c9696afdb1b5bb",13,22,0,5,0,0,0,false
"f48923f35b87250e5058d47cafa946cb332bcc5277ab6f160d6b93ab2b0436f9",2,7,0,0,0,0,0,false
"f48f10d9c7d35fc7783b5e27578bf0e764e3a30ff26a3bd7d8e57758c17a9ea8",23,35,0,7,1,0,1,true
"f49fa741a5001266e54a68aed501221f10628c7479f06b92a569fc0c95fa3a75",44,72,0,26,0,0,0,false
"f4b28cb84c0c36642fb533074a4602f7eddfa054cdf39b8c1f032054e0ad2db7",7,15,0,5,0,0,0,false
"f4b38fe7cefb4c3d71f3e7d82e8a375f32984ebc3f8c8226ab0905ce204d697f",11,20,0,9,0,0,0,false
"f4c21ffa63ab60450af282dbd23876cb7dc6d3cdce4d12438e083fed39731622",9,16,0,1,0,0,0,false
"f4ca2ca3254846b1fde2a2b734086e4d3cfb2b21a1d545a039ccebcef3d83e1f",12,24,0,12,0,0,0,false
"f4d1fc0e53aad737b7e93a45639a241721647d4a76226025d442891f71e26627",29,39,0,9,1,0,1,true
"f4d30d106cf89cad70e51c4ee76987e31f29965b6e20d657122895c00d44611c",16,24,0,7,0,0,0,false
"f4de70f678124ba1f17642e07b7a06355deb468e0df573b8897269258fb0ff1a",16,27,0,5,3,0,3,true
"f4e3dba6d9a3603fc5488f0937d08ebc4e9f53934dc08336fa828e2f8954ca95",10,18,0,9,0,0,0,false
"f4e6279d5d303d4a064de230eae2f2ed10160d79ac7462f8e866d5a19e38bffa",1,5,0,1,0,0,0,false
"f4ec79112d67393e06736e7dfaba74bd25f454b0a09c22ee2afc7060a37d31f7",22,48,0,10,1,0,1,true
"f4f9e67f883302b5f9da3f947651f1db322bc3880a44a676fea96ef6c30c0fe8",53,118,0,22,8,0,8,true
"f52968630b8ae863f88f1111fca66cb1325163da9ef3b1bcbd7e1d55482e2f9c",18,28,0,8,1,0,1,true
"f5417720dee0142888710b938b93491fc8c5fdaad95a9e9a7aeb22ae8963f1b0",4,11,0,4,0,0,0,false
"f5431c199fa00a606cdcabed881c9fe519be946c5beba49f7f1a83f7a1108b4a",10,17,0,5,0,0,0,false
"f54485d59dae89a670700f597109aaadcb21f1004b6a4dae3c2251ac64459faf",44,66,0,29,1,0,1,true
"f55016cec9190712a7e5e58e09087bcc899393eb0d99353a5fece47bb790a7fb",13,26,0,5,0,0,0,false
"f5529df0050d96a8f496f277b00cec462fee393bb8ff2a2ebfd4d224b0a12ebb",18,15,0,7,0,0,0,false
"f565f55e1f088735371750ef8089f05c69258b49fcb28bd0b4d10d7eb93b0988",11,22,0,5,0,0,0,false
"f586eb3501f8e08b39ed6d334740035b718062f540fde916e966711a85915c5c",18,33,0,9,1,0,1,true
"f594f8e4386eef6594afce02bdb52e543ca7a43bce14921f6566359eaa4a335c",9,16,0,5,0,0,0,false
"f5a06865c6ac90cd11c2f416fdad568da8350e0a7119fdb315595da5e8f9f230",4,8,0,4,0,0,0,false
"f5bb5a1d69d1996bd6c883ebe026e7a24989cb7dacfe1ffa8d285e1da3ef692a",26,43,0,13,0,0,0,false
"f5bdd7c4b58401cd3c28bd4ba4162650fe1971f9b22c27b5be7c4d3664596a96",55,77,0,31,0,0,0,false
"f60388c750007590466300ca03072e72f667a61fbf0d9beea1906d711232c7fb",20,43,0,12,3,0,3,true
"f6060459b9f9a2bf99ff17752674597262eef266a70b713a14e7de1d02d2fcd1",18,33,0,8,0,0,0,false
"f60d0273901f2840388596c9ae6e7be34589abe3c2714e40ce464599b518f46c",17,27,0,7,0,0,0,false
"f60d33ec57eecee04b52d048c1c079983ff1b3834c8195fea811b025fb889361",9,13,0,3,0,0,0,false
"f620d7d55a23735f843564d3725632c1d1313c6a0deb6036850687ce05b847b4",14,18,0,6,0,0,0,false
"f62517c112a5d16dcc1b4d1be4cfc430d515f93603a46cc92824a3839f408c9a",17,30,0,10,1,0,1,true
"f650c1b45ac30aa3d06b11d97090e9c5f276ff4b7ac6fe8698b3f63f44b9e36d",1,1,0,1,0,0,0,false
"f668da8c78738e4871959e9eb1a8ab94c1f3e8cd17595cf00b3dfd0acbe9202d",63,82,0,45,1,0,1,true
"f66c2ce4bf7d37ab858642b259c1c5ab294becea4ee7fc8380b249cbf21671b3",9,14,0,3,0,0,0,false
"f66d4fe7573273cf05388390e12974f72f40d70f7f977d9942042ab9a0f1b842",1,4,0,1,0,0,0,false
"f67404c389145541d053ab72ae2695abfcb45637aa2322f3faaf3c8730d9edd3",18,29,0,13,2,0,2,true
"f691dfbe476da8c1b9bd7da665d77b3d3b525090a637d70ae7d33a384f7a3475",42,50,2,22,3,2,3,true
"f6a39001923452afda4bb88bca2250f7a2b3f76ced6a5172f458d864b1460576",7,11,0,3,0,0,0,false
"f6a8e0d756c92898ab21f2d8b0a4eb331f781a6eca21b00c4f45aade5c1f4987",19,21,0,17,2,0,2,true
"f6c3f33b72b71f0ccc24e508c3e6cbd825bc74e590255bd09713865b087880c0",3,4,0,1,1,0,1,true
"f6d14e0cc579e5e7814a03112bed03df820f2cf70cb861930495858cf7107a30",13,18,0,5,0,0,0,false
"f6e18a3e7bcd8080dbb69c4d5b0ad09495b907838deb9b295364983a49a2d81c",27,36,0,14,2,0,2,true
"f6e96a294eafa7ffc4b61f37d8cf8765228c2db77b387c4f6744ac7859f59f89",32,67,0,13,1,0,1,true
"f7083c81e2f786fce952f0cbae3ce8c78635524c59c568cd3a93e560c056c941",8,18,0,2,0,0,0,false
"f72c33f8858ff3d97603da8dbae0c0cb4c0bf7d7cf391f45b35f52c70921454d",15,29,0,6,0,0,0,false
"f737b4acd8995bfc5f2e7d226b8e2e341f6d0780949ac2cafbd87ecccb0b9aa3",16,17,0,10,4,0,4,true
"f7385be6917ac1d6d1a0d362287b076dfdfc29c88524c41dd565683ddbb5b463",4,20,0,0,0,0,0,false
"f738d1a8ded722db18cabd7f72b20ebab87dbdfe46e594601846ebffecac41f6",3,22,0,1,0,0,0,false
"f743957995913b42d9754a154b77f132bcba65b1fbafd1d378296548b4e65d3a",15,11,0,14,2,0,2,true
"f749bab8cae43065041d0153259569613121cf6ebc3e851e84df355855551ee1",1,5,0,1,0,0,0,false
"f74d87d72381b4a5c787eb8b16a2b861aed6c3146583703ceb003d5befe9d338",28,52,20,19,0,6,0,true
"f74ddc09bef77783d379bbe7814a15a42c03060781a4a903dc9f9144472a6896",17,18,0,10,0,0,0,false
"f74ec0912a7a40aae26859d39260d4b956bdfa7fb981fb694cebed07ead5d433",5,13,3,4,0,1,0,true
"f7610d3df2b5207b869bba1d3b9c4a7306b36af737746a1fb0eb3201d26c6d7c",19,33,0,14,0,0,0,false
"f76ea12b65ed6525cb243ff8a0973d0867bd6b5f89fb54a9c28a0ed963ebc88d",61,87,9,37,13,8,13,true
"f77912c5346e64f80a3ac93fdce58d8a4e9d11967bee103f126e2208b774f5ac",1,1,0,0,0,0,0,false
"f786ecc0de98f9c9e8d151d7ad7e82eb2a3afd4b8880c20f07ee51141a24cedc",2,5,0,1,0,0,0,false
"f7937f8e8c06d8cfd23833aa612ed0745ab6ee6adf66ad3bf7bbaf59fd61ae19",14,25,1,9,0,1,0,true
"f79dafb7d345e85397ec6da25f5167920f9750b337e495accefd80024bf84a78",9,3,0,7,0,0,0,false
"f7a5ec9acee4acbdec635a5d2ec5db4c13a7df7e8f308b0fd3d39c80a8177cd8",11,15,0,11,0,0,0,false
"f7bf3da725847c25ba20f67e995d0a60f61176b543877a9303973ab9480c3f4a",13,26,0,5,0,0,0,false
"f7ce45f4b4208e778f7ff2457ba28b2269bfe5b866311b5e8dea800e721a299e",13,26,0,5,0,0,0,false
"f800e709bf87802fa2e453abe7fc752143ad13307186ccef72d8e1b6ce52d4f4",13,22,0,6,0,0,0,false
"f810e6d51153fc8365d1348a34349af2b2d1fe0903b81b6e25d6187353364552",6,8,0,5,0,0,0,false
"f8141db310ba14cbc36a62a592fda78a7565c6319cc070a229ee182d3512eb76",5,21,9,2,0,3,0,true
"f81e456178722ac7ad93dc9f544678a48a5b52bb19e0f394c19671241b617c34",9,11,0,8,1,0,1,true
"f832fb7557dc81e2b8666344c1a4ad583774845715078f0003dc052da0b96aff",10,18,0,3,0,0,0,false
"f84321e8a35e598556761f331b22ec386f56338945152ec3f332d8b3ee9679f0",22,35,2,7,0,2,0,true
"f88a9f7bd280426943c82348a60f2a19cfcf302e49bbf0d627fe05b13ffb4185",11,18,0,11,0,0,0,false
"f88af120cc08110e3e0e8b7d4dbc70a61833b39c482ce6445ef0bf166255849f",17,47,0,15,0,0,0,false
"f89eb3cca7365ba80ab88ff1a03fcd06b9ebf58d85f727ab60c9d7e79db59b07",4,9,0,4,1,0,1,true
"f8a6ecbc63ba831b84935be731bbd635bcc1c9f5cb150a5c1033e142515125e5",7,11,0,3,0,0,0,false
"f8bba407305dacfa3103255be26072297d04edb22b60a7274cb57740d7224212",3,17,0,2,0,0,0,false
"f8cfed711a546dc2c2fc3f5fffd221359bb7a8273b02349aa8492ff7bad933e5",8,15,0,5,0,0,0,false
"f8e49512fcda7c7e203109d569f7339fc7dbf9c2811a47be5f11e09d05630b09",2,6,0,0,0,0,0,false
"f8ea005fdb1267af0a50e6a87dd47e3267dd4bcb252ab0093c40f2681a15215a",3,8,0,2,0,0,0,false
"f90d78f5bfe603d15e6157b4e403a7b379c4aae71818e34dc1221f974d022752",78,126,2,40,3,1,3,true
"f90fc838064695beefed9a4d4a2d45522c45e2b9136723048986bb48faf91bd5",26,37,0,25,0,0,0,false
"f91e87156873f20bd14b47ae34e998670d398aceb87068fb5ad2585a3997ce5d",55,115,0,53,1,0,1,true
"f93cc16d8b0e0953650238ae28929aa731db2aff336ee30c58295cf9078a758c",14,26,1,13,0,1,0,true
"f93e59cfbb4786bc2156bb1e1703d233dda3e4e8fb132eb1b52ba21f746b4895",1,1,0,0,0,0,0,false
"f94a77905d87f9a195ea837414b4995c7d3d66bed0e287481710246bc1d5bdcd",14,21,1,5,0,1,0,true
"f959008c8e17f7853ab60ec53cc61f1527ddfd3146762a542fe77ad2943fd4ac",22,43,11,22,0,9,0,true
"f9593c2adb9c3e841bd40be20bd4623934062d20d75bb3aee50fe86deb365585",10,18,0,4,2,0,2,true
"f9703496d3eb02fe433971b1df925660dbecd71fa8742d56a1842f46da6edee4",17,24,2,12,0,1,0,true
"f98099c567e39a1cbb6ba0315482a3272223412a091cf64b2ebd48204d97602b",8,12,0,2,0,0,0,false
"f982bf01a715aa47aaaec9313ee87330e96ae0d6ff74bc3e1e6523d4827fc575",13,26,0,5,0,0,0,false
"f9bcc2990b39977470b1ad04c3cc36e3a58204dc7b87405a8661712abe120824",7,10,0,4,0,0,0,false
"f9c6d4d752db7411aac62d5c03afaa8043c82b04f9173cdcf3f162caf9753c5a",4,17,8,1,0,2,0,true
"f9cee3ab0c46d5872b45b3e4e870b3e1396b82a40ffb3576f1dccb30bf43b57f",15,18,0,7,0,0,0,false
"fa050ebf125ed92957ab9b45f9ac18f8c373792a52c8a789ec2a77f075024028",23,31,0,15,4,0,4,true
"fa076fe3b7570cf17faefa47d1bb2b561d3cee5ea2686ab88217460b743cab42",45,69,1,44,0,1,0,true
"fa0fe8e94f45a4e708fd30e57583af3f6c768e25c99eba9f204a34c6d088e9a1",1,3,0,1,0,0,0,false
"fa28ecb1604613e200c0858bb6c199d9ac1e7a0a5d9a7ff7ea3e78b5ddd72d07",5,19,0,4,0,0,0,false
"fa2a6889f051d00f8191c1807f28a7e46d889a315cb171be75b6cf4436272b1d",1,0,0,1,0,0,0,false
"fa36076e2213145f9e0882ebf543bef9883e55405be5da7cd68e4af06317d120",3,17,0,2,0,0,0,false
"fa3b7cae0c7080b31b1751b524b1ad2c96fbfdf1e7dbd663978c61e8d70aeaea",12,15,0,6,0,0,0,false
"fa4793186a60e0c783f933611ab140362e1e0d9e51290a95a13fa17f82a59f18",2,5,0,2,0,0,0,false
"fa4ace0cb3e4b254529269e0abf18a8e3649f4ccc1215101fbf4c7816389a4cb",32,65,0,32,0,0,0,false
"fa614b94265f106e3a9ec581a43eb7f19484ef812d092e71a516624034c84c14",12,34,0,5,1,0,1,true
"fa73738602a3c5dad819f4c2690946726f4bf83836f6a489bc330840c73c74ee",4,8,0,4,0,0,0,false
"fa7cf9b012d054cd306ca0e51caf64702da899888012148261af01e3213e58ca",3,4,0,2,0,0,0,false
"fa8009fc8c6dc30ac883a61b5388d9447f6427fa75abdbd5cd4a817835dfd619",5,10,0,0,0,0,0,false
"fa88b397bc1149af818b97c52e57fc41ef6b8d6a8f17ef62abf4c83233400030",1,6,0,0,0,0,0,false
"fab3e467fc6dbc4fa5cc2799a4acd1569024ce9aaf74f9aabc0f3433c317d7f1",14,18,0,6,0,0,0,false
"fad66860ede13d0fc0fed59828783a77828c1be530559d53e72c7282619a7956",15,16,0,14,0,0,0,false
"fae676d67ccf9a631f15b823ca78bab9c8060b4d6cf48cbaedee9a17b6011bf0",6,8,0,1,0,0,0,false
"fb017a60087e6329ac54a0e385417cd2f9502a1637ba13f75788f9499b65dfee",9,21,0,8,0,0,0,false
"fb2290fd584838d1d00a2bc897433cd0bab8a242cfb82f679068820c778c8249",68,145,17,66,1,16,1,true
"fb2a2ff44d6e2034d8428fd5c87506ba181c9a02ba82ed12fed63329b2194f31",4,8,0,2,0,0,0,false
"fb3381461ce65bdf40f580af065fa121e5586f9a15fe801a254ece87b2bc4455",6,51,0,6,0,0,0,false
"fb3b11042a126ff4b28846ebf439eb6877da62b9033f5cceab4e0f65a943575b",46,76,4,24,8,3,8,true
"fb46c8bc449362c5ae1ced18aca8bea438f5df99247251f1d9d21e6eb117189d",30,53,0,30,0,0,0,false
"fb4d20b13edacf0454a1149a0db8d0fe4f0a29f7045d9ab952e299298bb88d64",4,5,0,4,0,0,0,false
"fb4f88ab8f745ff8db7fe65efc49ff2ce9a87c13dd66ee862ab4671c55af7d95",9,14,0,3,0,0,0,false
"fb536966da5b8eff27d348fc8803d4942672c7aa01d2c1ec76540767afc49568",41,81,0,40,1,0,1,true
"fb7106fd8db9bafe97dc312325bad43e39a58cee174c66f9cd925a502883720c",9,12,0,6,0,0,0,false
"fb824a851aaf30d482c4daa15860e2267e845f18a82f7eca0e159bf62df4fd03",29,53,1,29,0,1,0,true
"fb9428bd61ebc0959f25fe83e3a5d2282ae68db545d63bcdbeefd9566e633da1",4,8,0,0,0,0,0,false
"fba4e26bb56b2d735fcc5255772a36156fa966b7173b814be515e22d184a301e",43,69,0,25,0,0,0,false
"fbae2cb921c3fec3fc28aff850e89b26356ef3741837d8df09cce30369c4e8b8",79,153,0,59,19,0,19,true
"fbbda860acc1e316e025469579755af05281534f8f8da6b86702a88c491a865c",19,23,0,19,0,0,0,false
"fbec8781f85b3a5f91d9297cc43da536a3020e20adae093923f02e69ec14a3af",7,16,0,7,0,0,0,false
"fc1663b281b991e7a7afee176cc4d43eb577eac5c12e278c56a740dc0e865a66",72,122,0,36,0,0,0,false
"fc1bbe9ca0b9b4c5b4fcb0b5d5f0b443320eb7f9efa406ee875bf2f820a8671c",14,22,0,7,0,0,0,false
"fc1d4c5c7f447d0f561a7eec7b3240c329e0db18b092c41017cc21b5a54d178f",70,152,1,46,0,1,0,true
"fc26189836f1a1e6368a9ed07f6781c40d5e5c606fcd611d695072acb6d66c82",9,17,0,6,0,0,0,false
"fc268c8565c9994f742f98f82ff9074b28ecf64cfd306ef43cbd056447b2d034",16,14,1,7,1,1,1,true
"fc286186a7967c4069877f5dbea5c4fcaf41cff7a7e266ff12318b72d103f4fc",7,16,0,0,0,0,0,false
"fc2cd0407a8a598b1dc956e51bcabec284841c1c8e5cf0342b1c973088eb9f68",4,13,0,3,0,0,0,false
"fc341450d9e06808388f5fee5cade46b3407234c9780a76b8ee88f14c2715b63",1,4,0,0,0,0,0,false
"fc351dc94670a0864f1ec8e598fb6a0f12b759010697102127a990ecbfd260b4",4,11,0,0,0,0,0,false
"fc560f0a119ada47bfa3e4441874fabac22d5c915c2b2584df620e8925616142",8,10,0,5,0,0,0,false
"fc5ecbaf838665560cb4461818fc1adfe0a118aec9ce987c11604fe2f60f45d4",18,26,0,9,1,0,1,true
"fc6ca1bccc90c99f74c13ffacfd424496372dadefc2ead72d58a209349d6ccf9",21,26,0,20,0,0,0,false
"fc741707bd138e1242759ed152d0c1a2ba0042fc68ae100b67ccfb1fe7967449",12,30,0,12,0,0,0,false
"fc9b0df087ddc0c8f0cf38ae0d59bf275390b6be8e9de9ea4ec3de7bc43b55f3",14,22,0,9,1,0,1,true
"fc9e8556c6ff8ce97f782290a70da308f2fd46b5526e0fe8b639ad054de55c60",39,59,0,17,3,0,3,true
"fca5857d1d02b9d34ae9588fdcf7e49e523620ae730e428c770eb3d0e1600e39",42,66,1,42,0,1,0,true
"fcb0f7134e734386477b07f7d05bad3e2b5ba728b4ccf82e7d35115fd95bbc01",26,37,0,25,0,0,0,false
"fcc5f1f290709653910338bfe6d5ddc5306a3d0d2cba68b7bbd8d698d5be3484",21,24,0,8,0,0,0,false
"fcd1685d0e8b7eb82758b84430fdb1755c90816694f42d1757a0d7b5b1f0bbb3",8,15,0,7,0,0,0,false
"fce6431043fb4380b3137165242ed420db722156dbcb14899cce52e3ea21b445",1,0,0,1,0,0,0,false
"fd0e6a0a87c9440c8d25907626d650f94cc075d7a8c3d1888d2c7cf7d341342d",8,8,0,3,0,0,0,false
"fd11bdee498f10d46d90a1b0391cd4bf5b4222894b057326c6d4ae4186e8c9fa",4,6,0,3,0,0,0,false
"fd1b1d97da7cbfdc9aa985048b082eee2d58755f785f87fa6ef9c313dcb86e0c",3,6,0,0,0,0,0,false
"fd22f79670518e3d438c1e41927fd18682a03eba6c599f04a0720078a1c9d1b8",6,27,0,1,1,0,1,true
"fd467fae9029ada13c4d3c1fd55117494c19c4a119917ce8f06ecc176228acdd",10,16,0,10,1,0,1,true
"fd54ee003f6cd0594f12ef3413a682324934f11005954f530c83b2fd32f41228",4,10,1,2,0,1,0,true
"fd5ab33e5aecfb375f7f8a563b98db690faa9ecad51e361d22e743f1e17f2fbd",39,86,2,36,3,1,3,true
"fd5f159f3d32c57d73a3fcdc842f296b3e671f2516294387b5985b99c3b7881a",27,50,0,11,3,0,3,true
"fd915e9318101a47e2f7912f0ae8ad2841f87282bdc1cd8eb439ff1a30ad3694",17,17,0,15,0,0,0,false
"fda4715d94ee2abb5443c612de81f8dddd09bfa5cdf54f62dd8f77ffa29469be",46,52,2,24,3,2,3,true
"fdb6971a3197ba1d67567dcd7e2da1934c946096197481028e4495ea1b1eb81b",57,120,0,55,1,0,1,true
"fde238eb32c2854e85f9cb510055b6032b138c85a6d94f573ad25bf67e9aa7e4",14,21,0,7,1,0,1,true
"fe0a9a1df939c80bc379be90acf462ad13ce4a6a10f99cca3bf4eae244ca7454",1,0,0,1,0,0,0,false
"fe0fa81b066aab1f651e40b0b946f25e5034d0e0d734aa425e6f26d921a12d63",16,15,0,6,1,0,1,true
"fe1264cdd67ac64cfaa73c4f2cf29eed5f657f43a2c7bcf8228708dfe835c236",20,36,1,9,1,1,1,true
"fe16484087d72e2e4b471cb099792ad06b1a1987624bc2d22d942d660a8e81a2",22,67,3,4,2,3,2,true
"fe330b753864445723ac65eb945e5f291f63bb927968b7bc471238135fd9a11c",33,65,0,24,2,0,2,true
"fe53e4b622bed7dce0d3a66f8d07d095d43d34536dbec33cb96c621a4237cac7",7,16,0,6,0,0,0,false
"fe76525437b6dd9c484ae22f51626c596bd1a3138c4494f091480c9e1586b8a8",23,46,10,22,0,2,0,true
"fe7ce44b0d499d9c6aee6595ad1200fe650908eaecbcc3b0113c2524926e6ed3",97,154,3,97,7,3,7,true
"fe900345f7101eb541282fdd595e57eaf281184e14795480188b6d87a598e5cf",0,0,0,0,0,0,0,false
"fe90f52a288c2188727adc064147da494e7e208c05507df5939b9b3e93c97ecd",18,24,0,10,3,0,3,true
"fe9b9d1da2b325169fc6bcf9d0591984c86b87b2ab9339475aa91ea20899151e",19,35,0,16,0,0,0,false
"fee46212e59d9e354d50421957b2973320272f3bf9e00fcf3e9828ccc62d3a33",9,13,0,4,0,0,0,false
"feec0fc9b566c20928c326339eb20e931b46abfb162e7791ff7d25db1f7069a5",24,74,7,24,0,7,0,true
"feed08a65666c1f22b476a62b15ccae69b202b29de08aeafe6e70b5732005456",19,23,0,19,0,0,0,false
"feee457c765f3523b252fc90254f746b6c1cf491f659f577163e11527f200354",10,15,0,6,1,0,1,true
"fefa7c8e3ad3ec8214435afdb37cb2d5594bc854797fccbc882bd7a5726de198",7,22,0,1,0,0,0,false
"fefb2113acbfc73869dea6ad87f43c655e61fc5dce084fa36926b5e51e0e307e",73,121,2,39,3,1,3,true
"ff0809a7f4d50c4fd2d834230905b1130c5cd8dd2c373995e90d363471501c89",5,6,0,2,1,0,1,true
"ff3fb5ef9e9de46dffc51190ca3b14e12bec753973438205ca1a8f9ef7301605",1,0,0,1,0,0,0,false
"ff43dd23d1b7f0470145bfc095756488cfdb543bd0f2ce34de355fd641b66457",7,7,0,7,1,0,1,true
"ff7edeb5396eeb09bb26d7a2b29154b8f73698bd022e5d0ace77335246ec67f7",52,54,0,52,2,0,2,true
"ff7f0e12bd7ddb6f91f6cff51a73eb5054d0f18d1c29052abb633fc4b0ee9e05",10,14,0,2,0,0,0,false
"ff87fcf1ebd5d0926cf67981d16278b54adb1868ce725d5eb1856d26b6479bd5",1,5,0,1,0,0,0,false
"ff917b2578ea18fa52379184504a06528b1f91ca8f6c427d93cf9758722dd7a9",11,22,1,7,0,1,0,true
"ffa48577dcaa0dadcd5f48318d8b22faed970acb80ff097d6e49065dfc8b299a",16,17,0,9,0,0,0,false
"ffa62aebb6b340649dce6a4dae51c6798dc193178ddc9104ff190059de77f8a4",4,11,0,0,0,0,0,false
"ffa68ad3d49e5d61c13e386576c2a9215fdee4e38e9e01f62830fd6ccdc0afce",14,19,0,6,0,0,0,false
"ffa72ba8576422d2fbfc749e43d0cf8670f5f2b0036dfe3a7e4723017c77b795",8,13,0,7,2,0,2,true
"ffaafd8a37ebaeaf08b6a55caa232e521c00ff443ffcbc1af29165390b4269dc",10,22,0,8,0,0,0,false
"ffd2249433d021c6a215e08d21b834ee985e92b8e6dccb816849033fa4523ab9",13,38,16,6,1,7,1,true
"ffd799287d904c23c6ca086a9d517df50f860f504502e917660b8730cbe915b5",7,12,0,5,0,0,0,false
"ffddf40e7c479975864512a0e40dd43e0fe5ee0c8b8ea47329d973ba7477138e",13,26,0,5,0,0,0,false
contracts total: 4037,_,_,_,_,_,_,_,_
contracts exposing functions: 4031,_,_,_,_,_,_,_,_
contracts using Option in a parameter or return value: 1542 (38.3% of contracts with functions),_,_,_,_,_,_,_,_
contracts using Option in a parameter: 675 (16.7%),_,_,_,_,_,_,_,_
contracts using Option in a return value: 1149 (28.5%),_,_,_,_,_,_,_,_
functions total: 69591,_,_,_,_,_,_,_,_
functions with an Option parameter: 1551 (2.2%),_,_,_,_,_,_,_,_
functions with an Option return value: 3025 (4.3%),_,_,_,_,_,_,_,_
parameters total: 121113,_,_,_,_,_,_,_,_
parameters that use Option: 2746 (2.3%),_,_,_,_,_,_,_,_
return values total: 46617,_,_,_,_,_,_,_,_
return values that use Option: 3025 (6.5%),_,_,_,_,_,_,_,_
