wasm_hash,function,params,outputs,instance_count
"003710b383f9da7d650a7f719a7be479110266427817ebbed61d924505fcd7c7","mint","sender:address recipient:address tick_lower:i32 tick_upper:i32 amount:u128 hints:{""udt"":{""name"":""OracleHints""}}","{""result"":{""ok_type"":{""tuple"":{""value_types"":[""u128"",""u128""]}},""error_type"":""error""}}","58"
"004c04bc1664c25e1694e1c0dd2f2649ccea217f6ca8f7a7566e0cb360a2398f","mint","to:address amount:i128","","1"
"004dc6f0eb924b7e4fcb51cc4680f97603ca2c4e20bab54865ba8efc0a7db33f","mint","to:address amount:i128","","3"
"0065931866678464fb35204299114c8fb5f8954f262e662b0c9afaab145fb952","mint","to:address metadata_uri:string","u64","0"
"006b5f39c4ef99bed27feaae3af96c0a9e9b82418e47daa9e11c1e0135367375","mint","to:address amount:i128","","1"
"00b1b70550f887bd87835270ddee76307ced7a00aa6ad354ed744bc0544a03ac","mint_and_forward","message:bytes attestation:bytes","","1"
"00b1b70550f887bd87835270ddee76307ced7a00aa6ad354ed744bc0544a03ac","get_token_messenger_minter","","address","1"
"00b33d5f9f8a0aec1aecbefb73c724a22800f5d8577f693b26ad7a00329d6f20","max_mint","receiver:address","i128","1"
"00b33d5f9f8a0aec1aecbefb73c724a22800f5d8577f693b26ad7a00329d6f20","preview_mint","shares:i128","i128","1"
"00b33d5f9f8a0aec1aecbefb73c724a22800f5d8577f693b26ad7a00329d6f20","mint","shares:i128 receiver:address from:address operator:address","i128","1"
"0108c762ca6f8441564b0ef032dbb6a600f7f4de3df65f844e51d875979c51e2","mint","to:address amount:i128","","0"
"011c41afca8bb3d64635660beaa425c5f91c9fd0ca02f228d53a450f58ac50cd","mint_reward","_caller:address to:address difficulty:i128","i128","0"
"011c41afca8bb3d64635660beaa425c5f91c9fd0ca02f228d53a450f58ac50cd","admin_mint","_caller:address account:address amount:i128","","0"
"0151f6f0e8e711d09cb5ae35e980322a837fb418cdd034bff0713634105e05c8","mint_core","mint:address to:address amount:u64","{""result"":{""ok_type"":{""tuple"":{""value_types"":[]}},""error_type"":{""udt"":{""name"":""STokenAllowlistMintError""}}}}","1"
"0151f6f0e8e711d09cb5ae35e980322a837fb418cdd034bff0713634105e05c8","accept_allowlist_mint","mint:address caller:address","{""result"":{""ok_type"":{""tuple"":{""value_types"":[]}},""error_type"":{""udt"":{""name"":""STokenAllowlistMintError""}}}}","1"
"0151f6f0e8e711d09cb5ae35e980322a837fb418cdd034bff0713634105e05c8","cancel_allowlist_mint","mint:address caller:address","{""result"":{""ok_type"":{""tuple"":{""value_types"":[]}},""error_type"":{""udt"":{""name"":""STokenAllowlistMintError""}}}}","1"
"0151f6f0e8e711d09cb5ae35e980322a837fb418cdd034bff0713634105e05c8","min_shares_to_mint","","u64","1"
"0151f6f0e8e711d09cb5ae35e980322a837fb418cdd034bff0713634105e05c8","max_mint","account:address","i128","1"
"0151f6f0e8e711d09cb5ae35e980322a837fb418cdd034bff0713634105e05c8","preview_mint","shares:i128","i128","1"
"0151f6f0e8e711d09cb5ae35e980322a837fb418cdd034bff0713634105e05c8","mint","shares:i128 receiver:address from:address operator:address","i128","1"
"0191f55837f76fa8d2c1d5374000c80cd0b33dfaddafcf27b50c7c8b1547328a","mint","to:address","","1"
"01a5196f27c1e9f4b6088088f1cb168a2bcc84e8a8c8b3facc76342f46e58359","total_minted","","u32","1"
"01aa22418312a9c5137150961bdf2a43eadaafe5adf935eaedab622555df324f","mint_default","to:address","u32","1"
"01aa22418312a9c5137150961bdf2a43eadaafe5adf935eaedab622555df324f","mint_custom","to:address title:string collection:string description:string event:string image:string credential_id:string","u32","1"
"01eee75d6a1e75c93079d4370fb635edd216dac3601850bbda08e52a79b72fa6","mint","user:address token_id:{""udt"":{""name"":""TokenId""}} card_level:u32 buy_currency:{""udt"":{""name"":""Currency""}}","","1"
"01eee75d6a1e75c93079d4370fb635edd216dac3601850bbda08e52a79b72fa6","mint_terry","player:address amount:i128","","1"
"01eee75d6a1e75c93079d4370fb635edd216dac3601850bbda08e52a79b72fa6","batch_mint_terry","to_addresses:{""vec"":{""element_type"":""address""}} amounts:{""vec"":{""element_type"":""i128""}}","","1"
"027bd328b31767fae389ef191b159d2f25eecf86aaeefd6c1481feca369eb74c","mint","valuechain_id:string token_id:u64 ipcm_key:string data:string","","1"
"027bd328b31767fae389ef191b159d2f25eecf86aaeefd6c1481feca369eb74c","batch_mint","valuechain_id:string token_ids:{""vec"":{""element_type"":""u64""}} ipcm_keys:{""vec"":{""element_type"":""string""}} datas:{""vec"":{""element_type"":""string""}}","","1"
"0293730a1d9bdb23ad2b2d7f6d7ff86dc5fbe620efb29187f8210dc1d5b90bef","mint_lp","amount:i128","","0"
"02e7000afab3e6b6856dd6af979591df4aad29c10aa6940019da699e222b58cb","mint","minter:address to:address","u32","1"
"02e7000afab3e6b6856dd6af979591df4aad29c10aa6940019da699e222b58cb","is_minter","account:address","bool","1"
"02e7000afab3e6b6856dd6af979591df4aad29c10aa6940019da699e222b58cb","batch_mint","minter:address to:address count:u32","{""vec"":{""element_type"":""u32""}}","1"
"02e7000afab3e6b6856dd6af979591df4aad29c10aa6940019da699e222b58cb","has_minted","account:address","bool","1"
"02e7000afab3e6b6856dd6af979591df4aad29c10aa6940019da699e222b58cb","public_mint","to:address","u32","1"
"02e7000afab3e6b6856dd6af979591df4aad29c10aa6940019da699e222b58cb","grant_minter","account:address","","1"
"02e7000afab3e6b6856dd6af979591df4aad29c10aa6940019da699e222b58cb","total_minted","","u32","1"
"02e7000afab3e6b6856dd6af979591df4aad29c10aa6940019da699e222b58cb","revoke_minter","account:address","","1"
"02e7000afab3e6b6856dd6af979591df4aad29c10aa6940019da699e222b58cb","set_public_mint","active:bool","","1"
"02e7000afab3e6b6856dd6af979591df4aad29c10aa6940019da699e222b58cb","is_public_mint_active","","bool","1"
"031e5a4452253185e4cb1d83de7bbddc41ef8950c4954d2f000ef39969adf75d","admin_mint","badge_type:{""udt"":{""name"":""BadgeType""}} to:address uri:string","{""result"":{""ok_type"":""u32"",""error_type"":""error""}}","1"
"031e5a4452253185e4cb1d83de7bbddc41ef8950c4954d2f000ef39969adf75d","mint_nexus","user:address","{""result"":{""ok_type"":""u32"",""error_type"":""error""}}","1"
"031e5a4452253185e4cb1d83de7bbddc41ef8950c4954d2f000ef39969adf75d","mint_vector","user:address","{""result"":{""ok_type"":""u32"",""error_type"":""error""}}","1"
"031e5a4452253185e4cb1d83de7bbddc41ef8950c4954d2f000ef39969adf75d","mint_genesis","user:address","{""result"":{""ok_type"":""u32"",""error_type"":""error""}}","1"
"0405b19fad70b482c88a4bb8ae75b2527c68e926f7797128bfa203d20bb94432","mint_from","caller:address account:address amount:i128","","1"
"0405b19fad70b482c88a4bb8ae75b2527c68e926f7797128bfa203d20bb94432","mint","account:address amount:i128","","1"
"04c5d66dd19ea2b7328454f5972a2fc6a8fc13855fc430a11d14afd2782e8836","request_to_mint","user:address transferred_token:address for_token:address amount:i128 preprice:u128 slippage:u128 timestamp:u64 extra_data:bytes","","1"
"059186ad598f43f11ea1e1f975cc35783cc2f649a90fef21af4b1e44970c930e","confirm_mint","request_id:u64","bool","0"
"059186ad598f43f11ea1e1f975cc35783cc2f649a90fef21af4b1e44970c930e","get_mint_issuer","","address","0"
"059186ad598f43f11ea1e1f975cc35783cc2f649a90fef21af4b1e44970c930e","set_mint_issuer","issuer:address","address","0"
"059186ad598f43f11ea1e1f975cc35783cc2f649a90fef21af4b1e44970c930e","get_pending_mints","","{""vec"":{""element_type"":{""udt"":{""name"":""PendingMint""}}}}","0"
"059186ad598f43f11ea1e1f975cc35783cc2f649a90fef21af4b1e44970c930e","cancel_mint_request","request_id:u64","bool","0"
"059186ad598f43f11ea1e1f975cc35783cc2f649a90fef21af4b1e44970c930e","submit_mint_request","user:address claimable_balance_id:string usdc_amount:i128 fiat_token:string fiat_issuer:address rates_payload:{""udt"":{""name"":""RatesPayload""}} loyalty_payload:{""udt"":{""name"":""LoyaltyPayload""}}","u64","0"
"059186ad598f43f11ea1e1f975cc35783cc2f649a90fef21af4b1e44970c930e","get_pending_mints_by_id","request_id:u64","{""vec"":{""element_type"":{""udt"":{""name"":""PendingMint""}}}}","0"
"059186ad598f43f11ea1e1f975cc35783cc2f649a90fef21af4b1e44970c930e","get_pending_mints_by_user","user:address","{""vec"":{""element_type"":{""udt"":{""name"":""PendingMint""}}}}","0"
"05966442305d02ced67094b8badea175ae3db88899c49864c9ad2e71971a3ea9","mint","payer:address to:address uri:string is_pfp:bool is_soulbound:bool is_gif:bool size_tier:u32 royalty_bps:u32","u32","1"
"05966442305d02ced67094b8badea175ae3db88899c49864c9ad2e71971a3ea9","public_mint","to:address uri:string","u32","1"
"05966442305d02ced67094b8badea175ae3db88899c49864c9ad2e71971a3ea9","total_minted","","u32","1"
"05966442305d02ced67094b8badea175ae3db88899c49864c9ad2e71971a3ea9","public_mint_soulbound","to:address uri:string","u32","1"
"0646be6763a7c3d63e94da44d884ae82f47bc1160cbfce11b3f0ffa971e562e3","mint","to:address amount:i128","","0"
"0698612e5e88ff06583318777d4026698ce809e1251392915b1e4757e8f157c1","mint","to:address tier:u32 avatar_uri:string","{""result"":{""ok_type"":""void"",""error_type"":{""udt"":{""name"":""SoulboundNftError""}}}}","1"
"06b44635985d124cf794ed687469c845c18ab0b6244766f85c7b55ab1290d4ea","mint","to:address amount:i128","","8"
"06e7fdbf6d8028c5c8129c7a1a2f519d91cf81b2b4c2f6a87b3f530cf02f84ca","mint","to:address","u32","0"
"07bab30eb93f9d194b079a3f02ba86821ae82b9d4770a38c6b7b8524df9e284f","mint","to:address amount:i128","","379"
"07d2be4bff8337a9c2b7996977d11442b7e4e2d90bb09c91de1c192b595da176","mint_from","caller:address account:address amount:i128","","0"
"0800cdf64090d448001ec036143a35793e6b6c54587fa5c8e828e4f816375b04","mint","to:address amount:i128","","0"
"080cf2f904fef8ba0939df6b54d1e4b121b5b22e6616c2bfa4fed9fc343f100a","mint","to:address","u32","0"
"082178f13c7a74a62bacbdbfbe4436cea2660761a96df547e17cf1618ca94bd3","mint","account:address amount:i128","","0"
"086b776c75188841b6c53910a94489961f1873886eb1e92cb2bea252044554c9","mint","owner:address token_id:u32 token_uri:string","","6"
"086b776c75188841b6c53910a94489961f1873886eb1e92cb2bea252044554c9","bulk_mint","owner:address tokens:{""vec"":{""element_type"":{""tuple"":{""value_types"":[""u32"",""string""]}}}}","","6"
"0878e15746cd3cd8ca6739e64a30422d797cdfd347d3b70698de10570bb9d630","mint","to:address amount:i128 operator:address","","1"
"089b082618c3b6cb734a6cf25d0864bdb7a6a56d18ac2913e380b6666b9e8737","mint_from","account:address amount:i128 caller:address","","1"
"089c7a8ffa046ad4097b12bdadada4255e5a4c5b2420415c4f6dafc5db6e72d6","mint","to:address","{""result"":{""ok_type"":{""tuple"":{""value_types"":[]}},""error_type"":{""udt"":{""name"":""SdkError""}}}}","1"
"08a398eecfd4fea7c178c793857fab3753b04c2b58c15ba3a5a862fe4b715bd2","mint","to:address amount:i128","","7"
"0915e04080abb775e973b1f5e1d3d76030234fb196758d88524a640ca6a604a1","mint","caller:address to:address yld_metadata:{""udt"":{""name"":""YLDMetadata""}}","u32","1"
"09896cbf3c01d41adb5a06e989abe7e579c13b5e1b46d6a2badae929e442bd89","mint","to:address amount:i128","","1"
"09cfe695e763159a6bae06f3db549290ff2327510c1c70e847a4ebeeb8cd073a","mint","to:address token_uri:string","{""result"":{""ok_type"":""u32"",""error_type"":{""udt"":{""name"":""MerchError""}}}}","1"
"09cfe695e763159a6bae06f3db549290ff2327510c1c70e847a4ebeeb8cd073a","total_minted","","u32","1"
"0a28a88ff51dcf7430c80302e3f3e8a68d7a34af5c927ef8838e2deed04cb96e","mint","to:address amount:i128","","1"
"0a41411f7250a78da15d6cd6cf78086e19d98bc917dd0a51e03a34f5ab969781","mint","account:address amount:i128","","2276"
"0b217488c9f84a5d49ace411129b4c9a83e0cc6e430667a6ea4a351b3b8061e7","mint","minter:address to:address","u32","1"
"0b217488c9f84a5d49ace411129b4c9a83e0cc6e430667a6ea4a351b3b8061e7","is_minter","account:address","bool","1"
"0b217488c9f84a5d49ace411129b4c9a83e0cc6e430667a6ea4a351b3b8061e7","batch_mint","minter:address to:address count:u32","{""vec"":{""element_type"":""u32""}}","1"
"0b217488c9f84a5d49ace411129b4c9a83e0cc6e430667a6ea4a351b3b8061e7","grant_minter","account:address","","1"
"0b217488c9f84a5d49ace411129b4c9a83e0cc6e430667a6ea4a351b3b8061e7","mint_with_id","minter:address to:address token_id:u32","u32","1"
"0b217488c9f84a5d49ace411129b4c9a83e0cc6e430667a6ea4a351b3b8061e7","revoke_minter","account:address","","1"
"0b217488c9f84a5d49ace411129b4c9a83e0cc6e430667a6ea4a351b3b8061e7","mint_soulbound","minter:address to:address","u32","1"
"0b217488c9f84a5d49ace411129b4c9a83e0cc6e430667a6ea4a351b3b8061e7","mint_with_royalty","minter:address to:address royalty_receiver:address royalty_bps:u32","u32","1"
"0b76ae9bb4967b41d4cb9effad8babed8720b5233f9ec3384f6944a284caf074","mint","to:address","u32","2"
"0b76ae9bb4967b41d4cb9effad8babed8720b5233f9ec3384f6944a284caf074","mint_batch","tos:{""vec"":{""element_type"":""address""}}","u32","2"
"0b913ee4752e49d33714e7b90c206a328702a32c8849a7c6c2cd0ac8e70d65f7","mint","to:address","u32","1"
"0b913ee4752e49d33714e7b90c206a328702a32c8849a7c6c2cd0ac8e70d65f7","total_minted","","u32","1"
"0ba7ff671737db8fd43219ac3957ca54f3e343bc346dc709964a0978802300ff","mint_interest","recipient:address amount:i128 distribution_id:string","{""result"":{""ok_type"":{""tuple"":{""value_types"":[]}},""error_type"":""error""}}","1"
"0ba7ff671737db8fd43219ac3957ca54f3e343bc346dc709964a0978802300ff","mint_with_receipt","recipient:address amount:i128 asset:string chain:string tx_id:string","{""result"":{""ok_type"":{""tuple"":{""value_types"":[]}},""error_type"":""error""}}","1"
"0bb7516a359d2a086d77de4562d17211c28ad96b7ab13755b2e8987ffb9663a1","mint_fee_bps","","u32","1"
"0bb7516a359d2a086d77de4562d17211c28ad96b7ab13755b2e8987ffb9663a1","set_mint_fee","admin:address fee_bps:u32","{""result"":{""ok_type"":""void"",""error_type"":""error""}}","1"
"0bc09721311516e6b7e43421a5e25ad45a438d1438d1d4aa423ea7202a5bea63","mint","to:address","u32","1"
"0bc09721311516e6b7e43421a5e25ad45a438d1438d1d4aa423ea7202a5bea63","total_minted","","u32","1"
"0bebc24948941497ddd871076fcd6906b26d978fe803dd7ef7877dad6746431e","public_mint","to:address uri:string","u32","1"
"0bebc24948941497ddd871076fcd6906b26d978fe803dd7ef7877dad6746431e","total_minted","","u32","1"
"0bebc24948941497ddd871076fcd6906b26d978fe803dd7ef7877dad6746431e","public_mint_soulbound","to:address uri:string","u32","1"
"0beca59283cb31f69d9437712b3f8fdd63f5f4a14421aa9704ff118c276cdddb","mint","to:address amount:i128","","0"
"0c7b9a38c818265cb5d0f3ccceaf852fc9d4c090bf93748d53f8adf4bbdd230e","mint","to:address amount:i128","","0"
"0cbc0aa6a92452375eff21a6183b46488f6ee11405999430e68a5a23d9b6c8c2","mint_fee_bps","","u32","1"
"0cbc0aa6a92452375eff21a6183b46488f6ee11405999430e68a5a23d9b6c8c2","set_mint_fee","admin:address fee_bps:u32","{""result"":{""ok_type"":""void"",""error_type"":""error""}}","1"
"0ce70958adee1abcdf8c706c7396f53ef66c36acc9d2778c58d59bad0d0ad569","mint","from:address to:address amount:i128","{""tuple"":{""value_types"":[""i128"",""i128"",""i128""]}}","2"
"0d86a5873854a72266975c0b2446c79b3e33303d0c3b8376817b3322ca928c54","mint","domain:string owner:address","","1"
"0db32ce1f06fb3dedca86adaa9583832e234944092df15239d8aa5c59efc6c60","mint","to:address amount:i128","","0"
"0e7cd0af197cd313a1676df9336704dd88d1c5bd9f57c3fe4b6e4224538a819b","mint_fee_bps","","u32","1"
"0e7cd0af197cd313a1676df9336704dd88d1c5bd9f57c3fe4b6e4224538a819b","set_mint_fee","admin:address fee_bps:u32","{""result"":{""ok_type"":""void"",""error_type"":""error""}}","1"
"0eb943385bc490c0c540d41d7aee553d6f17dacf2915dc010653b313ea3395c7","mint_from","caller:address account:address amount:i128","","0"
"0eb943385bc490c0c540d41d7aee553d6f17dacf2915dc010653b313ea3395c7","mint","account:address amount:i128","","0"
"0f3423cda709890d7a5e36b31f74474a7f45162bdb3546bd93de98557f22035c","mint","item_number:u64 to:address","","19"
"0fb61144ee7d631a5df0ee07740f2ec9eb62962c61c34126d08f8418e868833f","mint","shares:i128 receiver:address from:address operator:address","{""tuple"":{""value_types"":[""i128"",""i128""]}}","2"
"0fb61144ee7d631a5df0ee07740f2ec9eb62962c61c34126d08f8418e868833f","max_mint","receiver:address","i128","2"
"0fb61144ee7d631a5df0ee07740f2ec9eb62962c61c34126d08f8418e868833f","preview_mint","shares:i128","{""tuple"":{""value_types"":[""i128"",""i128""]}}","2"
"1017cf7c4c23156440fba5735cbafb48b6e1b746684752cda14e169bb40aa412","mint","minter:address to:address","u32","1"
"1017cf7c4c23156440fba5735cbafb48b6e1b746684752cda14e169bb40aa412","is_minter","account:address","bool","1"
"1017cf7c4c23156440fba5735cbafb48b6e1b746684752cda14e169bb40aa412","batch_mint","minter:address to:address count:u32","{""vec"":{""element_type"":""u32""}}","1"
"1017cf7c4c23156440fba5735cbafb48b6e1b746684752cda14e169bb40aa412","public_mint","to:address uri:string","u32","1"
"1017cf7c4c23156440fba5735cbafb48b6e1b746684752cda14e169bb40aa412","grant_minter","account:address","","1"
"1017cf7c4c23156440fba5735cbafb48b6e1b746684752cda14e169bb40aa412","mint_with_id","minter:address to:address token_id:u32","u32","1"
"1017cf7c4c23156440fba5735cbafb48b6e1b746684752cda14e169bb40aa412","revoke_minter","account:address","","1"
"1017cf7c4c23156440fba5735cbafb48b6e1b746684752cda14e169bb40aa412","mint_soulbound","minter:address to:address","u32","1"
"1017cf7c4c23156440fba5735cbafb48b6e1b746684752cda14e169bb40aa412","set_mint_config","payment_token:address price:i128 price_soulbound:i128 treasury:address yield_router:address","","1"
"1017cf7c4c23156440fba5735cbafb48b6e1b746684752cda14e169bb40aa412","mint_with_royalty","minter:address to:address royalty_receiver:address royalty_bps:u32","u32","1"
"1017cf7c4c23156440fba5735cbafb48b6e1b746684752cda14e169bb40aa412","public_mint_soulbound","to:address uri:string","u32","1"
"101ff0dbe44202f35bec5b2a93c63e44710cb1bb83230f76593308216fe960dd","mint","to:address amount:i128","","1"
"10391457065f4dce8fe5a2ee80491afc8bf4dd738cd66f600019f1520e58038c","mint_complete_set","underwriter:address amount:i128","","6"
"104f6b8def5988ca1a3c03a41876c5e690fd36bd90c5456e8c7df8fbf52601eb","mint","to:address amount:i128","","0"
"10e85a81916c36ca577f8c0612eaf0bf19778725a7d38125b8991aaee765e736","public_mint","to:address","u32","0"
"10e85a81916c36ca577f8c0612eaf0bf19778725a7d38125b8991aaee765e736","total_minted","","u32","0"
"10e85a81916c36ca577f8c0612eaf0bf19778725a7d38125b8991aaee765e736","public_mint_soulbound","to:address","u32","0"
"119a8c2eab5f732c18d7521426e1038151fa837506c63ddca17c6851e2fbf946","mint","to:address amount:i128","{""result"":{""ok_type"":{""tuple"":{""value_types"":[]}},""error_type"":{""udt"":{""name"":""ContractError""}}}}","18"
"119a8c2eab5f732c18d7521426e1038151fa837506c63ddca17c6851e2fbf946","get_is_mintable","","bool","18"
"11b4bacca38f670e792b7a1bbd6c6888f9e572c06e1def9cc5adf9294403bbb2","mint","shares:i128 receiver:address from:address operator:address","i128","2"
"11b4bacca38f670e792b7a1bbd6c6888f9e572c06e1def9cc5adf9294403bbb2","max_mint","receiver:address","i128","2"
"11b4bacca38f670e792b7a1bbd6c6888f9e572c06e1def9cc5adf9294403bbb2","preview_mint","shares:i128","i128","2"
"11ba5c44157dfbdcfe1f67a54b3054952a67e5d36e5ed7876d26eece39d82c3f","mint","to:address amount:i128","","17"
"12fd219457b92f1de40da737aac2055d18ad9b2d97af4827b9b16ff1ad5ad725","mint","account:address amount:i128 caller:address","","2"
"1345fedc0296f30d5d629f1a5023721a9ba92da86ebaae323d293bb1003f265a","mint","to:address amount:i128","","1"
"13631c719e7b24f19bc4cfea6f35b4c73b7ef169d9768649e40e9f9228e224a3","mint","to:address amount:i128","","0"
"13e408b80433c7a12366f744020bbdbb8effbb16c4f76b063498e5e558f3270f","mint_reward","_caller:address to:address difficulty:i128","i128","0"
"13e408b80433c7a12366f744020bbdbb8effbb16c4f76b063498e5e558f3270f","admin_mint","_caller:address account:address amount:i128","","0"
"142a6bc9cd56dc2c0edc713132c82111a8b44bf15be5ff12a774cb016e143f55","mint_with_data","to:address token_id:u32 data:{""udt"":{""name"":""TokenData""}}","u32","2"
"142a6bc9cd56dc2c0edc713132c82111a8b44bf15be5ff12a774cb016e143f55","mint","to:address token_id:u32","u32","2"
"142a6bc9cd56dc2c0edc713132c82111a8b44bf15be5ff12a774cb016e143f55","bulk_mint_with_data","tokens:{""vec"":{""element_type"":{""tuple"":{""value_types"":[""address"",""u32"",{""udt"":{""name"":""TokenData""}}]}}}}","","2"
"144ef7103d39fb69e93f37300715044c51dbb3ac1e3a2df261a0e5373cd0bea8","mint","sender:address recipient:address tick_lower:i32 tick_upper:i32 amount:u128 hints:{""udt"":{""name"":""OracleHints""}}","{""result"":{""ok_type"":{""tuple"":{""value_types"":[""u128"",""u128""]}},""error_type"":""error""}}","8"
"14cd94d7dd4b508e8013fe8c6e5a6da97b0c4df6361bf9517695bb2952864cf5","mint","operator:address to:address amount:i128 reference_id:{""bytes_n"":{""n"":32}}","","1"
"14cd94d7dd4b508e8013fe8c6e5a6da97b0c4df6361bf9517695bb2952864cf5","is_minter","worker:address","bool","1"
"14cd94d7dd4b508e8013fe8c6e5a6da97b0c4df6361bf9517695bb2952864cf5","grant_minter_role","admin:address worker:address","","1"
"14cd94d7dd4b508e8013fe8c6e5a6da97b0c4df6361bf9517695bb2952864cf5","revoke_minter_role","admin:address worker:address","","1"
"14cd94d7dd4b508e8013fe8c6e5a6da97b0c4df6361bf9517695bb2952864cf5","grant_mint_burn_roles","admin:address worker:address","","1"
"14cd94d7dd4b508e8013fe8c6e5a6da97b0c4df6361bf9517695bb2952864cf5","revoke_mint_burn_roles","admin:address worker:address","","1"
"14e6c8d4e009d43cbabb2db6961e620928aa45cf1667732005686492e636fdb5","total_minted","","u32","1"
"15299dec7f7c48bae0b3e02fb3c149d8dd2a9d03fa50ab255cbd640633ab29a8","mint","to:address amount:i128","","1"
"153fe7ff1bea439a818992133687edde22382d000aa02293f6e941768a8deb43","mint_fee_bps","","u32","1"
"153fe7ff1bea439a818992133687edde22382d000aa02293f6e941768a8deb43","set_mint_fee","admin:address fee_bps:u32","{""result"":{""ok_type"":""void"",""error_type"":""error""}}","1"
"15c45224530b0bf4507ad80bc377a55068cf9334089242cec7758e723755367f","fake_mint","to:address asset:string amount:i128","","1"
"1689dda6ff110bd09af64af4e82759a37b30ac3183dd96e47e04ae179b493e56","get_mint_statistic","","{""tuple"":{""value_types"":[""u64"",""u64""]}}","1"
"16cc7e0e678e95c981b99c35a93bb48f3dbde46c55e879257412ac6fb2ba3ae0","mint","to:address purchased_gold_in_gram:i128","","1"
"16f229fbdacc7f9266bc49613c8b3fa898714ff857c42c4211922d567bb1cbaa","mint_from","from:address to:address amount:i128","","2"
"16f229fbdacc7f9266bc49613c8b3fa898714ff857c42c4211922d567bb1cbaa","add_minter_by_manager","minter:address","","2"
"16f229fbdacc7f9266bc49613c8b3fa898714ff857c42c4211922d567bb1cbaa","remove_minter_by_manager","minter:address","","2"
"16f229fbdacc7f9266bc49613c8b3fa898714ff857c42c4211922d567bb1cbaa","get_minters","","{""vec"":{""element_type"":""address""}}","2"
"16f229fbdacc7f9266bc49613c8b3fa898714ff857c42c4211922d567bb1cbaa","is_minter","address:address","bool","2"
"16f229fbdacc7f9266bc49613c8b3fa898714ff857c42c4211922d567bb1cbaa","set_minter_manager","new_manager:address","","2"
"16f229fbdacc7f9266bc49613c8b3fa898714ff857c42c4211922d567bb1cbaa","is_minter_manager","address:address","bool","2"
"16f229fbdacc7f9266bc49613c8b3fa898714ff857c42c4211922d567bb1cbaa","get_minter_manager","","address","2"
"172bba5089fb1dc27ffd25f8c025c8fbb1ceda47be773e51f032cd4d247915cf","mint_from","caller:address account:address amount:i128","","2"
"176f4086640d2c5ce433113033ac7f161ce37180f46f8e5cbb9cff9db82eb900","mint_split","user:address amount:i128","","1"
"17905dfba425b340c9f52e547b1ad1dfd0ff70156a4854426856022f3d543ff8","mint","to:address amount:i128","","1"
"17aac985522aba1dbcc269a2b332df6da05faee2b1358bb3337d3c13c9152dd1","mint_fee_bps","","u32","0"
"17aac985522aba1dbcc269a2b332df6da05faee2b1358bb3337d3c13c9152dd1","set_mint_fee","admin:address fee_bps:u32","{""result"":{""ok_type"":""void"",""error_type"":""error""}}","0"
"17b1f6a47d5ff3cebce3fd0ae4a79e4e602ad86aacd5fe0a25b90ac6ac18a985","mint","user:address tokens_to_mint:u128","u128","5"
"17b1f6a47d5ff3cebce3fd0ae4a79e4e602ad86aacd5fe0a25b90ac6ac18a985","kill_mint","admin:address","","5"
"17b1f6a47d5ff3cebce3fd0ae4a79e4e602ad86aacd5fe0a25b90ac6ac18a985","unkill_mint","admin:address","","5"
"17b1f6a47d5ff3cebce3fd0ae4a79e4e602ad86aacd5fe0a25b90ac6ac18a985","get_is_killed_mint","","bool","5"
"1863d95f609cadd95a557550ad6bdc05a443304fb69fb1d110e7874ea27a1ab2","mint","to:address amount:i128","","1"
"18aaa5a99271d17356bf1cfb3c45c8b8f1541cd8491279f6ae46b869b788069f","mint","try_stage_index:u32 recipient:address quantity:u32","{""vec"":{""element_type"":""u32""}}","2"
"18aaa5a99271d17356bf1cfb3c45c8b8f1541cd8491279f6ae46b869b788069f","mint_to","recipient:address quantity:u32","{""vec"":{""element_type"":""u32""}}","2"
"18aaa5a99271d17356bf1cfb3c45c8b8f1541cd8491279f6ae46b869b788069f","mint_for","tokens:{""vec"":{""element_type"":""u32""}} recipient:address","","2"
"18aaa5a99271d17356bf1cfb3c45c8b8f1541cd8491279f6ae46b869b788069f","get_total_minted","minter:address","{""vec"":{""element_type"":""u32""}}","2"
"18aaa5a99271d17356bf1cfb3c45c8b8f1541cd8491279f6ae46b869b788069f","get_mint_list","","{""vec"":{""element_type"":""u32""}}","2"
"191a9dcfc76dd609c1e086103756aa79abf9b1ebc02744d4fcb4cc3aa26eb574","mint","to:address amount:i128 operator:address","","1"
"196dab9448790a1de0500928a3df6f10e81a3bd0bd4fbacbed2215a1c0075165","total_minted","","u32","0"
"198033a67ba4b8104414fef4e1bd8c4d79c5304325134e1045b168daead4f3ef","mint","to:address amount:i128","","0"
"19c29306023af9d8c70e515cdda3538684e66c882015ef550bc9f8dc825cb168","mint","minter:address to:address","u32","1"
"19c29306023af9d8c70e515cdda3538684e66c882015ef550bc9f8dc825cb168","is_minter","account:address","bool","1"
"19c29306023af9d8c70e515cdda3538684e66c882015ef550bc9f8dc825cb168","batch_mint","minter:address to:address count:u32","{""vec"":{""element_type"":""u32""}}","1"
"19c29306023af9d8c70e515cdda3538684e66c882015ef550bc9f8dc825cb168","public_mint","to:address uri:string","u32","1"
"19c29306023af9d8c70e515cdda3538684e66c882015ef550bc9f8dc825cb168","grant_minter","account:address","","1"
"19c29306023af9d8c70e515cdda3538684e66c882015ef550bc9f8dc825cb168","mint_with_id","minter:address to:address token_id:u32","u32","1"
"19c29306023af9d8c70e515cdda3538684e66c882015ef550bc9f8dc825cb168","revoke_minter","account:address","","1"
"19c29306023af9d8c70e515cdda3538684e66c882015ef550bc9f8dc825cb168","mint_soulbound","minter:address to:address","u32","1"
"19c29306023af9d8c70e515cdda3538684e66c882015ef550bc9f8dc825cb168","public_mint_v2","to:address uri:string is_standard:bool is_soulbound:bool swaps_chain:{""vec"":{""element_type"":{""tuple"":{""value_types"":[{""vec"":{""element_type"":""address""}},{""bytes_n"":{""n"":32}},""address""]}}}}","u32","1"
"19c29306023af9d8c70e515cdda3538684e66c882015ef550bc9f8dc825cb168","set_mint_config","payment_token:address price:i128 price_soulbound:i128 treasury:address yield_router:address","","1"
"19c29306023af9d8c70e515cdda3538684e66c882015ef550bc9f8dc825cb168","mint_with_royalty","minter:address to:address royalty_receiver:address royalty_bps:u32","u32","1"
"19c29306023af9d8c70e515cdda3538684e66c882015ef550bc9f8dc825cb168","set_mint_config_v2","payment_token:address price_pfp:i128 price_standard:i128 price_soulbound_addon:i128 price_royalty_addon:i128 treasury:address yield_router:address","","1"
"19c29306023af9d8c70e515cdda3538684e66c882015ef550bc9f8dc825cb168","public_mint_soulbound","to:address uri:string","u32","1"
"19c29306023af9d8c70e515cdda3538684e66c882015ef550bc9f8dc825cb168","public_mint_with_royalty","to:address uri:string royalty_receiver:address royalty_bps:u32","u32","1"
"19c29306023af9d8c70e515cdda3538684e66c882015ef550bc9f8dc825cb168","public_mint_with_royalty_v2","to:address uri:string is_standard:bool royalty_receiver:address royalty_bps:u32 swaps_chain:{""vec"":{""element_type"":{""tuple"":{""value_types"":[{""vec"":{""element_type"":""address""}},{""bytes_n"":{""n"":32}},""address""]}}}}","u32","1"
"19f62f37e57ba77c24e674428f1a232433c263f8076b55b5c88fa3642a471572","mint","to:address amount:i128","","1"
"19f62f37e57ba77c24e674428f1a232433c263f8076b55b5c88fa3642a471572","mint_governed","caller:address to:address amount:i128","","1"
"19fcba31e1f40fbdf84254b24812ea314069ccb9788347d5ab5e03fc105a0134","mint","to:address","","1"
"1a4405136adb4e7c10270baad11b7255829a71566784cbf88c132245ee05cfd1","total_minted","","u32","1"
"1a5e7ee9fc8023cc176fe70a0621a971f020a141f1709def865523d5747c8afd","mint","invoker:address to:address token_id:string","{""result"":{""ok_type"":{""tuple"":{""value_types"":[]}},""error_type"":{""udt"":{""name"":""SdkError""}}}}","1"
"1a5e7ee9fc8023cc176fe70a0621a971f020a141f1709def865523d5747c8afd","add_minter","invoker:address new_minter:address","{""result"":{""ok_type"":{""tuple"":{""value_types"":[]}},""error_type"":{""udt"":{""name"":""SdkError""}}}}","1"
"1a5e7ee9fc8023cc176fe70a0621a971f020a141f1709def865523d5747c8afd","remove_minter","invoker:address minter_to_remove:address","{""result"":{""ok_type"":{""tuple"":{""value_types"":[]}},""error_type"":{""udt"":{""name"":""SdkError""}}}}","1"
"1a8c4b52764ce65315c5938593f9993d44b14e45776e33ef327794c3f493cf04","total_minted","","u32","0"
"1aa23951740091f238ddb75281c9aeeac6bd3b6b29a4de645efcc5c5ffb7e133","mint","to:address amount:i128","","3"
"1aebf6dc9f05e01423ac011afb36dc87829cb2c34712f0f0dd4c98bbf3714c09","mint","try_stage_index:u32 recipient:address quantity:u32","{""vec"":{""element_type"":""u32""}}","1"
"1aebf6dc9f05e01423ac011afb36dc87829cb2c34712f0f0dd4c98bbf3714c09","get_total_minted","minter:address","{""vec"":{""element_type"":""u32""}}","1"
"1aebf6dc9f05e01423ac011afb36dc87829cb2c34712f0f0dd4c98bbf3714c09","get_mint_list","","{""vec"":{""element_type"":""u32""}}","1"
"1b883c32721d191a06c2306cc85586dc6ba9bd1144f6edffe988edc89bde8682","mint_terry","player:address amount:i128","","1"
"1b883c32721d191a06c2306cc85586dc6ba9bd1144f6edffe988edc89bde8682","batch_mint_terry","to_addresses:{""vec"":{""element_type"":""address""}} amounts:{""vec"":{""element_type"":""i128""}}","","1"
"1b883c32721d191a06c2306cc85586dc6ba9bd1144f6edffe988edc89bde8682","mint","user:address token_id:{""udt"":{""name"":""TokenId""}} card_level:u32 buy_currency:{""udt"":{""name"":""Currency""}}","","1"
"1b9a8ad4b3acd136b60868d49faace6f8a4d392c78157444dbb40f24ed96a680","mint","to:address amount:i128","","2"
"1ba283d867d6805948d63e643412a833e74fcb8b23c49167e97d3436a14ac830","total_minted","","u32","1"
"1c093a5f27927d00b1c9c6606e10adc17062d8d61c8b8d82a006c1721d1dad9e","set_minter","minter:{""option"":{""value_type"":""address""}}","","1"
"1c093a5f27927d00b1c9c6606e10adc17062d8d61c8b8d82a006c1721d1dad9e","mint","to:address amount:i128 operator:address","","1"
"1c093a5f27927d00b1c9c6606e10adc17062d8d61c8b8d82a006c1721d1dad9e","minter","","{""option"":{""value_type"":""address""}}","1"
"1c1c79b36912a5b393212750198ec240934475e82fde5ce383d193924e78e193","total_minted","","u32","0"
"1c8773aff502301697faca94cb81f233d3669a1cf85885810451a4c44836cf5b","mint","user:address amount:i128","","1"
"1d8919f2642d827423062c357cfd7e10543ffa5981e17eb42a7abd16f67067f1","total_minted","","u32","1"
"1dc5b1a938dfa7531aae9b62c418e828ebf5dd0523ece552ea7d17e0dffbc2fc","mint","to:address amount:i128","","1"
"1e00a0b9718b95a0cc799111d231ffc890f03373d21cb87d5501946536a6dd54","mint","invoker:address to:address token_id:string","{""result"":{""ok_type"":{""tuple"":{""value_types"":[]}},""error_type"":{""udt"":{""name"":""SdkError""}}}}","1"
"1e00a0b9718b95a0cc799111d231ffc890f03373d21cb87d5501946536a6dd54","add_minter","invoker:address new_minter:address","{""result"":{""ok_type"":{""tuple"":{""value_types"":[]}},""error_type"":{""udt"":{""name"":""SdkError""}}}}","1"
"1e00a0b9718b95a0cc799111d231ffc890f03373d21cb87d5501946536a6dd54","remove_minter","invoker:address minter_to_remove:address","{""result"":{""ok_type"":{""tuple"":{""value_types"":[]}},""error_type"":{""udt"":{""name"":""SdkError""}}}}","1"
"1e65df19aab602c415909ef6ab3043ffd349c21c35b97aafb3946c471d61cd39","mint","to:address amount:i128","","11"
"1e7701ba9ef2f012708275ade13aa9d43426cdd0d0f60d6575bb888754780471","mint","to:address amount:i128","","1"
"1ebc440a59382c6cde9db78a2c3794267bb83661c999976b93678bdea125c709","request_to_mint","user:address transferred_token:address for_token:address amount:i128 preprice:u128 slippage:u128 timestamp:u64 extra_data:bytes","","1"
"1ef95069b7d31a580d32d83442d1eded333071c5000b1427601cae034f3c3091","mint","to:address amount:i128","","0"
"1f74a6c48a5ac4bdc98226a8009e86ab711011d378f0fcb971d1af6040f8d762","mint","to:address amount:i128","","2"
"1f9164dd459790a2c243491c001f22167d07a16eedd1f4a15f41558d949127e0","mint","to:address amount:i128","","1"
"20006828aee939e80978c7d73f3ad60223f2b7ec9c6093b24d28e3aafbaecf30","mint","shares:i128 receiver:address from:address operator:address","i128","1"
"20006828aee939e80978c7d73f3ad60223f2b7ec9c6093b24d28e3aafbaecf30","max_mint","receiver:address","i128","1"
"20006828aee939e80978c7d73f3ad60223f2b7ec9c6093b24d28e3aafbaecf30","preview_mint","shares:i128","i128","1"
"205bb5edeb25e982eb0ad284ce192caf78219c69c1b5700ad744e5c3b8594c97","mint","minter:address to:address","u32","1"
"205bb5edeb25e982eb0ad284ce192caf78219c69c1b5700ad744e5c3b8594c97","is_minter","account:address","bool","1"
"205bb5edeb25e982eb0ad284ce192caf78219c69c1b5700ad744e5c3b8594c97","batch_mint","minter:address to:address count:u32","{""vec"":{""element_type"":""u32""}}","1"
"205bb5edeb25e982eb0ad284ce192caf78219c69c1b5700ad744e5c3b8594c97","public_mint","to:address uri:string","u32","1"
"205bb5edeb25e982eb0ad284ce192caf78219c69c1b5700ad744e5c3b8594c97","grant_minter","account:address","","1"
"205bb5edeb25e982eb0ad284ce192caf78219c69c1b5700ad744e5c3b8594c97","mint_with_id","minter:address to:address token_id:u32","u32","1"
"205bb5edeb25e982eb0ad284ce192caf78219c69c1b5700ad744e5c3b8594c97","revoke_minter","account:address","","1"
"205bb5edeb25e982eb0ad284ce192caf78219c69c1b5700ad744e5c3b8594c97","mint_soulbound","minter:address to:address","u32","1"
"205bb5edeb25e982eb0ad284ce192caf78219c69c1b5700ad744e5c3b8594c97","public_mint_v2","to:address uri:string is_standard:bool is_soulbound:bool swaps_chain:{""vec"":{""element_type"":{""tuple"":{""value_types"":[{""vec"":{""element_type"":""address""}},{""bytes_n"":{""n"":32}},""address""]}}}} tier:u32","u32","1"
"205bb5edeb25e982eb0ad284ce192caf78219c69c1b5700ad744e5c3b8594c97","set_mint_config","payment_token:address price:i128 price_soulbound:i128 treasury:address yield_router:address","","1"
"205bb5edeb25e982eb0ad284ce192caf78219c69c1b5700ad744e5c3b8594c97","mint_with_royalty","minter:address to:address royalty_receiver:address royalty_bps:u32","u32","1"
"205bb5edeb25e982eb0ad284ce192caf78219c69c1b5700ad744e5c3b8594c97","set_mint_config_v2","payment_token:address price_pfp:i128 price_standard:i128 price_soulbound_addon:i128 price_royalty_addon:i128 treasury:address yield_router:address","","1"
"205bb5edeb25e982eb0ad284ce192caf78219c69c1b5700ad744e5c3b8594c97","public_mint_soulbound","to:address uri:string","u32","1"
"205bb5edeb25e982eb0ad284ce192caf78219c69c1b5700ad744e5c3b8594c97","public_mint_with_royalty","to:address uri:string royalty_receiver:address royalty_bps:u32","u32","1"
"205bb5edeb25e982eb0ad284ce192caf78219c69c1b5700ad744e5c3b8594c97","public_mint_with_royalty_v2","to:address uri:string is_standard:bool royalty_receiver:address royalty_bps:u32 swaps_chain:{""vec"":{""element_type"":{""tuple"":{""value_types"":[{""vec"":{""element_type"":""address""}},{""bytes_n"":{""n"":32}},""address""]}}}} tier:u32","u32","1"
"20646011eac2c0f8cfc03ee573c69a6eceb3b3387783e2a94a1a78261516344a","mint","minter:address to:address","u32","0"
"20646011eac2c0f8cfc03ee573c69a6eceb3b3387783e2a94a1a78261516344a","is_minter","account:address","bool","0"
"20646011eac2c0f8cfc03ee573c69a6eceb3b3387783e2a94a1a78261516344a","batch_mint","minter:address to:address count:u32","{""vec"":{""element_type"":""u32""}}","0"
"20646011eac2c0f8cfc03ee573c69a6eceb3b3387783e2a94a1a78261516344a","public_mint","to:address uri:string","u32","0"
"20646011eac2c0f8cfc03ee573c69a6eceb3b3387783e2a94a1a78261516344a","grant_minter","account:address","","0"
"20646011eac2c0f8cfc03ee573c69a6eceb3b3387783e2a94a1a78261516344a","mint_with_id","minter:address to:address token_id:u32","u32","0"
"20646011eac2c0f8cfc03ee573c69a6eceb3b3387783e2a94a1a78261516344a","revoke_minter","account:address","","0"
"20646011eac2c0f8cfc03ee573c69a6eceb3b3387783e2a94a1a78261516344a","mint_soulbound","minter:address to:address","u32","0"
"20646011eac2c0f8cfc03ee573c69a6eceb3b3387783e2a94a1a78261516344a","public_mint_v2","to:address uri:string is_standard:bool is_soulbound:bool swaps_chain:{""vec"":{""element_type"":{""tuple"":{""value_types"":[{""vec"":{""element_type"":""address""}},{""bytes_n"":{""n"":32}},""address""]}}}} tier:u32 expected_aqua_amount:i128","u32","0"
"20646011eac2c0f8cfc03ee573c69a6eceb3b3387783e2a94a1a78261516344a","set_mint_config","payment_token:address price:i128 price_soulbound:i128 treasury:address yield_router:address","","0"
"20646011eac2c0f8cfc03ee573c69a6eceb3b3387783e2a94a1a78261516344a","mint_with_royalty","minter:address to:address royalty_receiver:address royalty_bps:u32","u32","0"
"20646011eac2c0f8cfc03ee573c69a6eceb3b3387783e2a94a1a78261516344a","set_mint_config_v2","payment_token:address price_pfp:i128 price_standard:i128 price_soulbound_addon:i128 price_royalty_addon:i128 treasury:address yield_router:address","","0"
"20646011eac2c0f8cfc03ee573c69a6eceb3b3387783e2a94a1a78261516344a","set_mint_config_v3","payment_token:address price_pfp_tiers:{""vec"":{""element_type"":""i128""}} price_standard_tiers:{""vec"":{""element_type"":""i128""}} price_soulbound_addon:i128 price_royalty_addon:i128 treasury:address yield_router:address","","0"
"20646011eac2c0f8cfc03ee573c69a6eceb3b3387783e2a94a1a78261516344a","public_mint_soulbound","to:address uri:string","u32","0"
"20646011eac2c0f8cfc03ee573c69a6eceb3b3387783e2a94a1a78261516344a","public_mint_with_royalty","to:address uri:string royalty_receiver:address royalty_bps:u32","u32","0"
"20646011eac2c0f8cfc03ee573c69a6eceb3b3387783e2a94a1a78261516344a","public_mint_with_royalty_v2","to:address uri:string is_standard:bool royalty_receiver:address royalty_bps:u32 swaps_chain:{""vec"":{""element_type"":{""tuple"":{""value_types"":[{""vec"":{""element_type"":""address""}},{""bytes_n"":{""n"":32}},""address""]}}}} tier:u32 expected_aqua_amount:i128","u32","0"
"2093072112c02305521c7410edbb8f0c46455b0c34b736341bb34f9a75bc1e7c","mint_interest","recipient:address amount:i128 distribution_id:string","{""result"":{""ok_type"":{""tuple"":{""value_types"":[]}},""error_type"":""error""}}","1"
"2093072112c02305521c7410edbb8f0c46455b0c34b736341bb34f9a75bc1e7c","mint_with_receipt","recipient:address amount:i128 asset:string chain:string tx_id:string","{""result"":{""ok_type"":{""tuple"":{""value_types"":[]}},""error_type"":""error""}}","1"
"209ec0fe525adc00ce0c6dfd2d8f113ac4cee3d56c0a0b085d5d8c9f2611f02a","mint","to:address amount:i128","","0"
"2173790286c29eff1997c9d957f4a58f4d6f7814443cbddfc56d0bf5d68cd688","mint_terry","player:address amount:i128","","1"
"2173790286c29eff1997c9d957f4a58f4d6f7814443cbddfc56d0bf5d68cd688","batch_mint_terry","to_addresses:{""vec"":{""element_type"":""address""}} amounts:{""vec"":{""element_type"":""i128""}}","","1"
"2173790286c29eff1997c9d957f4a58f4d6f7814443cbddfc56d0bf5d68cd688","mint","user:address token_id:{""udt"":{""name"":""TokenId""}} card_level:u32 buy_currency:{""udt"":{""name"":""Currency""}}","","1"
"220cebfb3af68dcbfcd8b007ec738480bd2e9aa35131648cf518e97acca5f8c0","mint","to:address amount:i128","","3"
"2229dfab54855c6722fba1b731e42a4e4d16dfc00f18500b0d3bd2e55440c21b","mint","to:address amount:i128","","1"
"2229dfab54855c6722fba1b731e42a4e4d16dfc00f18500b0d3bd2e55440c21b","mint_cap","","i128","1"
"2229dfab54855c6722fba1b731e42a4e4d16dfc00f18500b0d3bd2e55440c21b","oracle_mint","to:address amount:i128","{""result"":{""ok_type"":{""tuple"":{""value_types"":[]}},""error_type"":{""udt"":{""name"":""JouleError""}}}}","1"
"2229dfab54855c6722fba1b731e42a4e4d16dfc00f18500b0d3bd2e55440c21b","set_mint_cap","cap:i128","","1"
"2229dfab54855c6722fba1b731e42a4e4d16dfc00f18500b0d3bd2e55440c21b","total_minted","","i128","1"
"22330c50948603448e64fdb3dd6007f5a8dda1808f6a027d70dd13b5885e098b","mint","to:address amount:i128","","0"
"227c4ca343ee5808bf6037aa50060448d5074540eaee3f933401031a801e6467","mint","to:address amount:i128","","1"
"22ef9eacd5f50fee5d5b81b738f33cd64e97151897dc064a60ffd807fb501a2d","mint","to:address token_id:u32 token_uri:string order_id:string order_item_id:string","{""result"":{""ok_type"":{""tuple"":{""value_types"":[]}},""error_type"":{""udt"":{""name"":""ContractError""}}}}","1"
"22ef9eacd5f50fee5d5b81b738f33cd64e97151897dc064a60ffd807fb501a2d","set_minter","new_minter:address","{""result"":{""ok_type"":{""tuple"":{""value_types"":[]}},""error_type"":{""udt"":{""name"":""ContractError""}}}}","1"
"23715363ff5f399eab3c57b671270d193b6452616aafef32df8d44caeeca2509","mint","to:address amount:i128","","1"
"23715363ff5f399eab3c57b671270d193b6452616aafef32df8d44caeeca2509","mint_cap","","i128","1"
"23715363ff5f399eab3c57b671270d193b6452616aafef32df8d44caeeca2509","oracle_mint","to:address amount:i128","{""result"":{""ok_type"":{""tuple"":{""value_types"":[]}},""error_type"":{""udt"":{""name"":""JouleError""}}}}","1"
"23715363ff5f399eab3c57b671270d193b6452616aafef32df8d44caeeca2509","set_mint_cap","cap:i128","","1"
"23715363ff5f399eab3c57b671270d193b6452616aafef32df8d44caeeca2509","total_minted","","i128","1"
"2375073cd353887140c1255685f0541c76bf2589c67058f8a79337ff693989cf","mint","to:address","u32","0"
"2375073cd353887140c1255685f0541c76bf2589c67058f8a79337ff693989cf","mint_batch","to:address count:u32","u32","0"
"2375073cd353887140c1255685f0541c76bf2589c67058f8a79337ff693989cf","public_mint","to:address","u32","0"
"2375073cd353887140c1255685f0541c76bf2589c67058f8a79337ff693989cf","mint_with_id","to:address id:u32","","0"
"2375073cd353887140c1255685f0541c76bf2589c67058f8a79337ff693989cf","total_minted","","u32","0"
"2375073cd353887140c1255685f0541c76bf2589c67058f8a79337ff693989cf","whitelist_mint","to:address proof:{""vec"":{""element_type"":{""bytes_n"":{""n"":32}}}}","u32","0"
"2375073cd353887140c1255685f0541c76bf2589c67058f8a79337ff693989cf","public_mint_active","","bool","0"
"2375073cd353887140c1255685f0541c76bf2589c67058f8a79337ff693989cf","set_public_mint_active","active:bool","","0"
"2460db9d5cd0e7c1449a706ce21113207e68c925aad855a4e8a1cc9e594117be","mint","to:address amount:i128","","1"
"24640750cd5ee593c1dcf32833b8f46d32bdba01b29ec2dd9d3e5098b870b60a","mint","to:address","u32","1"
"24640750cd5ee593c1dcf32833b8f46d32bdba01b29ec2dd9d3e5098b870b60a","mint_batch","to:address count:u32","u32","1"
"24640750cd5ee593c1dcf32833b8f46d32bdba01b29ec2dd9d3e5098b870b60a","public_mint","to:address","u32","1"
"24640750cd5ee593c1dcf32833b8f46d32bdba01b29ec2dd9d3e5098b870b60a","total_minted","","u32","1"
"24640750cd5ee593c1dcf32833b8f46d32bdba01b29ec2dd9d3e5098b870b60a","whitelist_mint","to:address proof:{""vec"":{""element_type"":{""bytes_n"":{""n"":32}}}}","u32","1"
"24640750cd5ee593c1dcf32833b8f46d32bdba01b29ec2dd9d3e5098b870b60a","public_mint_active","","bool","1"
"24640750cd5ee593c1dcf32833b8f46d32bdba01b29ec2dd9d3e5098b870b60a","set_public_mint_active","active:bool","","1"
"246dc90ed569c53f4125d3b0fd1994cab70b871fbc27675a68d2ef6ef9efd19a","mint","to:address amount:i128","","0"
"247e84746238f5ba5c4c164bca2c5de41c06d7012a4fb86e762251556df87e19","mint","to:address amount:i128","","0"
"252d8c8160e4205652a28bf68fdc49cceb810825bd63df3c6d75f83716c0f72c","total_minted","","u32","0"
"257b603c6fc6798985cfb5541a2e03559e81461efd13f6e3816f817607f18b19","mint","account:address amount:i128","","0"
"2581ebe02dff2ead81f16def83241579859f01d2fa575a329ab4425a126f4091","total_minted","","u32","1"
"25e310b6e60a61af53a6d2fdcdde42608ae73bdbda4ef4dd6e419e3fea02e22d","mint_from","caller:address account:address amount:i128","","3"
"25f9a46c125b47c837fe22ca6873d3c628dba4a17619abaa969b6299f8ecb87f","mint","try_stage_index:u32 recipient:address quantity:u32","{""vec"":{""element_type"":""u32""}}","3"
"25f9a46c125b47c837fe22ca6873d3c628dba4a17619abaa969b6299f8ecb87f","mint_to","recipient:address quantity:u32","{""vec"":{""element_type"":""u32""}}","3"
"25f9a46c125b47c837fe22ca6873d3c628dba4a17619abaa969b6299f8ecb87f","mint_for","tokens:{""vec"":{""element_type"":""u32""}} recipient:address","","3"
"25f9a46c125b47c837fe22ca6873d3c628dba4a17619abaa969b6299f8ecb87f","get_total_minted","minter:address","{""vec"":{""element_type"":""u32""}}","3"
"25f9a46c125b47c837fe22ca6873d3c628dba4a17619abaa969b6299f8ecb87f","get_mint_list","","{""vec"":{""element_type"":""u32""}}","3"
"265e727291adc3fc8566fc7abd55ffb0f311e0b3bd85896dfde27e78749c65fe","mint","to:address amount:i128 operator:address","","1"
"266208f82c5031327c9cb84b776d7c32f67584ffbea5e43cb0458cb89da86042","mint","user:address token_id:{""udt"":{""name"":""TokenId""}} card_level:u32 buy_currency:{""udt"":{""name"":""Currency""}}","","1"
"266208f82c5031327c9cb84b776d7c32f67584ffbea5e43cb0458cb89da86042","mint_terry","player:address amount:i128","","1"
"266208f82c5031327c9cb84b776d7c32f67584ffbea5e43cb0458cb89da86042","batch_mint_terry","to_addresses:{""vec"":{""element_type"":""address""}} amounts:{""vec"":{""element_type"":""i128""}}","","1"
"268f3e4e5114454cd4938921b97b26c478337c7858c0b566f3031cebfbe9d075","mint","to:address amount:i128","","1"
"268f3e4e5114454cd4938921b97b26c478337c7858c0b566f3031cebfbe9d075","minter","","address","1"
"268f3e4e5114454cd4938921b97b26c478337c7858c0b566f3031cebfbe9d075","set_minter","new_minter:address","","1"
"26a4462af2bee182fe4726bb9f13b9c30a19d7e257fa7fbabe74f4d560e45ad1","mint","minter:address to:address","u32","1"
"26a4462af2bee182fe4726bb9f13b9c30a19d7e257fa7fbabe74f4d560e45ad1","is_minter","account:address","bool","1"
"26a4462af2bee182fe4726bb9f13b9c30a19d7e257fa7fbabe74f4d560e45ad1","batch_mint","minter:address to:address count:u32","{""vec"":{""element_type"":""u32""}}","1"
"26a4462af2bee182fe4726bb9f13b9c30a19d7e257fa7fbabe74f4d560e45ad1","public_mint","to:address uri:string","u32","1"
"26a4462af2bee182fe4726bb9f13b9c30a19d7e257fa7fbabe74f4d560e45ad1","grant_minter","account:address","","1"
"26a4462af2bee182fe4726bb9f13b9c30a19d7e257fa7fbabe74f4d560e45ad1","mint_with_id","minter:address to:address token_id:u32","u32","1"
"26a4462af2bee182fe4726bb9f13b9c30a19d7e257fa7fbabe74f4d560e45ad1","revoke_minter","account:address","","1"
"26a4462af2bee182fe4726bb9f13b9c30a19d7e257fa7fbabe74f4d560e45ad1","mint_soulbound","minter:address to:address","u32","1"
"26a4462af2bee182fe4726bb9f13b9c30a19d7e257fa7fbabe74f4d560e45ad1","set_mint_config","payment_token:address price:i128 price_soulbound:i128 treasury:address yield_router:address","","1"
"26a4462af2bee182fe4726bb9f13b9c30a19d7e257fa7fbabe74f4d560e45ad1","mint_with_royalty","minter:address to:address royalty_receiver:address royalty_bps:u32","u32","1"
"26a4462af2bee182fe4726bb9f13b9c30a19d7e257fa7fbabe74f4d560e45ad1","public_mint_soulbound","to:address uri:string","u32","1"
"26dd8e49ecb6ce2fc4a148c4a7ef2b0ee9ebdc850fb0410ed58a24d9ddc5d834","mint","operator:address to:address amount:i128 reference_id:{""bytes_n"":{""n"":32}}","","4"
"26dd8e49ecb6ce2fc4a148c4a7ef2b0ee9ebdc850fb0410ed58a24d9ddc5d834","is_minter","worker:address","bool","4"
"26dd8e49ecb6ce2fc4a148c4a7ef2b0ee9ebdc850fb0410ed58a24d9ddc5d834","grant_minter_role","admin:address worker:address","","4"
"26dd8e49ecb6ce2fc4a148c4a7ef2b0ee9ebdc850fb0410ed58a24d9ddc5d834","revoke_minter_role","admin:address worker:address","","4"
"26dd8e49ecb6ce2fc4a148c4a7ef2b0ee9ebdc850fb0410ed58a24d9ddc5d834","grant_mint_burn_roles","admin:address worker:address","","4"
"26dd8e49ecb6ce2fc4a148c4a7ef2b0ee9ebdc850fb0410ed58a24d9ddc5d834","revoke_mint_burn_roles","admin:address worker:address","","4"
"26f71e210a0bc650caed1cf60a1b96a8e96a88a682b35de2c661adcf56c43f44","mint_from","caller:address account:address amount_shares:i128","","6"
"277391ddaaf81688d26387ecf1d293afb3e03d7f36400194d97a6c755b979e5f","mint","sender:address to:address id:u64 amount:u64","{""result"":{""ok_type"":{""tuple"":{""value_types"":[]}},""error_type"":{""udt"":{""name"":""ContractError""}}}}","2"
"277391ddaaf81688d26387ecf1d293afb3e03d7f36400194d97a6c755b979e5f","mint_batch","sender:address to:address ids:{""vec"":{""element_type"":""u64""}} amounts:{""vec"":{""element_type"":""u64""}}","{""result"":{""ok_type"":{""tuple"":{""value_types"":[]}},""error_type"":{""udt"":{""name"":""ContractError""}}}}","2"
"2916599bb56355538ad993dc5e739c5f177be994b52915fb2f506a9e3871c0ce","mint","to:address","u32","3"
"2916599bb56355538ad993dc5e739c5f177be994b52915fb2f506a9e3871c0ce","mint_credential","to:address meta:{""udt"":{""name"":""CredentialMetadata""}}","u32","3"
"295aafdaee65cb1de20e3edd9394cc2cd3f74654a24087b34c15ab9e89b6f226","mint_from","caller:address account:address amount:i128","","0"
"297bfc31bc4ecab26f27b194e17fa440f0f1cae4c68f36914679ed4f861ce0f3","mint","owner:address token_id:u32 token_uri:string","","1"
"297bfc31bc4ecab26f27b194e17fa440f0f1cae4c68f36914679ed4f861ce0f3","bulk_mint","owner:address tokens:{""vec"":{""element_type"":{""tuple"":{""value_types"":[""u32"",""string""]}}}}","","1"
"29bdadaadbf0dbb20ff788aba9b70ac67a457f6b621bb17e94c2305a33586e3f","mint","to:address amount:i128","{""result"":{""ok_type"":{""tuple"":{""value_types"":[]}},""error_type"":{""udt"":{""name"":""TokenError""}}}}","8"
"29bdadaadbf0dbb20ff788aba9b70ac67a457f6b621bb17e94c2305a33586e3f","mint_scaled","caller:address on_behalf_of:address amount:u128 index:u128","{""result"":{""ok_type"":{""tuple"":{""value_types"":[""bool"",""i128"",""i128""]}},""error_type"":{""udt"":{""name"":""TokenError""}}}}","8"
"29d91418f16b9c27177390540a0bd860c1de762958bb4c3eeae608ff045588e0","mint","to:address amount:i128","","3"
"2a4b9e2a5b325b5f7dc440b28df35c360795e85e034a02b758f3259f9fedfc61","mint","to:address","u32","1"
"2a4b9e2a5b325b5f7dc440b28df35c360795e85e034a02b758f3259f9fedfc61","mint_batch","to:address count:u32","u32","1"
"2a4b9e2a5b325b5f7dc440b28df35c360795e85e034a02b758f3259f9fedfc61","public_mint","to:address","u32","1"
"2a4b9e2a5b325b5f7dc440b28df35c360795e85e034a02b758f3259f9fedfc61","total_minted","","u32","1"
"2a4b9e2a5b325b5f7dc440b28df35c360795e85e034a02b758f3259f9fedfc61","whitelist_mint","to:address proof:{""vec"":{""element_type"":{""bytes_n"":{""n"":32}}}}","u32","1"
"2a4b9e2a5b325b5f7dc440b28df35c360795e85e034a02b758f3259f9fedfc61","public_mint_active","","bool","1"
"2a4b9e2a5b325b5f7dc440b28df35c360795e85e034a02b758f3259f9fedfc61","set_public_mint_active","active:bool","","1"
"2a581acfd0bc2a2cbd0abc56d9f9bd254260b368340478d611922f4f03ae270c","mint","to:address amount:i128","","1"
"2a581acfd0bc2a2cbd0abc56d9f9bd254260b368340478d611922f4f03ae270c","mint_governed","caller:address to:address amount:i128","","1"
"2a7c7120c63b809a8b59e91dcbc493f3501831ba4d45c549cabdb25b50f78dc3","mint","user:address token_id:{""udt"":{""name"":""TokenId""}} card_level:u32 buy_currency:{""udt"":{""name"":""Currency""}}","","1"
"2a7c7120c63b809a8b59e91dcbc493f3501831ba4d45c549cabdb25b50f78dc3","mint_terry","player:address amount:i128","","1"
"2a7c7120c63b809a8b59e91dcbc493f3501831ba4d45c549cabdb25b50f78dc3","batch_mint_terry","to_addresses:{""vec"":{""element_type"":""address""}} amounts:{""vec"":{""element_type"":""i128""}}","","1"
"2b248593dd244d6aa86798f164a81c13e4e2a4a9c12761aa1ebd6ddb7e5228f9","mint","minter:address to:address","u32","1"
"2b248593dd244d6aa86798f164a81c13e4e2a4a9c12761aa1ebd6ddb7e5228f9","is_minter","account:address","bool","1"
"2b248593dd244d6aa86798f164a81c13e4e2a4a9c12761aa1ebd6ddb7e5228f9","batch_mint","minter:address to:address count:u32","{""vec"":{""element_type"":""u32""}}","1"
"2b248593dd244d6aa86798f164a81c13e4e2a4a9c12761aa1ebd6ddb7e5228f9","public_mint","to:address uri:string","u32","1"
"2b248593dd244d6aa86798f164a81c13e4e2a4a9c12761aa1ebd6ddb7e5228f9","grant_minter","account:address","","1"
"2b248593dd244d6aa86798f164a81c13e4e2a4a9c12761aa1ebd6ddb7e5228f9","mint_with_id","minter:address to:address token_id:u32","u32","1"
"2b248593dd244d6aa86798f164a81c13e4e2a4a9c12761aa1ebd6ddb7e5228f9","revoke_minter","account:address","","1"
"2b248593dd244d6aa86798f164a81c13e4e2a4a9c12761aa1ebd6ddb7e5228f9","mint_soulbound","minter:address to:address","u32","1"
"2b248593dd244d6aa86798f164a81c13e4e2a4a9c12761aa1ebd6ddb7e5228f9","public_mint_v2","to:address uri:string is_standard:bool is_soulbound:bool swaps_chain:{""vec"":{""element_type"":{""tuple"":{""value_types"":[{""vec"":{""element_type"":""address""}},{""bytes_n"":{""n"":32}},""address""]}}}} tier:u32 expected_aqua_amount:i128","u32","1"
"2b248593dd244d6aa86798f164a81c13e4e2a4a9c12761aa1ebd6ddb7e5228f9","set_mint_config","payment_token:address price:i128 price_soulbound:i128 treasury:address yield_router:address","","1"
"2b248593dd244d6aa86798f164a81c13e4e2a4a9c12761aa1ebd6ddb7e5228f9","mint_with_royalty","minter:address to:address royalty_receiver:address royalty_bps:u32","u32","1"
"2b248593dd244d6aa86798f164a81c13e4e2a4a9c12761aa1ebd6ddb7e5228f9","set_mint_config_v2","payment_token:address price_pfp:i128 price_standard:i128 price_soulbound_addon:i128 price_royalty_addon:i128 treasury:address yield_router:address","","1"
"2b248593dd244d6aa86798f164a81c13e4e2a4a9c12761aa1ebd6ddb7e5228f9","set_mint_config_v3","payment_token:address price_pfp_tiers:{""vec"":{""element_type"":""i128""}} price_standard_tiers:{""vec"":{""element_type"":""i128""}} price_soulbound_addon:i128 price_royalty_addon:i128 treasury:address yield_router:address","","1"
"2b248593dd244d6aa86798f164a81c13e4e2a4a9c12761aa1ebd6ddb7e5228f9","public_mint_soulbound","to:address uri:string","u32","1"
"2b248593dd244d6aa86798f164a81c13e4e2a4a9c12761aa1ebd6ddb7e5228f9","public_mint_with_royalty","to:address uri:string royalty_receiver:address royalty_bps:u32","u32","1"
"2b248593dd244d6aa86798f164a81c13e4e2a4a9c12761aa1ebd6ddb7e5228f9","public_mint_with_royalty_v2","to:address uri:string is_standard:bool royalty_receiver:address royalty_bps:u32 swaps_chain:{""vec"":{""element_type"":{""tuple"":{""value_types"":[{""vec"":{""element_type"":""address""}},{""bytes_n"":{""n"":32}},""address""]}}}} tier:u32 expected_aqua_amount:i128","u32","1"
"2bd0eeb781b2f570671aa980a1cd72b8b584f7420cade4706d3088a7f3e4a1fb","mint_reward","_caller:address to:address difficulty:i128","i128","1"
"2bd0eeb781b2f570671aa980a1cd72b8b584f7420cade4706d3088a7f3e4a1fb","admin_mint","_caller:address account:address amount:i128","","1"
"2c176e0cce409c3e08e84b8d6e6890f3ba5036fa84a95a77be69238e14f0d604","mint","account:address amount:i128 caller:address","","1"
"2c443d0da4440a17519d5972d8cf182449c225ae8d0de0223035cf8ffde7d987","public_mint","to:address uri:string","u32","1"
"2c443d0da4440a17519d5972d8cf182449c225ae8d0de0223035cf8ffde7d987","total_minted","","u32","1"
"2c443d0da4440a17519d5972d8cf182449c225ae8d0de0223035cf8ffde7d987","public_mint_soulbound","to:address uri:string","u32","1"
"2ca338e04b72469e956a116a5d271b3de4f900bcb8228039473f7302bae3aa76","mint_from","caller:address account:address amount:i128","","1"
"2ca338e04b72469e956a116a5d271b3de4f900bcb8228039473f7302bae3aa76","mint","account:address amount:i128","","1"
"2d366bf7d9e7cdd60dac172eed8f460d4a1dc38f945a80a37d669e23f15faf05","total_minted","","u32","0"
"2e0f2b25ccffdf088617b92f4967fe816009e5d383f8bbb66e19ac3631e4dc7e","mint","to:address amount:i128","","1"
"2e8c87f0cf923ad0a9798db9ec64cc53286c1c95a196802d1c922fbd527ed6eb","mint","to:address caller:address","","1"
"2e8c87f0cf923ad0a9798db9ec64cc53286c1c95a196802d1c922fbd527ed6eb","set_minter","new_minter:address caller:address","","1"
"2ed4328b5ad24a6a829c1d1d6654349f5bd88bf69fc3ea07b9034b18797e1866","mint","to:address amount:i128","","1"
"2ee4f4297cdddb9369089963be89b63060760e15c1ca984aec85729495b4ed95","mint","to:address amount:i128","","1"
"2f91a70d1a90673e280644e0489923858d135dab330fb5ef8e32e64029ecabdd","mint_to","receiver:address amount:i128 nonce:u64","bool","1"
"2f91a70d1a90673e280644e0489923858d135dab330fb5ef8e32e64029ecabdd","mint_budget","","i128","1"
"2f91a70d1a90673e280644e0489923858d135dab330fb5ef8e32e64029ecabdd","mint_request_et","req:{""bytes_n"":{""n"":32}}","{""option"":{""value_type"":""u64""}}","1"
"2f91a70d1a90673e280644e0489923858d135dab330fb5ef8e32e64029ecabdd","change_mint_budget","delta:i128","","1"
"2f91a70d1a90673e280644e0489923858d135dab330fb5ef8e32e64029ecabdd","revoke_mint_request","req:{""bytes_n"":{""n"":32}}","","1"
"2fd3a8d9f27ecf000641e7e6380df6a3a4f5fdc472cef912c53fd76dc80d68dd","mint_to_treasury","amount:i128 ref_hash:{""bytes_n"":{""n"":32}}","","1"
"304d156847955422d8bc09519038d30c76512cbe7c8c20a51b41c2ef833d2b8a","mint","to:address amount:i128","","4"
"30e7508d1efbe178b8d3042c8f47f9c95a0a8bff8282f66d4cdbba5dad43600e","mint","order:string payment:string payer:string amount:i128 fee:i128","{""result"":{""ok_type"":{""tuple"":{""value_types"":[]}},""error_type"":""error""}}","1"
"31656b8b150e97d3a8dd1cc333f9156eba77267aeb20ac6dc375f49411652995","mint","minter:address to:address","u32","2"
"31656b8b150e97d3a8dd1cc333f9156eba77267aeb20ac6dc375f49411652995","is_minter","account:address","bool","2"
"31656b8b150e97d3a8dd1cc333f9156eba77267aeb20ac6dc375f49411652995","batch_mint","minter:address to:address count:u32","{""vec"":{""element_type"":""u32""}}","2"
"31656b8b150e97d3a8dd1cc333f9156eba77267aeb20ac6dc375f49411652995","grant_minter","account:address","","2"
"31656b8b150e97d3a8dd1cc333f9156eba77267aeb20ac6dc375f49411652995","mint_with_id","minter:address to:address token_id:u32","u32","2"
"31656b8b150e97d3a8dd1cc333f9156eba77267aeb20ac6dc375f49411652995","revoke_minter","account:address","","2"
"31656b8b150e97d3a8dd1cc333f9156eba77267aeb20ac6dc375f49411652995","mint_soulbound","minter:address to:address","u32","2"
"31656b8b150e97d3a8dd1cc333f9156eba77267aeb20ac6dc375f49411652995","mint_with_royalty","minter:address to:address royalty_receiver:address royalty_bps:u32","u32","2"
"31689fddf77002ba1507c865b98878b34674ba09ded1dcbae2eee3607c18b946","initialize_minter","minter:address","","2"
"31689fddf77002ba1507c865b98878b34674ba09ded1dcbae2eee3607c18b946","minter","","address","2"
"31689fddf77002ba1507c865b98878b34674ba09ded1dcbae2eee3607c18b946","mint","to:address amount:i128","","2"
"3194f6415c1596e2bad58bbb9daa011003624738cbc58c878468d0ec856d45a7","mint","shares:i128 receiver:address from:address operator:address","i128","1"
"3194f6415c1596e2bad58bbb9daa011003624738cbc58c878468d0ec856d45a7","max_mint","receiver:address","i128","1"
"3194f6415c1596e2bad58bbb9daa011003624738cbc58c878468d0ec856d45a7","preview_mint","shares:i128","i128","1"
"31b4e7b0e96544c52431502238b18e9c5af3975ac6297f577413fb366e1b9e5c","mint","to:address amount:i128","","0"
"32507ca48ace092bb9522c88473f47f87ee840870f6892e579200f478b07b975","mint","to:address","u32","1"
"32507ca48ace092bb9522c88473f47f87ee840870f6892e579200f478b07b975","mint_batch","to:address count:u32","u32","1"
"32507ca48ace092bb9522c88473f47f87ee840870f6892e579200f478b07b975","public_mint","to:address","u32","1"
"32507ca48ace092bb9522c88473f47f87ee840870f6892e579200f478b07b975","total_minted","","u32","1"
"32507ca48ace092bb9522c88473f47f87ee840870f6892e579200f478b07b975","set_public_mint","active:bool","","1"
"32507ca48ace092bb9522c88473f47f87ee840870f6892e579200f478b07b975","public_mint_active","","bool","1"
"327b8bfc2e1d14359e7ab59fa493565baf4c51f594d405302d4554766c78fccd","advance_mint","operator:address","u32","2"
"32800492f7504ea0a9e39d10db20c8c81f3368c7b81c858c7a476a890317f1ab","mint","to:address amount:i128","","0"
"32a625c44c7ef2bc067059c2e6e233eb7655e29b47e02830ea80cefb16dd3bac","mint_to","receiver:address amount:i128 nonce:u64","bool","1"
"32a625c44c7ef2bc067059c2e6e233eb7655e29b47e02830ea80cefb16dd3bac","mint_budget","","i128","1"
"32a625c44c7ef2bc067059c2e6e233eb7655e29b47e02830ea80cefb16dd3bac","mint_request_et","req:{""bytes_n"":{""n"":32}}","{""option"":{""value_type"":""u64""}}","1"
"32a625c44c7ef2bc067059c2e6e233eb7655e29b47e02830ea80cefb16dd3bac","change_mint_budget","delta:i128","","1"
"32a625c44c7ef2bc067059c2e6e233eb7655e29b47e02830ea80cefb16dd3bac","revoke_mint_request","req:{""bytes_n"":{""n"":32}}","","1"
"3307f4957aba9ea2c8b2bae81df6eb27c3b8fedef394bbdcf49d3549dac8c6b0","mint","owner:address token_uri:string","","1"
"3307f4957aba9ea2c8b2bae81df6eb27c3b8fedef394bbdcf49d3549dac8c6b0","bulk_mint","owner:address token_uris:{""vec"":{""element_type"":""string""}}","","1"
"3307f4957aba9ea2c8b2bae81df6eb27c3b8fedef394bbdcf49d3549dac8c6b0","get_all_minted_tokens","start_after:u32 limit:u32","{""vec"":{""element_type"":{""tuple"":{""value_types"":[""u32"",""string"",""address""]}}}}","1"
"33b21675e80df0ca70dd9f60370349c687820e8a9d72afe9648a38d12fa902fa","mint","sender:address to:address id:u64 amount:u64","{""result"":{""ok_type"":""void"",""error_type"":{""udt"":{""name"":""ContractError""}}}}","1"
"33b21675e80df0ca70dd9f60370349c687820e8a9d72afe9648a38d12fa902fa","mint_batch","sender:address to:address ids:{""vec"":{""element_type"":""u64""}} amounts:{""vec"":{""element_type"":""u64""}}","{""result"":{""ok_type"":""void"",""error_type"":{""udt"":{""name"":""ContractError""}}}}","1"
"33d309b1be08dc66f358979e48b1051a916e2952f529d0f42eae9d22e304d0e6","mint","payer:address to:address uri:string is_pfp:bool is_soulbound:bool","u32","1"
"33d309b1be08dc66f358979e48b1051a916e2952f529d0f42eae9d22e304d0e6","public_mint","to:address uri:string","u32","1"
"33d309b1be08dc66f358979e48b1051a916e2952f529d0f42eae9d22e304d0e6","total_minted","","u32","1"
"33d309b1be08dc66f358979e48b1051a916e2952f529d0f42eae9d22e304d0e6","public_mint_soulbound","to:address uri:string","u32","1"
"33e28da428cceaed68e7723f79c10ff74d6e5e9d20d2a8e3c5834b751339f25a","mint_interest","recipient:address amount:i128 distribution_id:string","{""result"":{""ok_type"":""void"",""error_type"":""error""}}","1"
"33e28da428cceaed68e7723f79c10ff74d6e5e9d20d2a8e3c5834b751339f25a","mint_with_receipt","recipient:address amount:i128 asset:string chain:string tx_id:string","{""result"":{""ok_type"":""void"",""error_type"":""error""}}","1"
"3535a4047f1e98ddb2ce8156ae21b4d3cb8c47adc3901d52aad7935a4e261bfd","total_minted","","u32","1"
"353f6c53acb55091f9fa3cf3c68ac04970334ee5cb930415ec1be446dac5c250","start_mint","dev:address token_info:string token_contract:address","","1"
"353f6c53acb55091f9fa3cf3c68ac04970334ee5cb930415ec1be446dac5c250","mint","user:address token_contract:address amount:i128","","1"
"353f6c53acb55091f9fa3cf3c68ac04970334ee5cb930415ec1be446dac5c250","claim_mint_reward","token_contract:address","","1"
"353f6c53acb55091f9fa3cf3c68ac04970334ee5cb930415ec1be446dac5c250","get_mint_info","token_contract:address","{""udt"":{""name"":""Mint""}}","1"
"36569aa188be6573d60a3c3e2ebf61d4dfb9790b08d8607af4c09108b73007bd","mint","to:address amount:i128","","2"
"3663097cf90bd655a1fbfb444c33b2aa643489bee61c1918df60c80c2ef365b7","fake_mint","to:address asset:string amount:i128","","1"
"372e2e6c213396ddf1780f23ece3619e5129f14616183fd11b997c196bd8c7cf","mint","shares:i128 receiver:address from:address operator:address","i128","0"
"372e2e6c213396ddf1780f23ece3619e5129f14616183fd11b997c196bd8c7cf","max_mint","receiver:address","i128","0"
"372e2e6c213396ddf1780f23ece3619e5129f14616183fd11b997c196bd8c7cf","preview_mint","shares:i128","i128","0"
"375cf9bbaaf1686bcf3a272e932abcbf508245065748559c855c3ace7235a32e","mint","to:address amount:i128","","5"
"37a9c465578642fc185b3e6340278014b532110cb4b8eec6cbe5aba64350b1f3","mint","minter:address to:address","u32","1"
"37a9c465578642fc185b3e6340278014b532110cb4b8eec6cbe5aba64350b1f3","is_minter","account:address","bool","1"
"37a9c465578642fc185b3e6340278014b532110cb4b8eec6cbe5aba64350b1f3","batch_mint","minter:address to:address count:u32","{""vec"":{""element_type"":""u32""}}","1"
"37a9c465578642fc185b3e6340278014b532110cb4b8eec6cbe5aba64350b1f3","public_mint","to:address uri:string","u32","1"
"37a9c465578642fc185b3e6340278014b532110cb4b8eec6cbe5aba64350b1f3","grant_minter","account:address","","1"
"37a9c465578642fc185b3e6340278014b532110cb4b8eec6cbe5aba64350b1f3","mint_with_id","minter:address to:address token_id:u32","u32","1"
"37a9c465578642fc185b3e6340278014b532110cb4b8eec6cbe5aba64350b1f3","revoke_minter","account:address","","1"
"37a9c465578642fc185b3e6340278014b532110cb4b8eec6cbe5aba64350b1f3","mint_soulbound","minter:address to:address","u32","1"
"37a9c465578642fc185b3e6340278014b532110cb4b8eec6cbe5aba64350b1f3","set_mint_config","payment_token:address price:i128 price_soulbound:i128 treasury:address yield_router:address","","1"
"37a9c465578642fc185b3e6340278014b532110cb4b8eec6cbe5aba64350b1f3","mint_with_royalty","minter:address to:address royalty_receiver:address royalty_bps:u32","u32","1"
"37a9c465578642fc185b3e6340278014b532110cb4b8eec6cbe5aba64350b1f3","public_mint_soulbound","to:address uri:string","u32","1"
"37a9c465578642fc185b3e6340278014b532110cb4b8eec6cbe5aba64350b1f3","public_mint_with_royalty","to:address uri:string royalty_receiver:address royalty_bps:u32","u32","1"
"3853642da97674eec2460ce49911f731e75a6c796392b65e70be8a53aaea9cdd","mint_badge","player:address badge:symbol","bool","1"
"38b3b960415fc94d1aa96e29bed2ff8c0bc4267e4c75114074225a0c09cbf347","mint","to:address amount:i128","","1"
"39795312f1bb92c65510465c7b48731dceabc513c89ee16930da0b9b2cf1b46c","mint","to:address","u32","0"
"39c1e2dd39980dcb1171c40e347b8a3092307a39368cb49c908c1ab06cd23406","mint","to:address","u32","1"
"39c1e2dd39980dcb1171c40e347b8a3092307a39368cb49c908c1ab06cd23406","mint_batch","to:address count:u32","u32","1"
"39c1e2dd39980dcb1171c40e347b8a3092307a39368cb49c908c1ab06cd23406","public_mint","to:address","u32","1"
"39c1e2dd39980dcb1171c40e347b8a3092307a39368cb49c908c1ab06cd23406","mint_with_id","to:address id:u32","","1"
"39c1e2dd39980dcb1171c40e347b8a3092307a39368cb49c908c1ab06cd23406","total_minted","","u32","1"
"39c1e2dd39980dcb1171c40e347b8a3092307a39368cb49c908c1ab06cd23406","whitelist_mint","to:address proof:{""vec"":{""element_type"":{""bytes_n"":{""n"":32}}}}","u32","1"
"39c1e2dd39980dcb1171c40e347b8a3092307a39368cb49c908c1ab06cd23406","public_mint_active","","bool","1"
"39c1e2dd39980dcb1171c40e347b8a3092307a39368cb49c908c1ab06cd23406","set_public_mint_active","active:bool","","1"
"39f1e78e3ba94e98344cb1bb23afa3176657156511d1c8e2d06c26310439e0aa","mint","user:address asset:symbol tokens_to_mint:u128","u128","1"
"3a0128950bf931b7d0668bd4f7fca9a1823311f108ac409c97df0180a7aab6fe","mint_fee_bps","","u32","0"
"3a0128950bf931b7d0668bd4f7fca9a1823311f108ac409c97df0180a7aab6fe","set_mint_fee","admin:address fee_bps:u32","{""result"":{""ok_type"":""void"",""error_type"":""error""}}","0"
"3a344136c420be23ecad963f1ce9a2af4270bf934850c9b1636df6802faab11c","mint_fee_bps","","u32","0"
"3a344136c420be23ecad963f1ce9a2af4270bf934850c9b1636df6802faab11c","set_mint_fee","admin:address fee_bps:u32","{""result"":{""ok_type"":""void"",""error_type"":""error""}}","0"
"3b046d031d798a1068bc357892c61a678e1fb4125c3600b997bcf4752c35f25e","mint_terry","player:address amount:i128","","1"
"3b046d031d798a1068bc357892c61a678e1fb4125c3600b997bcf4752c35f25e","batch_mint_terry","to_addresses:{""vec"":{""element_type"":""address""}} amounts:{""vec"":{""element_type"":""i128""}}","","1"
"3b046d031d798a1068bc357892c61a678e1fb4125c3600b997bcf4752c35f25e","mint","user:address token_id:{""udt"":{""name"":""TokenId""}} card_level:u32 buy_currency:{""udt"":{""name"":""Currency""}}","","1"
"3b13dc688381c17aef9c2dcff38a4ff7afd9372518dd1c6494308941d880b62a","mint_from","caller:address account:address amount:i128","","1"
"3b13dc688381c17aef9c2dcff38a4ff7afd9372518dd1c6494308941d880b62a","mint","account:address amount:i128","","1"
"3b361e654ad5274321a76b75cb7c509f7ffd1b4d3236ec32e0af052ccddb8fe0","mint","to:address amount:i128","","0"
"3b3cb809aea79cdd43fde50ca25f15289d0a8e66122d2a774ae5ed92421e2045","batch_mint","to:address amount:u32","u32","0"
"3bb76e3c5849a8d09bb080583d25a4882667bf0a83bee391e0ce969ab6d852e9","mint","to:address amount:i128","","2"
"3bd05dfa2bf65299d359e86a4672a45900e8c5768d9f056ad8da5ccd779bcd12","mint","shares:i128 receiver:address from:address operator:address","i128","1"
"3bd05dfa2bf65299d359e86a4672a45900e8c5768d9f056ad8da5ccd779bcd12","max_mint","receiver:address","i128","1"
"3bd05dfa2bf65299d359e86a4672a45900e8c5768d9f056ad8da5ccd779bcd12","preview_mint","shares:i128","i128","1"
"3bd9aa86a2349ef11d3279e347064dad6f22822b5872b3d6715edc3d9c01759b","mint","to:address amount:i128","","1"
"3bd9aa86a2349ef11d3279e347064dad6f22822b5872b3d6715edc3d9c01759b","minter","","address","1"
"3bd9aa86a2349ef11d3279e347064dad6f22822b5872b3d6715edc3d9c01759b","set_minter","new_minter:address","","1"
"3bfa341dcf6be3190838965cf0045b4bae2a21a777ff63c91b5a9240bc4e38bb","mint","to:address amount:i128","","3"
"3c531bc7dc6db9f421104a002d0314771c29f67f178e34407617318fd1cdde77","set_minter","minter:{""option"":{""value_type"":""address""}}","","1"
"3c531bc7dc6db9f421104a002d0314771c29f67f178e34407617318fd1cdde77","mint","to:address amount:i128 operator:address","","1"
"3c531bc7dc6db9f421104a002d0314771c29f67f178e34407617318fd1cdde77","minter","","{""option"":{""value_type"":""address""}}","1"
"3ccb31cbcf126f4f1452a45445385f64c01a20686b2bb02f8ab1fc0e3ef6efdd","mint","to:address amount:i128","","0"
"3d5bdfc11bc3a2602d18c9863471e7c9260534de95b9f5f488dc1dcdbdd6cdb7","confirm_mint","request_id:u64","bool","1"
"3d5bdfc11bc3a2602d18c9863471e7c9260534de95b9f5f488dc1dcdbdd6cdb7","get_mint_issuer","","address","1"
"3d5bdfc11bc3a2602d18c9863471e7c9260534de95b9f5f488dc1dcdbdd6cdb7","set_mint_issuer","issuer:address","address","1"
"3d5bdfc11bc3a2602d18c9863471e7c9260534de95b9f5f488dc1dcdbdd6cdb7","get_pending_mints","","{""vec"":{""element_type"":{""udt"":{""name"":""PendingMint""}}}}","1"
"3d5bdfc11bc3a2602d18c9863471e7c9260534de95b9f5f488dc1dcdbdd6cdb7","cancel_mint_request","request_id:u64","bool","1"
"3d5bdfc11bc3a2602d18c9863471e7c9260534de95b9f5f488dc1dcdbdd6cdb7","submit_mint_request","user:address claimable_balance_id:string usdc_amount:i128 fiat_token:string fiat_issuer:address rates_payload:{""udt"":{""name"":""RatesPayload""}} loyalty_payload:{""udt"":{""name"":""LoyaltyPayload""}}","u64","1"
"3d5bdfc11bc3a2602d18c9863471e7c9260534de95b9f5f488dc1dcdbdd6cdb7","get_pending_mints_by_id","request_id:u64","{""vec"":{""element_type"":{""udt"":{""name"":""PendingMint""}}}}","1"
"3d5bdfc11bc3a2602d18c9863471e7c9260534de95b9f5f488dc1dcdbdd6cdb7","get_pending_mints_by_user","user:address","{""vec"":{""element_type"":{""udt"":{""name"":""PendingMint""}}}}","1"
"3dad79585c6bef820984c18c7465454a2e1113a686e787a0b6ed1b562fb1e20e","mint","to:address amount:i128","","0"
"3e44006fa7750ef252ab0ffdb5150fc82caf3d9d7c82d69e1b91600f64b7834b","mint_from","caller:address account:address amount:i128","","0"
"3e467f7591b214c28db6407ae0f38d67fb64a15d0588e25f59f603a54bb30267","mint","to:address amount:i128","","1"
"3edff485bf3f4f7cf1cdc2640bf594b9037dfa984a6b398283369af90d3bec91","mint","to:address amount:i128","","1"
"3eec53e4ef27ecb084ea37eba9163ff3a9c58579f256c47eda3b33638d68c648","mint","to:address amount:i128","","6"
"3f42cfc31109f0a7db35129c19933cc858e317d359adbd2bb6d9b8ebd563e21e","mint","to:address amount:i128","","45"
"3f573f5a168aa7069ce189b56a361c5556adbee57073b21121bbb5174460a7dd","mint","shares:i128 receiver:address from:address operator:address","{""tuple"":{""value_types"":[""i128"",""i128""]}}","0"
"3f573f5a168aa7069ce189b56a361c5556adbee57073b21121bbb5174460a7dd","max_mint","receiver:address","i128","0"
"3f573f5a168aa7069ce189b56a361c5556adbee57073b21121bbb5174460a7dd","preview_mint","shares:i128","{""tuple"":{""value_types"":[""i128"",""i128""]}}","0"
"3f7792e289df95d3199ed9db35a0cf2a5154aa64cd7298a8c441b7170230635b","mint_with_data","to:address token_id:u32 data:{""udt"":{""name"":""TokenData""}}","u32","5"
"3f7792e289df95d3199ed9db35a0cf2a5154aa64cd7298a8c441b7170230635b","mint","to:address token_id:u32","u32","5"
"3f7792e289df95d3199ed9db35a0cf2a5154aa64cd7298a8c441b7170230635b","bulk_mint_with_data","tokens:{""vec"":{""element_type"":{""tuple"":{""value_types"":[""address"",""u32"",{""udt"":{""name"":""TokenData""}}]}}}}","","5"
"403f145eb3addee2e25b331597b8c301d53eb0d32bae12e731ceb895c4501a1f","get_mint_token","","address","1"
"403f145eb3addee2e25b331597b8c301d53eb0d32bae12e731ceb895c4501a1f","set_mint_token","admin:address token_address:address","","1"
"403f145eb3addee2e25b331597b8c301d53eb0d32bae12e731ceb895c4501a1f","get_mint_binding_version","","u32","1"
"40740fff41c64737aa80a6b81341bc1ab1201624bf60f8ee801c93089ee42444","mint_from","from:address to:address amount:i128","","1"
"40740fff41c64737aa80a6b81341bc1ab1201624bf60f8ee801c93089ee42444","add_minter_by_manager","minter:address","","1"
"40740fff41c64737aa80a6b81341bc1ab1201624bf60f8ee801c93089ee42444","remove_minter_by_manager","minter:address","","1"
"40740fff41c64737aa80a6b81341bc1ab1201624bf60f8ee801c93089ee42444","get_minters","","{""vec"":{""element_type"":""address""}}","1"
"40740fff41c64737aa80a6b81341bc1ab1201624bf60f8ee801c93089ee42444","is_minter","address:address","bool","1"
"40740fff41c64737aa80a6b81341bc1ab1201624bf60f8ee801c93089ee42444","set_minter_manager","new_manager:address","","1"
"40740fff41c64737aa80a6b81341bc1ab1201624bf60f8ee801c93089ee42444","is_minter_manager","address:address","bool","1"
"40740fff41c64737aa80a6b81341bc1ab1201624bf60f8ee801c93089ee42444","get_minter_manager","","address","1"
"4098a4b7331bc965731333eb838649add4cf2fa786cf7d3c693dc4ad88111029","mint","account:address amount:i128 caller:address","","3"
"41663fe154af5bc18e8482c3569b4d983e4d7f11d0a4727da9fe3f72cf44c8ba","fake_mint","to:address asset:string amount:i128","","1"
"416704f4bce9a1a69d10b468deb0ed98944a6d21a5341663636b085df773c8a6","mint","to:address amount:i128","","0"
"41ae735d2312f50975f5b7c70c3f71c2a0785113014dc24e474c3f3688e6224f","mint","sender:address recipient:address tick_lower:i32 tick_upper:i32 amount:u128 hints:{""udt"":{""name"":""OracleHints""}}","{""result"":{""ok_type"":{""tuple"":{""value_types"":[""u128"",""u128""]}},""error_type"":""error""}}","1"
"423df6a1b908f9d0a7c3501f98e089a0753a8f9c01f338d0054717255e764514","mint","to:address amount:i128","","0"
"42478c7d30d929252171b277cd8dd9d2e91c3593546acae070eb615546d506ea","mint","shares:i128 receiver:address from:address operator:address","i128","1"
"42478c7d30d929252171b277cd8dd9d2e91c3593546acae070eb615546d506ea","max_mint","receiver:address","i128","1"
"42478c7d30d929252171b277cd8dd9d2e91c3593546acae070eb615546d506ea","preview_mint","shares:i128","i128","1"
"42478c7d30d929252171b277cd8dd9d2e91c3593546acae070eb615546d506ea","allowlist_mint","mint:address to:address amount:u64","{""result"":{""ok_type"":{""tuple"":{""value_types"":[]}},""error_type"":{""udt"":{""name"":""STokenAllowlistMintError""}}}}","1"
"42478c7d30d929252171b277cd8dd9d2e91c3593546acae070eb615546d506ea","min_shares_to_mint","","u64","1"
"42478c7d30d929252171b277cd8dd9d2e91c3593546acae070eb615546d506ea","accept_allowlist_mint","mint:address caller:address","{""result"":{""ok_type"":{""tuple"":{""value_types"":[]}},""error_type"":{""udt"":{""name"":""STokenAllowlistMintError""}}}}","1"
"42478c7d30d929252171b277cd8dd9d2e91c3593546acae070eb615546d506ea","cancel_allowlist_mint","mint:address caller:address","{""result"":{""ok_type"":{""tuple"":{""value_types"":[]}},""error_type"":{""udt"":{""name"":""STokenAllowlistMintError""}}}}","1"
"42549904d3f537404746b43460a560820f80acfdabb433e33cc63bdf8238ed4b","mint_fee","","i128","2"
"42549904d3f537404746b43460a560820f80acfdabb433e33cc63bdf8238ed4b","update_mint_fee","caller:address new_fee:u32","i128","2"
"42d722e07d9e3af69922854bdccd62a1221d64df18b984b972f69aae30355738","mint","to:address amount:i128","","1"
"42f39e2243c8cd5248cf3b35d91700dca1c88e490f2e821db74b0d37ebadd2f8","mint","to:address amount:i128","","4"
"43a1cd087115c76dc880b0e07e171298b4f55dfc333c03df1b06266cf229199c","mint","to:address amount:i128","","356"
"43c74d653dbc876ce95571b36b1e2d66939bba3cc7f27de7d793254569ecdca0","mint","to:address amount:i128","{""result"":{""ok_type"":""void"",""error_type"":{""udt"":{""name"":""TokenError""}}}}","11"
"43c74d653dbc876ce95571b36b1e2d66939bba3cc7f27de7d793254569ecdca0","mint_scaled","caller:address on_behalf_of:address amount:u128 index:u128","{""result"":{""ok_type"":{""tuple"":{""value_types"":[""bool"",""i128"",""i128""]}},""error_type"":{""udt"":{""name"":""TokenError""}}}}","11"
"43d2935437b3bf3c2fd6cfc5f8d179882e3451da4fb23990e8697c3cfb3cc18b","mint","user:address amount:u32","","4"
"43d2935437b3bf3c2fd6cfc5f8d179882e3451da4fb23990e8697c3cfb3cc18b","admin_mint","to:address amount:u32","","4"
"43d2935437b3bf3c2fd6cfc5f8d179882e3451da4fb23990e8697c3cfb3cc18b","get_min_nfts_to_mint","","u32","4"
"43f28ef9c36e5387396650beba57aa1f924acdb738f831565392e0952fa1204e","mint_additional_tokens","to:address amount:i128","","4"
"44647fcfe0b51bc742d79dbf8d7e68faf644194087d7b76c158cab5af0d0abfd","total_minted","","u32","0"
"44797e81951b6047c771a0716be2907b41680723084b113b9c17c42862bd2ba6","mint_deal_tokens","caller:address targets:{""vec"":{""element_type"":{""udt"":{""name"":""MintTarget""}}}}","i128","1"
"45d1d70275fd46fd3159559f17ddf8aca5ffa02841769fc9c67688926f58d23f","mint","shares:i128 receiver:address from:address operator:address","i128","1"
"45d1d70275fd46fd3159559f17ddf8aca5ffa02841769fc9c67688926f58d23f","max_mint","receiver:address","i128","1"
"45d1d70275fd46fd3159559f17ddf8aca5ffa02841769fc9c67688926f58d23f","preview_mint","shares:i128","i128","1"
"464c7cf3fb3cd426e700973c98ae63dee903e83d411491b691dad72c035dcd7d","mint","to:address amount:i128","","6"
"466e59f1477cd2cadb1e649d3bc09648f42f784ebc527f28566bc8d9c10ae785","mint_from","caller:address account:address amount:i128","","5"
"47d94f520bede00f21724a3fae31770142cef3567f8c0b1101abba1482363e89","mint","to:address","","2"
"4886d255b242530058b1311a0d7614e1068800db9acc899b100528d35ef8e167","funds_out_mint","address:address token_contract:address amount:u128 transaction_id:u64 source_chain:string source_address:string recipient:address","{""result"":{""ok_type"":{""tuple"":{""value_types"":[]}},""error_type"":{""udt"":{""name"":""BridgeError""}}}}","1"
"48b28121451497952c1c35d58d4556f315a5b468ccde9fcd03f510aefa07c117","mint","sender:address recipient:address tick_lower:i32 tick_upper:i32 amount:u128 hints:{""udt"":{""name"":""OracleHints""}}","{""result"":{""ok_type"":{""tuple"":{""value_types"":[""u128"",""u128""]}},""error_type"":""error""}}","54"
"494fe72239eb9c065cbe8d98368a0641d6ce7df78b230d6426a8fa1cb667f04b","mint","to:address amount:i128","{""result"":{""ok_type"":{""tuple"":{""value_types"":[]}},""error_type"":{""udt"":{""name"":""NovairePtError""}}}}","1"
"49fad116e89f3c11b96d36adbfd3d9d31c7d6ebda1982072bec868f8ef5d0abe","mint_credential","owner:address issuer:address credential_type:symbol claim_hash:string expires_at:u64","u64","1"
"4a4cd0c413a0dc57a4edcfa6c9395d3a8c87f6e0cda4d5cd8b9e6ccfe5c9165e","mint","to:address amount:i128","","0"
"4a60c9a0db6f7d374fc04fa565d7739eccad2e12afca657b94adbf718605104b","mint_to","receiver:address amount:i128 nonce:u64","bool","2"
"4a60c9a0db6f7d374fc04fa565d7739eccad2e12afca657b94adbf718605104b","mint_budget","","i128","2"
"4a60c9a0db6f7d374fc04fa565d7739eccad2e12afca657b94adbf718605104b","mint_request_et","req:{""bytes_n"":{""n"":32}}","{""option"":{""value_type"":""u64""}}","2"
"4a60c9a0db6f7d374fc04fa565d7739eccad2e12afca657b94adbf718605104b","change_mint_budget","delta:i128","","2"
"4a60c9a0db6f7d374fc04fa565d7739eccad2e12afca657b94adbf718605104b","revoke_mint_request","req:{""bytes_n"":{""n"":32}}","","2"
"4afc62dae512229e7050c29fc3f62d65e2a2dfa0a378a60e1e62ef3a0e2cd39b","mint","minter:address to:address amount:i128","{""result"":{""ok_type"":""void"",""error_type"":{""udt"":{""name"":""TokenError""}}}}","1"
"4afc62dae512229e7050c29fc3f62d65e2a2dfa0a378a60e1e62ef3a0e2cd39b","set_minter","minter:address","{""result"":{""ok_type"":""void"",""error_type"":{""udt"":{""name"":""TokenError""}}}}","1"
"4afc62dae512229e7050c29fc3f62d65e2a2dfa0a378a60e1e62ef3a0e2cd39b","remove_minter","minter:address","{""result"":{""ok_type"":""void"",""error_type"":{""udt"":{""name"":""TokenError""}}}}","1"
"4b3bc20a6416e57851e57f2145219c6cbf5f03b01a2800bdeb378413e16dcd83","mint","to:address","u32","1"
"4b3bc20a6416e57851e57f2145219c6cbf5f03b01a2800bdeb378413e16dcd83","mint_batch","to:address count:u32","u32","1"
"4b3bc20a6416e57851e57f2145219c6cbf5f03b01a2800bdeb378413e16dcd83","public_mint","to:address","u32","1"
"4b3bc20a6416e57851e57f2145219c6cbf5f03b01a2800bdeb378413e16dcd83","mint_with_id","to:address id:u32","","1"
"4b3bc20a6416e57851e57f2145219c6cbf5f03b01a2800bdeb378413e16dcd83","total_minted","","u32","1"
"4b3bc20a6416e57851e57f2145219c6cbf5f03b01a2800bdeb378413e16dcd83","whitelist_mint","to:address proof:{""vec"":{""element_type"":{""bytes_n"":{""n"":32}}}}","u32","1"
"4b3bc20a6416e57851e57f2145219c6cbf5f03b01a2800bdeb378413e16dcd83","public_mint_active","","bool","1"
"4b3bc20a6416e57851e57f2145219c6cbf5f03b01a2800bdeb378413e16dcd83","set_public_mint_active","active:bool","","1"
"4b3d9f6b09f7127b0ce81b0ce9d8428f3f960e4e3ce13c11c1cbb446cccc9e73","mint","shares:i128 receiver:address from:address operator:address","i128","3"
"4b3d9f6b09f7127b0ce81b0ce9d8428f3f960e4e3ce13c11c1cbb446cccc9e73","max_mint","receiver:address","i128","3"
"4b3d9f6b09f7127b0ce81b0ce9d8428f3f960e4e3ce13c11c1cbb446cccc9e73","preview_mint","shares:i128","i128","3"
"4b6e32489d58e0d54cd83c1c1123c714a69a271a6674e1522ab346e28d0c10aa","mint","to:address amount:i128 operator:address","","2"
"4beb4b6f90eb65291db698ca148903cf1946b20b7ffb381f5b1e25fe779af700","mint","operator:address to:address token_id:u32","","5"
"4beb4b6f90eb65291db698ca148903cf1946b20b7ffb381f5b1e25fe779af700","is_minter","account:address","bool","5"
"4beb4b6f90eb65291db698ca148903cf1946b20b7ffb381f5b1e25fe779af700","set_minter","operator:address minter:address enabled:bool","","5"
"4c404e31f0e06ac72725f5cd5284c3d71bec81af8b047b6a6d4eb1a892adcefa","mint","to:address amount:i128","","1"
"4d2fe0da6d50c0f6fd85bebacbd44a1dcca43aad1721cb7826cf5407581d21d7","mint","shares:i128 receiver:address from:address operator:address","i128","1"
"4d2fe0da6d50c0f6fd85bebacbd44a1dcca43aad1721cb7826cf5407581d21d7","max_mint","receiver:address","i128","1"
"4d2fe0da6d50c0f6fd85bebacbd44a1dcca43aad1721cb7826cf5407581d21d7","preview_mint","shares:i128","i128","1"
"4da77335ce898b0533189ccf0934232d1f076b1dd9f44eafa349797d7dd6cb42","mint_pt_yt","user:address sy_shares:i128","{""result"":{""ok_type"":{""tuple"":{""value_types"":[""i128"",""i128""]}},""error_type"":{""udt"":{""name"":""NovaireTokenizerError""}}}}","1"
"4e733236661bbd2582bb60810ee53cfdc01d803172a439a0dd0739164e0c7eb4","mint","minter:address to:address","u32","1"
"4e733236661bbd2582bb60810ee53cfdc01d803172a439a0dd0739164e0c7eb4","is_minter","account:address","bool","1"
"4e733236661bbd2582bb60810ee53cfdc01d803172a439a0dd0739164e0c7eb4","batch_mint","minter:address to:address count:u32","{""vec"":{""element_type"":""u32""}}","1"
"4e733236661bbd2582bb60810ee53cfdc01d803172a439a0dd0739164e0c7eb4","has_minted","account:address","bool","1"
"4e733236661bbd2582bb60810ee53cfdc01d803172a439a0dd0739164e0c7eb4","public_mint","to:address","u32","1"
"4e733236661bbd2582bb60810ee53cfdc01d803172a439a0dd0739164e0c7eb4","grant_minter","account:address","","1"
"4e733236661bbd2582bb60810ee53cfdc01d803172a439a0dd0739164e0c7eb4","total_minted","","u32","1"
"4e733236661bbd2582bb60810ee53cfdc01d803172a439a0dd0739164e0c7eb4","revoke_minter","account:address","","1"
"4e733236661bbd2582bb60810ee53cfdc01d803172a439a0dd0739164e0c7eb4","set_public_mint","active:bool","","1"
"4e733236661bbd2582bb60810ee53cfdc01d803172a439a0dd0739164e0c7eb4","is_public_mint_active","","bool","1"
"4e74eecffbb20e1be1c99bc8a2d3097affe1ee955c5b34dfb2eef6df9392b5b0","mint","to:address amount:i128","","0"
"4e7dddce3cd8dcc11d3b3af2f12776112622a0b7f20627016a6afe98dbbaf1ec","mint","to:address amount:i128","","0"
"4f65ea3d017844f92223bdb5a7f9a1199278fbe5da8324483dbfd215c7b273e6","mint","caller:address targets:{""vec"":{""element_type"":{""udt"":{""name"":""MintTarget""}}}}","i128","1"
"503c77f2b0d7810273544c4a56ef5c6d38730d48481c1860de3c41a3e6404a92","mint_from","caller:address account:address amount:i128","","0"
"51025cdf33ca42ed4584aa2c4c7d3185b0ef1cef014bc809f6d4f24b3252d72f","mint","to:address amount:i128","","0"
"516404e6eec328d9c6638f0aeade1df231aa5c043d1900048a59c12a5806be15","batch_mint","to:address amount:u32","u32","0"
"517b834574a4befe3390bbcbed1782984d335b2147ce969ae8b7049c8eb1ec44","total_minted","","u32","1"
"51ea7c8c24e64e42ea36aa84f40d014241ef1916d641ea5d7b80f9d08fd225c8","is_mintable","","bool","1"
"5213c941a453dcb2890dc93ad9f0c5c4e8c2cb81c61343ed0d24b16caf56d7de","mint_crop_nft","farmer:address crop_type:string quantity:i128 price:i128 harvest_date:u64","u64","1"
"5213c941a453dcb2890dc93ad9f0c5c4e8c2cb81c61343ed0d24b16caf56d7de","mint_crop_nft_with_listing","farmer:address crop_type:string quantity:i128 price:i128 harvest_date:u64 parcel_name:string parcel_bbox_hash:string parcel_area_hectares_bps:u64 region:string min_ndvi_bps:u64 observation_window_days:u32","u64","1"
"521f18f6f93f3f9652dd72dea53f5acfd16c90250a323dff783808159947015a","mint","to:address","u32","0"
"521f18f6f93f3f9652dd72dea53f5acfd16c90250a323dff783808159947015a","mint_batch","to:address count:u32","u32","0"
"521f18f6f93f3f9652dd72dea53f5acfd16c90250a323dff783808159947015a","public_mint","to:address","u32","0"
"521f18f6f93f3f9652dd72dea53f5acfd16c90250a323dff783808159947015a","mint_with_id","to:address id:u32","","0"
"521f18f6f93f3f9652dd72dea53f5acfd16c90250a323dff783808159947015a","total_minted","","u32","0"
"521f18f6f93f3f9652dd72dea53f5acfd16c90250a323dff783808159947015a","whitelist_mint","to:address proof:{""vec"":{""element_type"":{""bytes_n"":{""n"":32}}}}","u32","0"
"521f18f6f93f3f9652dd72dea53f5acfd16c90250a323dff783808159947015a","public_mint_active","","bool","0"
"521f18f6f93f3f9652dd72dea53f5acfd16c90250a323dff783808159947015a","set_public_mint_active","active:bool","","0"
"528a6d222cacc7e453545e63e3c01edf7e79bac163c25c5888b422f26d10350b","mint","to:address","u32","1"
"528a6d222cacc7e453545e63e3c01edf7e79bac163c25c5888b422f26d10350b","mint_credential","to:address meta:{""udt"":{""name"":""CredentialMetadata""}}","u32","1"
"52c650a38b4b1688a20eccae73f6dabe1457a6fb024dc8e729455d53c320711e","mint","params:{""udt"":{""name"":""MintParams""}}","{""result"":{""ok_type"":{""tuple"":{""value_types"":[""u32"",""u128"",""u128"",""u128""]}},""error_type"":""error""}}","2"
"52e961f8cafddf00940ee7ac0646adf647b3e884dec1a4ddc6e2b3fcabb4de09","get_mint_statistic","","{""tuple"":{""value_types"":[""u64"",""u64""]}}","0"
"5363c6e3c37ef29dbce43bf6ac61c849f5c15f0404478f769a4e37d2b348a2f3","initialize_with_minter","admin:address vesting_token:{""udt"":{""name"":""VestingTokenInfo""}} max_vesting_complexity:u32 minter_info:{""udt"":{""name"":""MinterInfo""}}","","0"
"5363c6e3c37ef29dbce43bf6ac61c849f5c15f0404478f769a4e37d2b348a2f3","mint","sender:address amount:i128","","0"
"5363c6e3c37ef29dbce43bf6ac61c849f5c15f0404478f769a4e37d2b348a2f3","update_minter","sender:address new_minter:address","","0"
"5363c6e3c37ef29dbce43bf6ac61c849f5c15f0404478f769a4e37d2b348a2f3","update_minter_capacity","sender:address new_capacity:u128","","0"
"5363c6e3c37ef29dbce43bf6ac61c849f5c15f0404478f769a4e37d2b348a2f3","query_minter","","{""udt"":{""name"":""MinterInfo""}}","0"
"53bf98c1cc46b2ffe131e83c004048e349252b31cd1c9994e305cd121dc34e6a","initialize_minter","minter:address","","2"
"53bf98c1cc46b2ffe131e83c004048e349252b31cd1c9994e305cd121dc34e6a","minter","","address","2"
"53bf98c1cc46b2ffe131e83c004048e349252b31cd1c9994e305cd121dc34e6a","mint","to:address amount:i128","","2"
"54418215d35ad33d17d7ec4d2bedad1060e06b1c11b9112b69538745bcb6c538","mint","to:address amount:i128","","3"
"5476efd14f2edbaff780565fed0c33612d503daa2fa15efb21fd88ca1389a592","mint","to:address amount:i128","","4"
"547a076fedf192ebf3fc0d274ca80fdc578c6a2c02176643554ffe46a45843da","mint","to:address amount:i128","","3"
"54a4bec4258f7a5c5297f3968f2774310a08c6a7093835d332a6fb3e9a1c3f0d","mint","account:address amount:i128 caller:address","","2"
"54cbc10fe9bcb7986c6991b6716018180a29b11ade7a3da66f5f477e691d6c33","mint","minter:address to:address","u32","1"
"54cbc10fe9bcb7986c6991b6716018180a29b11ade7a3da66f5f477e691d6c33","is_minter","account:address","bool","1"
"54cbc10fe9bcb7986c6991b6716018180a29b11ade7a3da66f5f477e691d6c33","batch_mint","minter:address to:address count:u32","{""vec"":{""element_type"":""u32""}}","1"
"54cbc10fe9bcb7986c6991b6716018180a29b11ade7a3da66f5f477e691d6c33","public_mint","to:address uri:string","u32","1"
"54cbc10fe9bcb7986c6991b6716018180a29b11ade7a3da66f5f477e691d6c33","grant_minter","account:address","","1"
"54cbc10fe9bcb7986c6991b6716018180a29b11ade7a3da66f5f477e691d6c33","mint_with_id","minter:address to:address token_id:u32","u32","1"
"54cbc10fe9bcb7986c6991b6716018180a29b11ade7a3da66f5f477e691d6c33","revoke_minter","account:address","","1"
"54cbc10fe9bcb7986c6991b6716018180a29b11ade7a3da66f5f477e691d6c33","mint_soulbound","minter:address to:address","u32","1"
"54cbc10fe9bcb7986c6991b6716018180a29b11ade7a3da66f5f477e691d6c33","set_mint_config","payment_token:address price:i128 price_soulbound:i128 treasury:address yield_router:address","","1"
"54cbc10fe9bcb7986c6991b6716018180a29b11ade7a3da66f5f477e691d6c33","mint_with_royalty","minter:address to:address royalty_receiver:address royalty_bps:u32","u32","1"
"54cbc10fe9bcb7986c6991b6716018180a29b11ade7a3da66f5f477e691d6c33","public_mint_soulbound","to:address uri:string","u32","1"
"55008af516d6b91df0230014987b2249b0286859fe7cff345382dc2eb6b147b0","mint","to:address amount:i128","","1"
"55e06e7adcc03fe69642f02d836a137a755c439c4d4816304b346e9040346383","mint_yield","caller:address loan_id:u32 repayment_id:u32","","1"
"5666c90818e5ad5f59c700f70212ff9fef512a6e5ba06330f97172bcf62915df","mint_fee_bps","","u32","1"
"5666c90818e5ad5f59c700f70212ff9fef512a6e5ba06330f97172bcf62915df","set_mint_fee","admin:address fee_bps:u32","{""result"":{""ok_type"":""void"",""error_type"":""error""}}","1"
"5715fbed22165e548f54fc3b1285d9d010a5fdc130cd1b619c0d336376bd2f46","mint","to:address amount:i128","","1"
"5751fa12b4e51d689cee32207961f6b26cb84b51273a5de108db4e893eb21b55","initialize_with_minter","admin:address vesting_token:{""udt"":{""name"":""VestingTokenInfo""}} max_vesting_complexity:u32 minter_info:{""udt"":{""name"":""MinterInfo""}}","","1"
"5751fa12b4e51d689cee32207961f6b26cb84b51273a5de108db4e893eb21b55","mint","sender:address amount:i128","","1"
"5751fa12b4e51d689cee32207961f6b26cb84b51273a5de108db4e893eb21b55","update_minter","sender:address new_minter:address","","1"
"5751fa12b4e51d689cee32207961f6b26cb84b51273a5de108db4e893eb21b55","update_minter_capacity","sender:address new_capacity:u128","","1"
"5751fa12b4e51d689cee32207961f6b26cb84b51273a5de108db4e893eb21b55","query_minter","","{""udt"":{""name"":""MinterInfo""}}","1"
"583db66d58f32cd59925ca731ccef2f78143d3a744ae8d4c6f63ee8b16e91950","total_minted","","u32","1"
"58982b1a840b3563fe1f82e06391ea7597c3f9364e422d22d9fa5c373cf99368","fake_mint","to:address asset:string amount:i128","","1"
"58f7a2be128724e708d67b9d05eab416f69b42eff53f5346ac96d34c75af0386","mint","to:address amount:i128","","2"
"596ace8b855436478512821a2e0ecb02973b1bad0a4057dc541fd0ca4d7cf037","mint","to:address amount:i128","","0"
"59abe7b0ec5fcc8284a82e7c36662828379f3a1777995d5222ce811328b25864","mint","to:address amount:i128","","1"
"59c75ad40be2e9fdffc34d168c0204244cb21ec0da04bc0c9a3a1732709c31dd","mint","caller:address to:address amount:i128","{""result"":{""ok_type"":""void"",""error_type"":{""udt"":{""name"":""MinterGatewayError""}}}}","1"
"59c75ad40be2e9fdffc34d168c0204244cb21ec0da04bc0c9a3a1732709c31dd","minter","","address","1"
"59c75ad40be2e9fdffc34d168c0204244cb21ec0da04bc0c9a3a1732709c31dd","set_minter","new_minter:address","","1"
"5a8d40377631e00cf68049d0492bbc19ef9807e26106651f3a7a4efc79fdfd5f","mint","user:address token_id:{""udt"":{""name"":""TokenId""}} card_level:u32 buy_currency:{""udt"":{""name"":""Currency""}}","","1"
"5a8d40377631e00cf68049d0492bbc19ef9807e26106651f3a7a4efc79fdfd5f","mint_terry","player:address amount:i128","","1"
"5a8d40377631e00cf68049d0492bbc19ef9807e26106651f3a7a4efc79fdfd5f","batch_mint_terry","to_addresses:{""vec"":{""element_type"":""address""}} amounts:{""vec"":{""element_type"":""i128""}}","","1"
"5af47dcbc8ffecad7efe9fec0b29f0421b659a6b7cf9ad2126e5be8b94762df9","mint","account:address amount:i128","","1"
"5af47dcbc8ffecad7efe9fec0b29f0421b659a6b7cf9ad2126e5be8b94762df9","mint_from","caller:address account:address amount:i128","","1"
"5af47dcbc8ffecad7efe9fec0b29f0421b659a6b7cf9ad2126e5be8b94762df9","mint_rebased","account:address rebased_amount:i128","","1"
"5af47dcbc8ffecad7efe9fec0b29f0421b659a6b7cf9ad2126e5be8b94762df9","mint_from_rebased","caller:address account:address amount:i128","","1"
"5afd1577414b3183f73b1bff0b53611ab7ba71fc3948c874e588d56496a1677d","mint_from","account:address amount:i128 caller:address","","1"
"5b57b11e8bb90eb4870a887cd4b272094e60221d83fd2c38a29dc8749d38f533","mint","to:address amount:i128","{""result"":{""ok_type"":{""tuple"":{""value_types"":[]}},""error_type"":{""udt"":{""name"":""TokenError""}}}}","2"
"5b57b11e8bb90eb4870a887cd4b272094e60221d83fd2c38a29dc8749d38f533","set_minter","new_minter:address","","2"
"5c2ebcb5a94ccd94a599bef03fde30e496c3b3ef24b2633f643bce8c8157562f","mint","to:address","u32","1"
"5c2ebcb5a94ccd94a599bef03fde30e496c3b3ef24b2633f643bce8c8157562f","total_minted","","u32","1"
"5cf08bfafba6ea47a0fc68afe998d42e0a25070d780c86fceed0f2f99106df28","mint","to:address amount:i128","","1"
"5d34e7d64a95c4c9d23140de8459581345858edfa1045b3157ae6241034dedeb","mint","to:address amount:i128","","2"
"5d69995a76fcd345f216195906a041617c603d39d735ce6117405b84cb5ddac0","public_mint","to:address uri:string","u32","1"
"5d69995a76fcd345f216195906a041617c603d39d735ce6117405b84cb5ddac0","total_minted","","u32","1"
"5d69995a76fcd345f216195906a041617c603d39d735ce6117405b84cb5ddac0","public_mint_soulbound","to:address uri:string","u32","1"
"5d7e3d16c78437f14fc032d0d08962e9fb0a4ec426b9deb7ff38b081ff283d57","mint_from","caller:address account:address amount:i128","","0"
"5d7e3d16c78437f14fc032d0d08962e9fb0a4ec426b9deb7ff38b081ff283d57","mint","account:address amount:i128","","0"
"5d9afb4e7c44a1cd0f5d232012c9109b917ab005ff34a5299cc7c76e8c08a851","mint_fee_bps","","u32","1"
"5d9afb4e7c44a1cd0f5d232012c9109b917ab005ff34a5299cc7c76e8c08a851","set_mint_fee","admin:address fee_bps:u32","{""result"":{""ok_type"":""void"",""error_type"":""error""}}","1"
"5da7cf0c75376bc8966dc664dbd40180d035b239e982652db31eaa7f4b3afe42","mint","wallet:address commitment:{""bytes_n"":{""n"":32}} recovery_commitment:{""bytes_n"":{""n"":32}} channels:u32","","0"
"5dc0ff432c6c1992d1e3a78cdfa3f8f791bda2b98c5e0e768d7130efa3adb70c","mint","shares:i128 receiver:address from:address operator:address","{""tuple"":{""value_types"":[""i128"",""i128""]}}","0"
"5dc0ff432c6c1992d1e3a78cdfa3f8f791bda2b98c5e0e768d7130efa3adb70c","max_mint","receiver:address","i128","0"
"5dc0ff432c6c1992d1e3a78cdfa3f8f791bda2b98c5e0e768d7130efa3adb70c","preview_mint","shares:i128","{""tuple"":{""value_types"":[""i128"",""i128""]}}","0"
"5ecedfd009f076eb26e32cebed132f43fcdaef1c1afc873759a0e13f7e4f918e","mint","to:address amount:i128","","1"
"5f26c824d48b1e6bd55bc790fd3e3d1c96b41f6233a7814f3e76313fae080d5b","mint","sac:address to:address barrels:i128","{""result"":{""ok_type"":""void"",""error_type"":""error""}}","1"
"5f26c824d48b1e6bd55bc790fd3e3d1c96b41f6233a7814f3e76313fae080d5b","minted","sac:address","i128","1"
"5fa3980c37c2ee23f571778c71f1f0d9158079be9d11bccf18a28bfb6eaaabf0","mint","to:address amount:i128","","1"
"60d2a7abdc6407467ff2d42a166606c8dbb39e87b531aa35b455620e0a23389d","mint","shares:i128 receiver:address from:address operator:address","i128","1"
"60d2a7abdc6407467ff2d42a166606c8dbb39e87b531aa35b455620e0a23389d","max_mint","receiver:address","i128","1"
"60d2a7abdc6407467ff2d42a166606c8dbb39e87b531aa35b455620e0a23389d","preview_mint","shares:i128","i128","1"
"60d2a7abdc6407467ff2d42a166606c8dbb39e87b531aa35b455620e0a23389d","allowlist_mint","mint:address to:address amount:u64","{""result"":{""ok_type"":{""tuple"":{""value_types"":[]}},""error_type"":{""udt"":{""name"":""STokenAllowlistMintError""}}}}","1"
"60d2a7abdc6407467ff2d42a166606c8dbb39e87b531aa35b455620e0a23389d","min_shares_to_mint","","u64","1"
"60d2a7abdc6407467ff2d42a166606c8dbb39e87b531aa35b455620e0a23389d","accept_allowlist_mint","mint:address caller:address","{""result"":{""ok_type"":{""tuple"":{""value_types"":[]}},""error_type"":{""udt"":{""name"":""STokenAllowlistMintError""}}}}","1"
"60d2a7abdc6407467ff2d42a166606c8dbb39e87b531aa35b455620e0a23389d","cancel_allowlist_mint","mint:address caller:address","{""result"":{""ok_type"":{""tuple"":{""value_types"":[]}},""error_type"":{""udt"":{""name"":""STokenAllowlistMintError""}}}}","1"
"61bbc68d7bbe96e8da09af2a6a21ec5ff078cfbda8ef1bb08cf4198cd6e94b48","mint","from:address signature:{""bytes_n"":{""n"":65}} btc_tx_hash:bytes btc_amount:i128 btc_amount_str:bytes nav:i128 nav_str:bytes","","1"
"62e8089edc7842fffb1bf6394a40b25238f721ea1d4d113311984047acbd4ab1","max_mint","receiver:address","i128","1"
"62e8089edc7842fffb1bf6394a40b25238f721ea1d4d113311984047acbd4ab1","preview_mint","shares:i128","i128","1"
"62e8089edc7842fffb1bf6394a40b25238f721ea1d4d113311984047acbd4ab1","mint","shares:i128 receiver:address from:address operator:address","i128","1"
"6300c43b7dc944bca3e67783167d616e7df471edd524f0aec2c0f18e1139d860","mint","to:address amount:i128 operator:address","","3"
"630bc19134e656667f059971536ad90e43b2499804aeab8aec5c7c5690614e83","mint","to:address amount:i128 evm_tx_hash:{""bytes_n"":{""n"":32}}","","1"
"630d8880b70b7811ee756fe6a3212022e970b0d18fdef370c516ffe98d30b4aa","mint","payer:address to:address uri:string is_pfp:bool is_soulbound:bool","u32","1"
"630d8880b70b7811ee756fe6a3212022e970b0d18fdef370c516ffe98d30b4aa","public_mint","to:address uri:string","u32","1"
"630d8880b70b7811ee756fe6a3212022e970b0d18fdef370c516ffe98d30b4aa","total_minted","","u32","1"
"630d8880b70b7811ee756fe6a3212022e970b0d18fdef370c516ffe98d30b4aa","public_mint_soulbound","to:address uri:string","u32","1"
"63351143b7b1e761b8e6b9e5d0e087364787f7cfedaf84dc5bd50d8a1d9268e6","mint","message:bytes signature:{""bytes_n"":{""n"":64}} recovery_id:u32 public_key:{""bytes_n"":{""n"":65}} nonce:u32","u32","1"
"6365e9fc6983253bd858a36e8e2f8cb6d527ab1ec7a7a85ea6d206cc8f38d7e0","mint","account:address amount:i128 caller:address","","1"
"63d0345d3f5ed8666bdd5d73b8d9541d1e92e4db9837bd589095063e3730b571","mint","to:address","u32","1"
"63d0345d3f5ed8666bdd5d73b8d9541d1e92e4db9837bd589095063e3730b571","mint_batch","to:address count:u32","u32","1"
"63d0345d3f5ed8666bdd5d73b8d9541d1e92e4db9837bd589095063e3730b571","public_mint","to:address","u32","1"
"63d0345d3f5ed8666bdd5d73b8d9541d1e92e4db9837bd589095063e3730b571","total_minted","","u32","1"
"63d0345d3f5ed8666bdd5d73b8d9541d1e92e4db9837bd589095063e3730b571","set_public_mint","active:bool","","1"
"63d0345d3f5ed8666bdd5d73b8d9541d1e92e4db9837bd589095063e3730b571","public_mint_active","","bool","1"
"63ec7343aa82c66a9b515ba59a1bf38f4e5a14dbd3cd672b82b96047cc9c3192","mint","to:address amount:i128","","5"
"63f0bc7bfef41d314e668b1b4dc488e3b3cb3cc4875da18d95b6decc0ef3fb16","mint","user:address amount:u32","","7"
"63f0bc7bfef41d314e668b1b4dc488e3b3cb3cc4875da18d95b6decc0ef3fb16","admin_mint","to:address amount:u32","","7"
"63f0bc7bfef41d314e668b1b4dc488e3b3cb3cc4875da18d95b6decc0ef3fb16","get_min_nfts_to_mint","","u32","7"
"6428017d9aef271fba623b0c1aa83f555a23b1c35a46248f40b93be65fc5193d","mint","to:address","u32","1"
"646a683963fcf14d4bfd0e11ba7f1e07a790d446b06c87d34af69f0ba06361a5","mint","amount:i128","","1"
"646a683963fcf14d4bfd0e11ba7f1e07a790d446b06c87d34af69f0ba06361a5","mint_to","account:address amount:i128","","1"
"64ec785c3de749f5c6c5c0ac2de036beae42b460d778107e1f3552e95db672d6","mint_original","to:address vc:string","","1"
"653ec64cecdcb96308de4b8e2367606ca43c30529312f0e7a2e6fa95d0478d60","mint","to:address amount:i128","","1"
"663350a90dc668a16f3ff923929756a8724e42d7b09955d338a2e2203121bd8a","mint","user:address tokens_to_mint:u128","u128","5"
"663350a90dc668a16f3ff923929756a8724e42d7b09955d338a2e2203121bd8a","kill_mint","admin:address","","5"
"663350a90dc668a16f3ff923929756a8724e42d7b09955d338a2e2203121bd8a","unkill_mint","admin:address","","5"
"663350a90dc668a16f3ff923929756a8724e42d7b09955d338a2e2203121bd8a","get_is_killed_mint","","bool","5"
"66941a8ceb262cf8e8227e573dfd80486820abf2a89423b7fc06c10be4ec723e","mint","to:address amount:i128","","19"
"66d27fbdd4477eecd2a8d60752b19e3c78056e4216afcf4ba9446243941b75a8","total_minted","","u32","0"
"66ee47c4c9d92d4e92eebc1971fb635d769dd8812744e2b651ef48c3f8bcaecd","mint","valuechain_id:string token_id:u64 ipcm_key:string data:string","","1"
"66ee47c4c9d92d4e92eebc1971fb635d769dd8812744e2b651ef48c3f8bcaecd","batch_mint","valuechain_id:string token_ids:{""vec"":{""element_type"":""u64""}} ipcm_keys:{""vec"":{""element_type"":""string""}} datas:{""vec"":{""element_type"":""string""}}","","1"
"6762274af104a393279fec043126682779654c23d35314b59f1508b55f080da1","mint","to:address metadata_uri:string","u32","0"
"680b9ccf2416bfd941962bc751921cc6c2a9abfdb520f68b2df950a1bbd41258","mint","caller:address to:address amount:i128","","1"
"680b9ccf2416bfd941962bc751921cc6c2a9abfdb520f68b2df950a1bbd41258","max_burn_mint","","i128","1"
"680b9ccf2416bfd941962bc751921cc6c2a9abfdb520f68b2df950a1bbd41258","set_max_burn_mint","caller:address value:i128","","1"
"684580d7c3c2f2f7e2d85072ad695be32787570be0e3aaccee9f19c8b1756c48","mint","to:address token_id:u64 shares:u32 token_uri:string","u64","1"
"68ee3f8fd6c153ba96fc6fdd0fbcab80fd16d301c231928307acc51903885fc3","mint","to:address amount:i128","","3"
"69909a7c5ad44ebad7206c2c081b8ddc13dd637f2f15039b9cfa2f1411a2f869","mint","account:address amount:i128","","1"
"69909a7c5ad44ebad7206c2c081b8ddc13dd637f2f15039b9cfa2f1411a2f869","mint_from","caller:address account:address amount:i128","","1"
"69909a7c5ad44ebad7206c2c081b8ddc13dd637f2f15039b9cfa2f1411a2f869","mint_rebased","account:address rebased_amount:i128","","1"
"69909a7c5ad44ebad7206c2c081b8ddc13dd637f2f15039b9cfa2f1411a2f869","mint_from_rebased","caller:address account:address amount:i128","","1"
"699dfd1ae67575da411f086ee86799ea76db953f3c5117de82fb6466eac8fe87","mint","to:address amount:i128","","1"
"6a936eab006fb9c2ba597456488a46f6da0c1af542e2427c7ac7b81efc8d0d21","complete_and_mint_coa","commission_id:u64 art_hash:{""bytes_n"":{""n"":32}} art_uri:string title:string","u64","3"
"6add8b6ae6d23f23de1b40a6ca52d7dd572f2b2ddee46e029ed8713c528389d3","mint","shares:i128 receiver:address from:address operator:address","i128","1"
"6add8b6ae6d23f23de1b40a6ca52d7dd572f2b2ddee46e029ed8713c528389d3","max_mint","receiver:address","i128","1"
"6add8b6ae6d23f23de1b40a6ca52d7dd572f2b2ddee46e029ed8713c528389d3","preview_mint","shares:i128","i128","1"
"6add8b6ae6d23f23de1b40a6ca52d7dd572f2b2ddee46e029ed8713c528389d3","allowlist_mint","mint:address to:address amount:u64","{""result"":{""ok_type"":{""tuple"":{""value_types"":[]}},""error_type"":{""udt"":{""name"":""STokenAllowlistMintError""}}}}","1"
"6add8b6ae6d23f23de1b40a6ca52d7dd572f2b2ddee46e029ed8713c528389d3","min_shares_to_mint","","u64","1"
"6add8b6ae6d23f23de1b40a6ca52d7dd572f2b2ddee46e029ed8713c528389d3","accept_allowlist_mint","mint:address caller:address","{""result"":{""ok_type"":{""tuple"":{""value_types"":[]}},""error_type"":{""udt"":{""name"":""STokenAllowlistMintError""}}}}","1"
"6add8b6ae6d23f23de1b40a6ca52d7dd572f2b2ddee46e029ed8713c528389d3","cancel_allowlist_mint","mint:address caller:address","{""result"":{""ok_type"":{""tuple"":{""value_types"":[]}},""error_type"":{""udt"":{""name"":""STokenAllowlistMintError""}}}}","1"
"6b1e7b98bd136e5482654d14e365ce633573ef9c3e83e8f67b006cbf7645ff1c","mint","to:address amount:i128","","2"
"6b35ee2504b4781dd8eefab0920968485fcffabeb02b768d9eb6da3c2821f215","mint","to:address amount:i128","","1"
"6b7c22ba494da945ff33be0bbfafcc9ae1fc200e67d02b63f1884c2c11bd7444","mint_art","creator:address art_ref:string art:{""udt"":{""name"":""ArtInput""}}","u32","1"
"6b7c22ba494da945ff33be0bbfafcc9ae1fc200e67d02b63f1884c2c11bd7444","mint_and_list","creator:address art_ref:string art:{""udt"":{""name"":""ArtInput""}} price:i128 payment_token:address","u32","1"
"6b870017bca9322c8121ff0ac65f7175f7b18ff0f0a702902ebb938ab1ea12f8","total_minted","","u32","1"
"6bbf5e26fd8f99370534f976a11ce10a7cdf8c66a2621f4b0af78c93b436d25b","mint","minter:address to:address","u32","1"
"6bbf5e26fd8f99370534f976a11ce10a7cdf8c66a2621f4b0af78c93b436d25b","is_minter","account:address","bool","1"
"6bbf5e26fd8f99370534f976a11ce10a7cdf8c66a2621f4b0af78c93b436d25b","batch_mint","minter:address to:address count:u32","{""vec"":{""element_type"":""u32""}}","1"
"6bbf5e26fd8f99370534f976a11ce10a7cdf8c66a2621f4b0af78c93b436d25b","public_mint","to:address uri:string","u32","1"
"6bbf5e26fd8f99370534f976a11ce10a7cdf8c66a2621f4b0af78c93b436d25b","grant_minter","account:address","","1"
"6bbf5e26fd8f99370534f976a11ce10a7cdf8c66a2621f4b0af78c93b436d25b","mint_with_id","minter:address to:address token_id:u32","u32","1"
"6bbf5e26fd8f99370534f976a11ce10a7cdf8c66a2621f4b0af78c93b436d25b","revoke_minter","account:address","","1"
"6bbf5e26fd8f99370534f976a11ce10a7cdf8c66a2621f4b0af78c93b436d25b","mint_soulbound","minter:address to:address","u32","1"
"6bbf5e26fd8f99370534f976a11ce10a7cdf8c66a2621f4b0af78c93b436d25b","set_mint_config","payment_token:address price:i128 price_soulbound:i128 treasury:address yield_router:address","","1"
"6bbf5e26fd8f99370534f976a11ce10a7cdf8c66a2621f4b0af78c93b436d25b","mint_with_royalty","minter:address to:address royalty_receiver:address royalty_bps:u32","u32","1"
"6bbf5e26fd8f99370534f976a11ce10a7cdf8c66a2621f4b0af78c93b436d25b","public_mint_soulbound","to:address uri:string","u32","1"
"6bbf5e26fd8f99370534f976a11ce10a7cdf8c66a2621f4b0af78c93b436d25b","public_mint_with_royalty","to:address uri:string royalty_receiver:address royalty_bps:u32","u32","1"
"6c080f2f541bd4117f7480f20ad0ffc94abac1bc6fbf05bbb3e1c7eef9cce77e","mint","to:address amount:i128","","38"
"6c19d2b024c9a5f9bdfd00126160c280056e345e8856477a997eb6b6bcd46959","mint","account:address amount:i128 caller:address","","1"
"6c49d99ef0f3c7c80a8d6568f237ca9d7fd3b1e923bbba5ec5a4f6e907d39992","mint","to:address amount:i128","","4"
"6c76bf1716f23b7dca45b30892e74bcb09e86e4269a852b65680d34cfadd133d","mint","to:address amount:i128","","0"
"6c78a6b1ced100fdab17b249808b371b2c2ba49d2bd25843a2e9b51b80379658","mint","shares:i128 receiver:address from:address operator:address","i128","1"
"6c78a6b1ced100fdab17b249808b371b2c2ba49d2bd25843a2e9b51b80379658","max_mint","receiver:address","i128","1"
"6c78a6b1ced100fdab17b249808b371b2c2ba49d2bd25843a2e9b51b80379658","preview_mint","shares:i128","i128","1"
"6dba0f1f8be9035fe448ac415b3b5ec2c86a0c969c271d09c0afd328249a0529","mint","to:address amount:i128","","1"
"6e00a774d7ad80e70d4243049c23be3a8f7159dcb2a1da540140c0fee9fa6fa1","mint","operator:address shares:i128 receiver:address","{""result"":{""ok_type"":""i128"",""error_type"":{""udt"":{""name"":""ContractError""}}}}","1"
"6e00a774d7ad80e70d4243049c23be3a8f7159dcb2a1da540140c0fee9fa6fa1","preview_mint","shares:i128","{""result"":{""ok_type"":""i128"",""error_type"":{""udt"":{""name"":""ContractError""}}}}","1"
"6e00a774d7ad80e70d4243049c23be3a8f7159dcb2a1da540140c0fee9fa6fa1","max_mint","receiver:address","{""result"":{""ok_type"":""i128"",""error_type"":{""udt"":{""name"":""ContractError""}}}}","1"
"6f2afa08f67a68e225a5109103c52f313e42ea0449be0a40369a4ba1a9189fc4","mint_from","caller:address account:address amount:i128","","0"
"6f48fbf0c78fadf29bb530a7b9493ab77e8726c9c20b8c9c3bf59834d1ea34b0","mint","admin:address to:address amount:u256","","1"
"6f6514d775b00c37af674b80e9c8f54505c631f10366a95c5a2c33c43517080c","total_minted","","u32","1"
"6f90cb9a0ee81cff03ef4aec7dbbea75eb065e79e6718d9ec27830459531e396","stake_for_minting","user:address tier:u32 xqbusd_mint_amount:i128 project_id:u64","{""result"":{""ok_type"":{""tuple"":{""value_types"":[]}},""error_type"":""error""}}","1"
"6fd2e807c8b3c046420813b263f6476b35760908bcd656f5ee22c563d86000ba","mint","minter:address shares:i128","{""result"":{""ok_type"":""i128"",""error_type"":{""udt"":{""name"":""LendingVaultError""}}}}","16"
"6fd2e807c8b3c046420813b263f6476b35760908bcd656f5ee22c563d86000ba","max_mint","owner:address","i128","16"
"6fd2e807c8b3c046420813b263f6476b35760908bcd656f5ee22c563d86000ba","preview_mint","shares:i128","i128","16"
"6ffe4269e914944be872263d34cfde5b48b405673e569cd15407b7e7f25ffad9","set_mint_fee_threshold","mint_fee_threshold_:u128","","1"
"6ffe4269e914944be872263d34cfde5b48b405673e569cd15407b7e7f25ffad9","mint_fee","token:address","u128","1"
"708cc40d6e46fc5134a76b914220b4694bee8f13e0b8b2cccd7aaadea19b457c","mint","to:address amount:i128","","27"
"711eaa2bfb496b318eaa77215c4868522b55953b6ca8e7c9714baa2ebc92ace5","mint","account:address amount:i128 caller:address","","1"
"71648e1b8ee1231ea03c096257ed3c6d55478effbfab77b8e587a5139ab84cbe","is_minter","minter:address","bool","85"
"71648e1b8ee1231ea03c096257ed3c6d55478effbfab77b8e587a5139ab84cbe","mint_from","minter:address to:address amount:i128","{""result"":{""ok_type"":{""tuple"":{""value_types"":[]}},""error_type"":{""udt"":{""name"":""ContractError""}}}}","85"
"71648e1b8ee1231ea03c096257ed3c6d55478effbfab77b8e587a5139ab84cbe","add_minter","minter:address","","85"
"71648e1b8ee1231ea03c096257ed3c6d55478effbfab77b8e587a5139ab84cbe","remove_minter","minter:address","","85"
"71648e1b8ee1231ea03c096257ed3c6d55478effbfab77b8e587a5139ab84cbe","mint","to:address amount:i128","","85"
"717d58eea5f3c7c81f9d11b47a329fb958472e78fb52d549fd8ae30497eeaa34","mint","to:address token_uri:string","{""result"":{""ok_type"":""u32"",""error_type"":{""udt"":{""name"":""MerchError""}}}}","1"
"717d58eea5f3c7c81f9d11b47a329fb958472e78fb52d549fd8ae30497eeaa34","total_minted","","u32","1"
"7187ca902c58f14fea132ddf77316aa62924b1680d450930b15ea4e33f0a57ba","mint","to:address amount:i128","","1"
"718cdb86a1fc7371720032795f849a28223478e08e5405896aaa63d59ce0eacf","mint","try_stage_index:u32 recipient:address quantity:u32","{""vec"":{""element_type"":""u32""}}","5"
"718cdb86a1fc7371720032795f849a28223478e08e5405896aaa63d59ce0eacf","mint_to","recipient:address quantity:u32","{""vec"":{""element_type"":""u32""}}","5"
"718cdb86a1fc7371720032795f849a28223478e08e5405896aaa63d59ce0eacf","mint_for","tokens:{""vec"":{""element_type"":""u32""}} recipient:address","","5"
"718cdb86a1fc7371720032795f849a28223478e08e5405896aaa63d59ce0eacf","get_total_minted","minter:address","{""vec"":{""element_type"":""u32""}}","5"
"718cdb86a1fc7371720032795f849a28223478e08e5405896aaa63d59ce0eacf","get_mint_list","","{""vec"":{""element_type"":""u32""}}","5"
"727192d1a0dd42342cd1aa7a2f8832688a578d28a8d486c01b715d7a48a76008","mint","to:address amount:i128","","3"
"7273bcec1841fc67bdb486aac92d76ca8d0f339b4d916b5e1c7a818d5ee9bc41","mint","to:address amount:i128","","1"
"7285b0f4d1bca4f610007e75948ee935f7971e5846d142d7db8b720ccee1eae3","mint","to:address amount:i128","","1"
"72bd2987e304a02d6ac9f0aba414a71a99849e2e5eebbee6458e894fa6544488","mint","payer:address to:address uri:string is_pfp:bool is_soulbound:bool is_gif:bool size_tier:u32 royalty_bps:u32","u32","1"
"72bd2987e304a02d6ac9f0aba414a71a99849e2e5eebbee6458e894fa6544488","public_mint","to:address uri:string","u32","1"
"72bd2987e304a02d6ac9f0aba414a71a99849e2e5eebbee6458e894fa6544488","total_minted","","u32","1"
"72bd2987e304a02d6ac9f0aba414a71a99849e2e5eebbee6458e894fa6544488","public_mint_soulbound","to:address uri:string","u32","1"
"73a8013c0bfbd5e759fce70b36fa2e43684607a6a76a9d86688e74237209d059","mint","admin:address to:address amount:u256","","1"
"73cb2ed6ab42eaf7d57304adee75962623084269d9daa6c15cf322b5489d6788","total_minted","","u32","0"
"73e5ab1f971e5effb5b25989dd986b1ce5b1691f6d0aa3996b803754a7f23826","mint","to:address amount:i128","","4"
"742b08c1f93bc0bf2dfe0476465ae7e8971f5fc72dd591db84b660b2bf444670","mint_tier","user:address tier:{""udt"":{""name"":""Tier""}}","{""result"":{""ok_type"":""void"",""error_type"":""error""}}","1"
"74689c7fd0d43a91de41473a1a95977d67726826f052cd891fc4f7b8451b6caf","mint_guarded","caller:address to:address amount:u128 current_risk_bps:u32","{""result"":{""ok_type"":{""tuple"":{""value_types"":[]}},""error_type"":""error""}}","1"
"74689c7fd0d43a91de41473a1a95977d67726826f052cd891fc4f7b8451b6caf","set_mint_enabled","caller:address flag:bool","{""result"":{""ok_type"":{""tuple"":{""value_types"":[]}},""error_type"":""error""}}","1"
"755211d95479113cc13cc1ef6d043ac3403bc4a65ad3cbb4f1c6d458e39df509","mint","to:address amount:i128","","1"
"756d8a64cbeb7b1c9b4ac80ca1bbe8b1300835200b748bcadcd85fcbfbae6e41","mint","from:address shares:i128 receiver:address","i128","1"
"756d8a64cbeb7b1c9b4ac80ca1bbe8b1300835200b748bcadcd85fcbfbae6e41","preview_mint","shares:i128","i128","1"
"75848e0e0da7c46f39d333de17b6d06608900d5ad40c75eb4db9abe3406e43f8","mint","minter:address shares:i128","{""result"":{""ok_type"":""i128"",""error_type"":{""udt"":{""name"":""LendingVaultError""}}}}","28"
"75848e0e0da7c46f39d333de17b6d06608900d5ad40c75eb4db9abe3406e43f8","max_mint","owner:address","i128","28"
"75848e0e0da7c46f39d333de17b6d06608900d5ad40c75eb4db9abe3406e43f8","preview_mint","shares:i128","i128","28"
"75cad181d24899cff20b7cc3e2fea4af830f63e4c96a96285d3f6cb9960cabf4","total_minted","","u32","1"
"762c4fd476047334aedd24204d9abe9898174ef0c1f1f170827318b02e7f3d10","mint","to:address amount:i128","","2"
"773655d8d70e06a29e3e361f9c0de56f654f8ba4e5e6dc5171b5b88251e70bb0","mint","to:address metadata_uri:string","u32","1"
"773655d8d70e06a29e3e361f9c0de56f654f8ba4e5e6dc5171b5b88251e70bb0","batch_mint","to:address items:{""vec"":{""element_type"":{""udt"":{""name"":""MintItem""}}}}","{""vec"":{""element_type"":""u32""}}","1"
"77fdcd1ddbaa701dbd149a1135b38355e2c690fbe47a82604ccd970f953d7309","mint","to:address amount:i128","","0"
"791feb3519e92dd8d234a0b95ebeccd232025da85040c0feb13f686237933a35","total_minted","","u32","1"
"794057dabcdbcf57e9aad859c45cb07bade68d8dbce4aa5355abb47f73dc141f","mint_fee_bps","","u32","0"
"794057dabcdbcf57e9aad859c45cb07bade68d8dbce4aa5355abb47f73dc141f","set_mint_fee","admin:address fee_bps:u32","{""result"":{""ok_type"":""void"",""error_type"":""error""}}","0"
"79844e1cdded979836bb3d1cb643931350ba61f383eb39678bf33bb5f7161df7","mint","address:address","","1"
"79ddb90c9086aee548ef6f55ff207a380a25e3c43217a047863c16061da5853d","mint_and_burn","payment:{""udt"":{""name"":""PaymentParams""}} customer_merchant:{""udt"":{""name"":""CustomerMerchantParams""}} recipients:{""vec"":{""element_type"":{""udt"":{""name"":""Recipient""}}}}","{""result"":{""ok_type"":{""udt"":{""name"":""RefundInfo""}},""error_type"":""error""}}","1"
"79ddb90c9086aee548ef6f55ff207a380a25e3c43217a047863c16061da5853d","mint_and_redeem","payment:{""udt"":{""name"":""PaymentParams""}} customer_merchant:{""udt"":{""name"":""CustomerMerchantParams""}} merchant_call:{""udt"":{""name"":""MerchantCallParams""}}","{""result"":{""ok_type"":{""udt"":{""name"":""RefundInfo""}},""error_type"":""error""}}","1"
"7ae002f14b115d7ebf9a58030eb5dcfe64501cff0cdfb0529f1943d3b519d526","mint","minter:address to:address amount:i128","","1"
"7b2ec5a435b3995eee29f54a8a776e1edb347f8270ea3bce958a18ca994a3f83","mint","to:address amount:i128","","0"
"7b35a242887c1825ccd268e8adbda72849e4c0c66fe0a8ff15eab60ebec35f60","batch_mint","to:address amount:u32","u32","0"
"7b7bd05b90e8cb8a337c290b487943786c4b0612485839ef22faa0c7b6992efa","mint","to:address amount:i128 operator:address","","1"
"7cff09b348bc2f69ae213f94874289da8ab777ab4761eee2c5d472dd0d2fa64d","mint","to:address amount:i128","","0"
"7cff09b348bc2f69ae213f94874289da8ab777ab4761eee2c5d472dd0d2fa64d","mint_cap","","i128","0"
"7cff09b348bc2f69ae213f94874289da8ab777ab4761eee2c5d472dd0d2fa64d","oracle_mint","to:address amount:i128","{""result"":{""ok_type"":{""tuple"":{""value_types"":[]}},""error_type"":{""udt"":{""name"":""JouleError""}}}}","0"
"7cff09b348bc2f69ae213f94874289da8ab777ab4761eee2c5d472dd0d2fa64d","set_mint_cap","cap:i128","","0"
"7cff09b348bc2f69ae213f94874289da8ab777ab4761eee2c5d472dd0d2fa64d","total_minted","","i128","0"
"7d6d8835ea2c70f0c073cd9ac52660785fc7a0d235e25cf419f1309b628ccc26","mint","to:address amount:i128","","0"
"7d7de8c0ae5278c878a861fc9501a6cb8907b02f6ebb471d61064bc0037922b7","uno_mint","transaction_id:string asset_code:string asset_issuer:address sac_contract_address:address amount:i128 target_account:address","{""result"":{""ok_type"":""string"",""error_type"":""error""}}","1"
"7df10f0fa98aef7c78e00f5d2b8cb5a5bb2f44a021d2eb8617aba00b031a2f49","confirm_mint","request_id:u64","bool","0"
"7df10f0fa98aef7c78e00f5d2b8cb5a5bb2f44a021d2eb8617aba00b031a2f49","get_mint_issuer","","address","0"
"7df10f0fa98aef7c78e00f5d2b8cb5a5bb2f44a021d2eb8617aba00b031a2f49","set_mint_issuer","issuer:address","address","0"
"7df10f0fa98aef7c78e00f5d2b8cb5a5bb2f44a021d2eb8617aba00b031a2f49","get_pending_mints","","{""vec"":{""element_type"":{""udt"":{""name"":""PendingMint""}}}}","0"
"7df10f0fa98aef7c78e00f5d2b8cb5a5bb2f44a021d2eb8617aba00b031a2f49","cancel_mint_request","request_id:u64","bool","0"
"7df10f0fa98aef7c78e00f5d2b8cb5a5bb2f44a021d2eb8617aba00b031a2f49","submit_mint_request","user:address claimable_balance_id:string usdc_amount:i128 fiat_token:string fiat_issuer:address rates_payload:{""udt"":{""name"":""RatesPayload""}} loyalty_payload:{""udt"":{""name"":""LoyaltyPayload""}}","u64","0"
"7df10f0fa98aef7c78e00f5d2b8cb5a5bb2f44a021d2eb8617aba00b031a2f49","get_pending_mints_by_id","request_id:u64","{""vec"":{""element_type"":{""udt"":{""name"":""PendingMint""}}}}","0"
"7df10f0fa98aef7c78e00f5d2b8cb5a5bb2f44a021d2eb8617aba00b031a2f49","get_pending_mints_by_user","user:address","{""vec"":{""element_type"":{""udt"":{""name"":""PendingMint""}}}}","0"
"7e3787a5845781aa1f18664a3a4d40ab6ab7fb3abffbd85895a5efaf196ff423","mint","account:address amount:i128 caller:address","","1"
"7ebff3ba5016f7572e3cb5655deb31c4814a18008780f160091b0eb56cf87157","mint_from","account:address amount:i128 caller:address","","1"
"7f7c3e89d2380f6e8e43eb418657436c491581cf2acbaa9ae4853a21c26bf859","mint","to:address amount:i128","","2"
"7fc336bee7129a452374451348d5a666cd1f5c6296620deb5782383996b409d4","mint_batch","recipients:{""vec"":{""element_type"":""address""}} amount:i128","","1"
"7fc336bee7129a452374451348d5a666cd1f5c6296620deb5782383996b409d4","mint_tokens","to:address amount:i128","","1"
"7fda2be4911ad2f96417ab62db471e3233e31b1b713f236ea9f83070066307e3","mint","to:address","u32","0"
"7fda2be4911ad2f96417ab62db471e3233e31b1b713f236ea9f83070066307e3","total_minted","","u32","0"
"7ff2ddfd6762fa777e25f23303a036de44f2ec71f4d6fdbe13cfaf93e4a3957c","total_minted","","u32","1"
"806e7de085560e1bb29adc8de32536b541afe4d8ab1b5176661cc430ba362d33","total_minted","","u32","1"
"814e71839a77b12242daa6306d0a7a36f4ba6484f9130891e93235040e01a348","mint","to:address","u32","1"
"814e71839a77b12242daa6306d0a7a36f4ba6484f9130891e93235040e01a348","mint_batch","to:address count:u32","u32","1"
"814e71839a77b12242daa6306d0a7a36f4ba6484f9130891e93235040e01a348","public_mint","to:address","u32","1"
"814e71839a77b12242daa6306d0a7a36f4ba6484f9130891e93235040e01a348","mint_with_id","to:address id:u32","","1"
"814e71839a77b12242daa6306d0a7a36f4ba6484f9130891e93235040e01a348","total_minted","","u32","1"
"814e71839a77b12242daa6306d0a7a36f4ba6484f9130891e93235040e01a348","whitelist_mint","to:address proof:{""vec"":{""element_type"":{""bytes_n"":{""n"":32}}}}","u32","1"
"814e71839a77b12242daa6306d0a7a36f4ba6484f9130891e93235040e01a348","public_mint_active","","bool","1"
"814e71839a77b12242daa6306d0a7a36f4ba6484f9130891e93235040e01a348","set_public_mint_active","active:bool","","1"
"816413c82e152a87ea9c83dcab201df380561d56936780b3a527f89b468be3fc","total_minted","","u32","1"
"824c1fbe4ec5e3b79df8fc02f1d899ee6d97975f09c89ae4fea1421415f031d9","mint","minter:address shares:i128","{""result"":{""ok_type"":""i128"",""error_type"":{""udt"":{""name"":""LendingVaultError""}}}}","5"
"824c1fbe4ec5e3b79df8fc02f1d899ee6d97975f09c89ae4fea1421415f031d9","max_mint","owner:address","i128","5"
"824c1fbe4ec5e3b79df8fc02f1d899ee6d97975f09c89ae4fea1421415f031d9","preview_mint","shares:i128","i128","5"
"825473d128ce20a794f155777caefd1b5126939492ac7e1527dde15068f45bef","mint_from","caller:address account:address amount:i128","","4"
"825473d128ce20a794f155777caefd1b5126939492ac7e1527dde15068f45bef","mint","account:address amount:i128","","4"
"82740c72af37084a9d080035bb12e417ba349e570ec10e2b70d37d6cfe52117b","mint","domain:string owner:address","","1"
"82aebc69ff8398deaf4ce031bb7624af949ade992c4cbe890655735cda0d2cda","mint","to:address amount:i128 operator:address","","1"
"830f160eb13886e348a5687835313cdc041ee398931ac53259aab7031e585adf","mint","to:address amount:i128","","3"
"83582a6d2952eb3a36240a1888c1becd45fdc3a6010c8b4e6615ec6f72251848","mint","account:address amount:i128 caller:address","","1"
"83bf0a7fbe1502271f2e14d2a5a46c9cde1aa213be97616bd7c6b102b342692f","mint","account:address amount:i128 caller:address","","10"
"83bf0a7fbe1502271f2e14d2a5a46c9cde1aa213be97616bd7c6b102b342692f","mint_batch","operations:{""vec"":{""element_type"":{""udt"":{""name"":""MintBatchOperation""}}}} caller:address idempotency_key:string","","10"
"83c27967d766a02436b37e0ad3bb5edf498248c453f6d02616397bb38f6e9ce9","mint","to:address amount:i128","{""result"":{""ok_type"":{""tuple"":{""value_types"":[]}},""error_type"":{""udt"":{""name"":""NovaireYtError""}}}}","1"
"848e901e7b141af830c87227c4becb05abbfdaa6f97657dd29e166383cc8894e","mint","account:address amount:i128","","1"
"84eef80b90e1a53eb3af5e3114c6211ce736765506cda195bf6d753c9957ceea","verify_compliant_mint","user_commitment:{""bytes_n"":{""n"":32}} mint_amount_commitment:{""bytes_n"":{""n"":32}} kyc_proof:{""vec"":{""element_type"":{""bytes_n"":{""n"":32}}}} kyc_asp_root:{""bytes_n"":{""n"":32}} ofac_proof:{""vec"":{""element_type"":{""bytes_n"":{""n"":32}}}} ofac_cleared_root:{""bytes_n"":{""n"":32}} tbill_proof:{""vec"":{""element_type"":{""bytes_n"":{""n"":32}}}} plaid_attestation:{""bytes_n"":{""n"":32}}","bool","1"
"85693704d656eb99af464d553a0a8d99b62d039223e72e86b98655def0d345ca","is_minter","minter:address","bool","0"
"85693704d656eb99af464d553a0a8d99b62d039223e72e86b98655def0d345ca","mint_from","minter:address to:address amount:i128","{""result"":{""ok_type"":{""tuple"":{""value_types"":[]}},""error_type"":{""udt"":{""name"":""ContractError""}}}}","0"
"85693704d656eb99af464d553a0a8d99b62d039223e72e86b98655def0d345ca","add_minter","minter:address","","0"
"85693704d656eb99af464d553a0a8d99b62d039223e72e86b98655def0d345ca","remove_minter","minter:address","","0"
"85693704d656eb99af464d553a0a8d99b62d039223e72e86b98655def0d345ca","mint","to:address amount:i128","","0"
"85d4a95d66af0589f4645cc2f4a37dd90c483d52721ecc5167846029e7d2cd48","mint_vouch","from:address claim_hash:{""bytes_n"":{""n"":32}} note:string","u64","0"
"85ec32b8b68141a05ead5a326e9037798622272ecc04d762fe10fb8314498067","mint","to:address amount:i128","","0"
"8641eb97d36d09bb436b0e15019a159eddfe2980fff82b7b572ee204f7c5729e","mint","to:address","","3"
"86b099d8c4eaf15d92b0aa89cacc1d9e4aa43e340417bf00e01ac6c6e9fbcadf","mint","minter:address to:address","u32","1"
"86b099d8c4eaf15d92b0aa89cacc1d9e4aa43e340417bf00e01ac6c6e9fbcadf","is_minter","account:address","bool","1"
"86b099d8c4eaf15d92b0aa89cacc1d9e4aa43e340417bf00e01ac6c6e9fbcadf","batch_mint","minter:address to:address count:u32","{""vec"":{""element_type"":""u32""}}","1"
"86b099d8c4eaf15d92b0aa89cacc1d9e4aa43e340417bf00e01ac6c6e9fbcadf","public_mint","to:address uri:string","u32","1"
"86b099d8c4eaf15d92b0aa89cacc1d9e4aa43e340417bf00e01ac6c6e9fbcadf","grant_minter","account:address","","1"
"86b099d8c4eaf15d92b0aa89cacc1d9e4aa43e340417bf00e01ac6c6e9fbcadf","mint_with_id","minter:address to:address token_id:u32","u32","1"
"86b099d8c4eaf15d92b0aa89cacc1d9e4aa43e340417bf00e01ac6c6e9fbcadf","revoke_minter","account:address","","1"
"86b099d8c4eaf15d92b0aa89cacc1d9e4aa43e340417bf00e01ac6c6e9fbcadf","mint_soulbound","minter:address to:address","u32","1"
"86b099d8c4eaf15d92b0aa89cacc1d9e4aa43e340417bf00e01ac6c6e9fbcadf","public_mint_v2","to:address uri:string is_standard:bool is_soulbound:bool swaps_chain:{""vec"":{""element_type"":{""tuple"":{""value_types"":[{""vec"":{""element_type"":""address""}},{""bytes_n"":{""n"":32}},""address""]}}}} tier:u32 expected_aqua_amount:i128","u32","1"
"86b099d8c4eaf15d92b0aa89cacc1d9e4aa43e340417bf00e01ac6c6e9fbcadf","set_mint_config","payment_token:address price:i128 price_soulbound:i128 treasury:address yield_router:address","","1"
"86b099d8c4eaf15d92b0aa89cacc1d9e4aa43e340417bf00e01ac6c6e9fbcadf","mint_with_royalty","minter:address to:address royalty_receiver:address royalty_bps:u32","u32","1"
"86b099d8c4eaf15d92b0aa89cacc1d9e4aa43e340417bf00e01ac6c6e9fbcadf","set_mint_config_v2","payment_token:address price_pfp:i128 price_standard:i128 price_soulbound_addon:i128 price_royalty_addon:i128 treasury:address yield_router:address","","1"
"86b099d8c4eaf15d92b0aa89cacc1d9e4aa43e340417bf00e01ac6c6e9fbcadf","public_mint_soulbound","to:address uri:string","u32","1"
"86b099d8c4eaf15d92b0aa89cacc1d9e4aa43e340417bf00e01ac6c6e9fbcadf","public_mint_with_royalty","to:address uri:string royalty_receiver:address royalty_bps:u32","u32","1"
"86b099d8c4eaf15d92b0aa89cacc1d9e4aa43e340417bf00e01ac6c6e9fbcadf","public_mint_with_royalty_v2","to:address uri:string is_standard:bool royalty_receiver:address royalty_bps:u32 swaps_chain:{""vec"":{""element_type"":{""tuple"":{""value_types"":[{""vec"":{""element_type"":""address""}},{""bytes_n"":{""n"":32}},""address""]}}}} tier:u32 expected_aqua_amount:i128","u32","1"
"870fd9304761816a8659f3b64fb7b66108e9ed292eb09972bea2075eb4231317","mint","to:address token_id:u64 token_uri:string order_id:string order_item_id:string","{""result"":{""ok_type"":{""tuple"":{""value_types"":[]}},""error_type"":{""udt"":{""name"":""ContractError""}}}}","1"
"870fd9304761816a8659f3b64fb7b66108e9ed292eb09972bea2075eb4231317","set_minter","new_minter:address","{""result"":{""ok_type"":{""tuple"":{""value_types"":[]}},""error_type"":{""udt"":{""name"":""ContractError""}}}}","1"
"87827804b54949689011b7f0e31db471e737dbe7ba4f1ab972c90ea1536a1dc3","mint","to:address amount:i128","","49"
"87939fe1a1f53f93485f789a269d6805ed2f5f538192bc12bf140c05b434815a","mint","minter:address to:address","u32","1"
"87939fe1a1f53f93485f789a269d6805ed2f5f538192bc12bf140c05b434815a","is_minter","account:address","bool","1"
"87939fe1a1f53f93485f789a269d6805ed2f5f538192bc12bf140c05b434815a","batch_mint","minter:address to:address count:u32","{""vec"":{""element_type"":""u32""}}","1"
"87939fe1a1f53f93485f789a269d6805ed2f5f538192bc12bf140c05b434815a","public_mint","to:address uri:string","u32","1"
"87939fe1a1f53f93485f789a269d6805ed2f5f538192bc12bf140c05b434815a","grant_minter","account:address","","1"
"87939fe1a1f53f93485f789a269d6805ed2f5f538192bc12bf140c05b434815a","mint_with_id","minter:address to:address token_id:u32","u32","1"
"87939fe1a1f53f93485f789a269d6805ed2f5f538192bc12bf140c05b434815a","revoke_minter","account:address","","1"
"87939fe1a1f53f93485f789a269d6805ed2f5f538192bc12bf140c05b434815a","mint_soulbound","minter:address to:address","u32","1"
"87939fe1a1f53f93485f789a269d6805ed2f5f538192bc12bf140c05b434815a","set_mint_config","payment_token:address price:i128 price_soulbound:i128 treasury:address yield_router:address","","1"
"87939fe1a1f53f93485f789a269d6805ed2f5f538192bc12bf140c05b434815a","mint_with_royalty","minter:address to:address royalty_receiver:address royalty_bps:u32","u32","1"
"87939fe1a1f53f93485f789a269d6805ed2f5f538192bc12bf140c05b434815a","public_mint_soulbound","to:address uri:string","u32","1"
"88058a06b01086d571e2bf54c6195691a40d22fa9a805dce49c040d3d2bb22de","mint_fee_bps","","u32","0"
"88058a06b01086d571e2bf54c6195691a40d22fa9a805dce49c040d3d2bb22de","set_mint_fee","admin:address fee_bps:u32","{""result"":{""ok_type"":""void"",""error_type"":""error""}}","0"
"88a43cd89d2c0a494ff92c7f236faa3f6e0a6e88032f5dd5b30e428f254f68e1","mint","user:address amount:u32","","1"
"88a43cd89d2c0a494ff92c7f236faa3f6e0a6e88032f5dd5b30e428f254f68e1","get_min_nfts_to_mint","","u32","1"
"88ff0ceceb997692bda00181ef05a001a7921e8c8df97871c490b221290bc79f","mint","to:address amount:i128","{""result"":{""ok_type"":{""tuple"":{""value_types"":[]}},""error_type"":{""udt"":{""name"":""TokenError""}}}}","2"
"88ff0ceceb997692bda00181ef05a001a7921e8c8df97871c490b221290bc79f","mint_scaled","caller:address on_behalf_of:address amount:u128 index:u128","{""result"":{""ok_type"":{""tuple"":{""value_types"":[""bool"",""i128"",""i128""]}},""error_type"":{""udt"":{""name"":""TokenError""}}}}","2"
"89a1ae9313b9abd1a93c5bf42b2982474dac263593a73a1ee5cd7dd0d8240b63","mint","caller:address pool_id:{""udt"":{""name"":""PoolId""}} account:{""udt"":{""name"":""Account""}} tick_lower:i32 tick_upper:i32 amount:u128 initial_price:{""option"":{""value_type"":{""udt"":{""name"":""SqrtPriceX96""}}}}","{""result"":{""ok_type"":{""tuple"":{""value_types"":[""u128"",""i128""]}},""error_type"":""error""}}","1"
"8a339bce6c59b2aa97b8e8efd2db061a7d65b8f5583ddcc4b3ec29a27f27930c","mint_from","caller:address account:address amount:i128","","1"
"8a339bce6c59b2aa97b8e8efd2db061a7d65b8f5583ddcc4b3ec29a27f27930c","mint","account:address amount:i128","","1"
"8a87707d8c197418dfccf6de25f33b389a10589cfc6230b99db29569d41e1e5f","mint","try_stage_index:u32 recipient:address quantity:u32","{""vec"":{""element_type"":""u32""}}","2"
"8a87707d8c197418dfccf6de25f33b389a10589cfc6230b99db29569d41e1e5f","mint_to","recipient:address quantity:u32","{""vec"":{""element_type"":""u32""}}","2"
"8a87707d8c197418dfccf6de25f33b389a10589cfc6230b99db29569d41e1e5f","get_total_minted","minter:address","{""vec"":{""element_type"":""u32""}}","2"
"8a933701fa813752396f554fd37422a1b68eb912601ec438b6fbdf737943e23a","mint","to:address amount:i128","","0"
"8aa6278bc42ef5b60260a500c5c243a1309f2de7ce9a2c31131a771a0317815b","retry_mint","relayer:address xrpl_tx_hash:string","{""result"":{""ok_type"":""u64"",""error_type"":{""udt"":{""name"":""BridgeError""}}}}","1"
"8aa6278bc42ef5b60260a500c5c243a1309f2de7ce9a2c31131a771a0317815b","mint_wrapped","relayer:address recipient:address asset_code:string amount:i128 xrpl_tx_hash:string","{""result"":{""ok_type"":""u64"",""error_type"":{""udt"":{""name"":""BridgeError""}}}}","1"
"8aa6278bc42ef5b60260a500c5c243a1309f2de7ce9a2c31131a771a0317815b","get_pending_mints","","{""vec"":{""element_type"":{""udt"":{""name"":""MintRequest""}}}}","1"
"8ad7472a0d3980aee12718a7e4e09dee9ad4657b4346e112057b57a4739b3fde","mint_from","caller:address account:address amount_shares:i128","","1"
"8b0e0ae428e4dd36aabe9a8476c1e4962ff1d2c4e8afbcd66ef2223177e3f515","mint","to:address amount:i128","","1"
"8b31ad8d075f5b300a062d79fb010dfea11a7138f756ecf994499808618e334e","mint","to:address amount:i128","","1"
"8b57c490c5eef1f5e2aabc37ba5a452da1f132cc00f9be8b093475a95302fa35","mint","to:address amount:i128","{""result"":{""ok_type"":""void"",""error_type"":{""udt"":{""name"":""TokenError""}}}}","4"
"8b57c490c5eef1f5e2aabc37ba5a452da1f132cc00f9be8b093475a95302fa35","minter","","address","4"
"8b57c490c5eef1f5e2aabc37ba5a452da1f132cc00f9be8b093475a95302fa35","set_minter","new_minter:address","{""result"":{""ok_type"":""void"",""error_type"":{""udt"":{""name"":""TokenError""}}}}","4"
"8b57c490c5eef1f5e2aabc37ba5a452da1f132cc00f9be8b093475a95302fa35","burn_by_minter","from:address amount:i128","{""result"":{""ok_type"":""void"",""error_type"":{""udt"":{""name"":""TokenError""}}}}","4"
"8b9159baf55d4e9b9768aeed5bf925eba43a221f20d52857abf1e35a38f03a7c","mint","to:address amount:i128 operator:address","","2"
"8ca45a64725ca9c5ff599abbcabea49939106ba9d0312bf9586514079a65a86e","advance_mint","operator:address","u32","2"
"8d26318b3c2baed9d4569c099177b16f5a7ef629d52dbb9ddc027125d5eb2e45","token_messenger_minter","","{""result"":{""ok_type"":""address"",""error_type"":""error""}}","1"
"8d3a30572618b43c442380bfa41d5894e152fd2e75c749a80627643b7cc8984b","total_minted","","u32","0"
"8d88bcb8145d879de40a50adc240f8f6dfc655f742ae02b86b5c2f204fa5af8d","mint","to:address","","2"
"8dbfca48ba362d1437bae799056d801886ebd571fc4a8dc467ee4a8b1903a9d7","mint","to:address amount:i128","{""result"":{""ok_type"":""void"",""error_type"":{""udt"":{""name"":""OmniseaError""}}}}","1"
"8de35d06cf808b9e6dc16269cf7433d401c1c009358adfb15ec91fe0b739b72d","mint","to:address","u32","0"
"8de494f9dbef2103a52538f664d03521802959efbdb91fc30769c81cebf65c0d","mint","to:address","u32","1"
"8e2d69057bcd0087794cbd5ba37e3cc9c97226c6bf1198f9c29d6ade8f008f35","mint","to:address token_id:u32 node:{""bytes_n"":{""n"":32}}","","1"
"8e37b9149063338d2606522e375aa7bdc133bc7cf17e6aedc10305a270cda304","glyph_mint","minter:address to:{""option"":{""value_type"":""address""}} colors:{""map"":{""key_type"":""address"",""value_type"":{""map"":{""key_type"":""u32"",""value_type"":{""vec"":{""element_type"":""u32""}}}}}} width:{""option"":{""value_type"":""u32""}}","{""option"":{""value_type"":{""bytes_n"":{""n"":32}}}}","1"
"8eac62d83a23008dda6ac6fe4b8ec9700fd2057daea0c304fafafeba49159e35","public_mint","to:address uri:string","u32","2"
"8eac62d83a23008dda6ac6fe4b8ec9700fd2057daea0c304fafafeba49159e35","total_minted","","u32","2"
"8eac62d83a23008dda6ac6fe4b8ec9700fd2057daea0c304fafafeba49159e35","public_mint_soulbound","to:address uri:string","u32","2"
"8f1a1bd11cb8db0ffee8e7ce3f3c354c3b6f002f14e8e94d92c01848264163c4","mint","to:address amount:i128","","1"
"900c33b69cbe34748df4443f7681775a02b30599e3bab9c7c9f8b3225a3b1f1b","mint","to:address amount:i128","","1"
"9011a61f9abfe61961383a846a5acf42e7b0be562a9942f11ab80ab8c8050a33","total_minted","","u32","0"
"903bf59c7c6a9733543282e98136806dd4f5a9c775132ff5a42e9fcb4ddb6f2a","mint","to:address amount:i128","","3"
"9058c3f1c742cd26735f8682a0aa8294b6d3b60f539cf1a471de32499142423c","mint","to:address","u32","1"
"9058c3f1c742cd26735f8682a0aa8294b6d3b60f539cf1a471de32499142423c","total_minted","","u32","1"
"9081fb67960cc9ce9db59246d5f9b7c35c4af9fefaae36ca232d98b51c2d6c0c","get_mint","user_hash:{""bytes_n"":{""n"":32}} seq:u64","{""udt"":{""name"":""MintEntry""}}","1"
"9081fb67960cc9ce9db59246d5f9b7c35c4af9fefaae36ca232d98b51c2d6c0c","mint_batch","caller:address user_hash:{""bytes_n"":{""n"":32}} timestamps:{""vec"":{""element_type"":""u64""}} split_indices:{""vec"":{""element_type"":""u32""}} total_splits_vec:{""vec"":{""element_type"":""u32""}} acceptance_windows:{""vec"":{""element_type"":""u32""}} amounts:{""vec"":{""element_type"":""u64""}} dbc_id_hashes:{""vec"":{""element_type"":{""bytes_n"":{""n"":32}}}} source_usernames:{""vec"":{""element_type"":""bytes""}}","u64","1"
"9081fb67960cc9ce9db59246d5f9b7c35c4af9fefaae36ca232d98b51c2d6c0c","get_mint_count","user_hash:{""bytes_n"":{""n"":32}}","u64","1"
"90d65279b7c21648875949c4885bd5c588ca547e343027f130b3d0ee34640336","mint_from","caller:address account:address amount:i128","","2"
"90d65279b7c21648875949c4885bd5c588ca547e343027f130b3d0ee34640336","mint","account:address amount:i128","","2"
"90ec1d8eec3045a257fe12cd1779b9553276654b2805fc28c20c84ba88308ac5","mint_salad","owner:address number_of_tokens:{""option"":{""value_type"":""u32""}}","","0"
"91acbf2ee24b5ac4d51c7f470e9c0560799003f55699c464e2a7d364c4d4bef3","mint_to_account","account:address amount:i128","{""result"":{""ok_type"":{""tuple"":{""value_types"":[]}},""error_type"":""error""}}","1"
"91f2e5903d7318c831cbde0f42d82e83a5f477bccfafece9c3b3310fa695f421","mint","caller:address targets:{""vec"":{""element_type"":{""udt"":{""name"":""MintTarget""}}}}","i128","34"
"9229544366366dc1df1b4a500901ea1a0b678d80897e31ce3eb4a4c4593fca6e","mint","to:address","u32","1"
"9229544366366dc1df1b4a500901ea1a0b678d80897e31ce3eb4a4c4593fca6e","mint_batch","to:address count:u32","u32","1"
"9229544366366dc1df1b4a500901ea1a0b678d80897e31ce3eb4a4c4593fca6e","public_mint","to:address","u32","1"
"9229544366366dc1df1b4a500901ea1a0b678d80897e31ce3eb4a4c4593fca6e","mint_with_id","to:address id:u32","","1"
"9229544366366dc1df1b4a500901ea1a0b678d80897e31ce3eb4a4c4593fca6e","total_minted","","u32","1"
"9229544366366dc1df1b4a500901ea1a0b678d80897e31ce3eb4a4c4593fca6e","whitelist_mint","to:address proof:{""vec"":{""element_type"":{""bytes_n"":{""n"":32}}}}","u32","1"
"9229544366366dc1df1b4a500901ea1a0b678d80897e31ce3eb4a4c4593fca6e","public_mint_active","","bool","1"
"9229544366366dc1df1b4a500901ea1a0b678d80897e31ce3eb4a4c4593fca6e","set_public_mint_active","active:bool","","1"
"9285a8b559948d2edcf39f470860718198799bd6cbf15d72ec3f63206e2e9c5b","mint","to:address amount:i128","","1"
"9300128650d6ac0387c5a98cb697637c5e0e5432694e6993d5276fac9b507cda","total_minted","","u32","0"
"9305b0f1032e14366da60399707d4c3666d9cce1bb28cd32d3386549293028b5","mint","admin:address to:address amount:u256","","0"
"931f5d79888f6328e0b7c64038d7d2a5dcc00e6a3decbc31cdbdbf978adbee99","mint_nft","from:address story_id:u64","{""result"":{""ok_type"":""u64"",""error_type"":""error""}}","1"
"93773bc2317e4b6b3c2908f48437fdb772f427b572c5f7cf0bb202ddef65cba1","mint","to:address amount:i128","","2"
"93c05940680e9d119928276087876d5ec3cfa5063489477d884c4781860fbc59","mint_fee_bps","","u32","1"
"93c05940680e9d119928276087876d5ec3cfa5063489477d884c4781860fbc59","set_mint_fee","admin:address fee_bps:u32","{""result"":{""ok_type"":""void"",""error_type"":""error""}}","1"
"93c5e22d071a330e789bc6a62409a87a0c05966273977e22fcabfc57e834f548","mint","to:address amount:i128","","48"
"93d19b323410d6cb4373e869a7c0f7711c39d3103fb82c4d65649735b3129607","mint_and_update","nft_contract:address valuechain_id:string token_id:u64 ipcm_key:string nft_data:string cid:string updated_by:address","","1"
"93f5d2b314e4d56a5b8b900ebf3af5b640315008d6a7293004018d167f535542","mint_from","account:address amount:i128 caller:address","","1"
"94313c946697c20f336f380782f7a7083a475c7cd18078c54c8d8108dbed6985","mint_batch","recipients:{""vec"":{""element_type"":""address""}} amount:i128","","1"
"94313c946697c20f336f380782f7a7083a475c7cd18078c54c8d8108dbed6985","mint_tokens","to:address amount:i128","","1"
"94b3c032a5701c727281c82ede3ec446c7b452bf0387a47daa2606fbcd68f361","mint","user:address amount:i128","u64","1"
"94d328b8fb8b31a74c6d316e157b9d427e4f46def0faeffbf426b392fc6020ac","mint","to:address amount:i128 operator:address","","1"
"94d328b8fb8b31a74c6d316e157b9d427e4f46def0faeffbf426b392fc6020ac","mint_cap","","i128","1"
"94d328b8fb8b31a74c6d316e157b9d427e4f46def0faeffbf426b392fc6020ac","set_mint_cap","cap:i128","","1"
"94d328b8fb8b31a74c6d316e157b9d427e4f46def0faeffbf426b392fc6020ac","total_minted","","i128","1"
"94e680699c16a4bf9f09d9077b7269c282e4162d5f331bb4173bd2095e18ab94","mint","to:address token_id:u32","u32","1"
"94e680699c16a4bf9f09d9077b7269c282e4162d5f331bb4173bd2095e18ab94","mint_with_data","to:address token_id:u32 data:{""udt"":{""name"":""TokenData""}}","u32","1"
"94e680699c16a4bf9f09d9077b7269c282e4162d5f331bb4173bd2095e18ab94","bulk_mint_with_data","tokens:{""vec"":{""element_type"":{""tuple"":{""value_types"":[""address"",""u32"",{""udt"":{""name"":""TokenData""}}]}}}}","","1"
"953455cfe371352742ea34134ed6dfefae8844ed44511895fec729edfb166171","mint","to:address amount:i128","","0"
"95468d6baff19b53e54ecac4b9b544ff7eb8f2a19366ff99ca55423c8ed187f2","total_minted","","u32","0"
"95a8e0018530226701ef8d31c7d4c2fe20ed9d7c303a14a70c3d96848ca4fa54","mint","sender:address recipient:address tick_lower:i32 tick_upper:i32 amount:u128 hints:{""udt"":{""name"":""OracleHints""}}","{""result"":{""ok_type"":{""tuple"":{""value_types"":[""u128"",""u128""]}},""error_type"":""error""}}","61"
"96069191898f8412bc97880e68a7bca8a54916e8c71e7161a1d2e8fef3c1ceda","mint","minter:address to:address","u32","1"
"96069191898f8412bc97880e68a7bca8a54916e8c71e7161a1d2e8fef3c1ceda","is_minter","account:address","bool","1"
"96069191898f8412bc97880e68a7bca8a54916e8c71e7161a1d2e8fef3c1ceda","batch_mint","minter:address to:address count:u32","{""vec"":{""element_type"":""u32""}}","1"
"96069191898f8412bc97880e68a7bca8a54916e8c71e7161a1d2e8fef3c1ceda","has_minted","account:address","bool","1"
"96069191898f8412bc97880e68a7bca8a54916e8c71e7161a1d2e8fef3c1ceda","public_mint","to:address","u32","1"
"96069191898f8412bc97880e68a7bca8a54916e8c71e7161a1d2e8fef3c1ceda","grant_minter","account:address","","1"
"96069191898f8412bc97880e68a7bca8a54916e8c71e7161a1d2e8fef3c1ceda","total_minted","","u32","1"
"96069191898f8412bc97880e68a7bca8a54916e8c71e7161a1d2e8fef3c1ceda","revoke_minter","account:address","","1"
"96069191898f8412bc97880e68a7bca8a54916e8c71e7161a1d2e8fef3c1ceda","set_public_mint","active:bool","","1"
"96069191898f8412bc97880e68a7bca8a54916e8c71e7161a1d2e8fef3c1ceda","is_public_mint_active","","bool","1"
"964d30c5347fc975dad81d84634b22bb578b9d0e733f13a91b44ecd459001342","mint","account:address amount:i128 caller:address","","1"
"96b10c6777a412c435774f855b15a0e51bb0c2d37f00334cae31d974ff610b70","mint","to:address","u32","1"
"96b10c6777a412c435774f855b15a0e51bb0c2d37f00334cae31d974ff610b70","mint_batch","to:address count:u32","u32","1"
"96b10c6777a412c435774f855b15a0e51bb0c2d37f00334cae31d974ff610b70","public_mint","to:address","u32","1"
"96b10c6777a412c435774f855b15a0e51bb0c2d37f00334cae31d974ff610b70","mint_with_id","to:address id:u32","","1"
"96b10c6777a412c435774f855b15a0e51bb0c2d37f00334cae31d974ff610b70","total_minted","","u32","1"
"96b10c6777a412c435774f855b15a0e51bb0c2d37f00334cae31d974ff610b70","whitelist_mint","to:address proof:{""vec"":{""element_type"":{""bytes_n"":{""n"":32}}}}","u32","1"
"96b10c6777a412c435774f855b15a0e51bb0c2d37f00334cae31d974ff610b70","public_mint_active","","bool","1"
"96b10c6777a412c435774f855b15a0e51bb0c2d37f00334cae31d974ff610b70","set_public_mint_active","active:bool","","1"
"9726d6f1efb0ada9987b1f28f8080804248ab0847b59d5d04b91d2176af6b276","glyph_mint","minter:address to:{""option"":{""value_type"":""address""}} colors:{""map"":{""key_type"":""address"",""value_type"":{""map"":{""key_type"":""u32"",""value_type"":{""vec"":{""element_type"":""u32""}}}}}} width:{""option"":{""value_type"":""u32""}}","{""option"":{""value_type"":{""bytes_n"":{""n"":32}}}}","0"
"97c83287d8fd8f1bfdfdb4c9e3a97f15711cff83093600a37c60d51972af5bc6","mint","to:address metadata_uri:string","u32","1"
"97f76d7b40a1d9e0c9718e4e28d51d387849cb187f028eb3e3ee8ebec4c13c9e","mint","to:address","u32","0"
"9806c12b257cf57aed19c2b00ad510fa14a8acdbc1592a885e5ef2dc59d26429","mint_badge","wallet:address badge_type:symbol cycle_id:u32 expiry:u64 signature:{""bytes_n"":{""n"":64}}","{""result"":{""ok_type"":""u32"",""error_type"":{""udt"":{""name"":""BadgeError""}}}}","2"
"98b8a8bb1f29ec8bd430d9885a6785335f38c2eba41fcd66c6030dd4ab009c1e","total_minted","","u32","1"
"98d06f5676debc0d43e1056c76acdcafb5afc4b44860b56b6704adda85e05765","total_minted","","u32","1"
"98eda5f67e4a35d965abb2b254dd5c861536407dd2caca535a4b77825ebb3bfb","mint","shares:i128 receiver:address from:address operator:address","i128","2"
"98eda5f67e4a35d965abb2b254dd5c861536407dd2caca535a4b77825ebb3bfb","max_mint","receiver:address","i128","2"
"98eda5f67e4a35d965abb2b254dd5c861536407dd2caca535a4b77825ebb3bfb","preview_mint","shares:i128","i128","2"
"98edca8d788ed0038e845ec69a55b31d353b4dec4418fd98200afd6a3d8562f3","mint","shares:i128 receiver:address from:address operator:address","i128","1"
"98edca8d788ed0038e845ec69a55b31d353b4dec4418fd98200afd6a3d8562f3","max_mint","receiver:address","i128","1"
"98edca8d788ed0038e845ec69a55b31d353b4dec4418fd98200afd6a3d8562f3","preview_mint","shares:i128","i128","1"
"99412caa6515ca93a6f17256480a6dbef5c3cb2e8b67cb9666a209b64d4a8142","mint_interest","recipient:address amount:i128 distribution_id:string","{""result"":{""ok_type"":{""tuple"":{""value_types"":[]}},""error_type"":""error""}}","1"
"99412caa6515ca93a6f17256480a6dbef5c3cb2e8b67cb9666a209b64d4a8142","mint_with_receipt","recipient:address amount:i128 asset:string chain:string tx_id:string","{""result"":{""ok_type"":{""tuple"":{""value_types"":[]}},""error_type"":""error""}}","1"
"995a77962258898fa3f574a5729a69831e0cabeaf43a43987ca8829acb59715b","mint","to:address amount:i128","","8"
"995e3a58b3cc7e12a85f2c72c23b1eeb29af4f71679547a66eb82eaf48dbec1b","mint","to:address","u32","1"
"995e3a58b3cc7e12a85f2c72c23b1eeb29af4f71679547a66eb82eaf48dbec1b","mint_batch","to:address count:u32","u32","1"
"995e3a58b3cc7e12a85f2c72c23b1eeb29af4f71679547a66eb82eaf48dbec1b","public_mint","to:address","u32","1"
"995e3a58b3cc7e12a85f2c72c23b1eeb29af4f71679547a66eb82eaf48dbec1b","mint_with_id","to:address id:u32","","1"
"995e3a58b3cc7e12a85f2c72c23b1eeb29af4f71679547a66eb82eaf48dbec1b","total_minted","","u32","1"
"995e3a58b3cc7e12a85f2c72c23b1eeb29af4f71679547a66eb82eaf48dbec1b","whitelist_mint","to:address proof:{""vec"":{""element_type"":{""bytes_n"":{""n"":32}}}}","u32","1"
"995e3a58b3cc7e12a85f2c72c23b1eeb29af4f71679547a66eb82eaf48dbec1b","public_mint_active","","bool","1"
"995e3a58b3cc7e12a85f2c72c23b1eeb29af4f71679547a66eb82eaf48dbec1b","set_public_mint_active","active:bool","","1"
"9971ce9aa0bdc232ecc4ac3ce5c34855f5e2c0b9a4973efd0f7c6b218c966f5b","mint_with_voucher","slug:string name:string recipient:address nonce:u64 signature:{""bytes_n"":{""n"":64}}","u32","1"
"998bd960724fc7eda978da9dc6764f70810f3d731566f035f9eb172e3332a8ba","total_minted","","u32","0"
"998e1a42589b06a2345d08ff51e730a4f45cb9828e2258610227b887e6bf265c","mint","to:address amount:i128","","0"
"9999d894a1c72aa08aae96a40c3c13a80a95a5a520501c257af2ed3530c26980","mint","user:address to:address amount:i128","","14"
"99b259982c64531bfaf9c78a3ed4b2164693a020cfc02a2e38c37be78fae78c4","mint","minter:address to:address","u32","1"
"99b259982c64531bfaf9c78a3ed4b2164693a020cfc02a2e38c37be78fae78c4","is_minter","account:address","bool","1"
"99b259982c64531bfaf9c78a3ed4b2164693a020cfc02a2e38c37be78fae78c4","batch_mint","minter:address to:address count:u32","{""vec"":{""element_type"":""u32""}}","1"
"99b259982c64531bfaf9c78a3ed4b2164693a020cfc02a2e38c37be78fae78c4","grant_minter","account:address","","1"
"99b259982c64531bfaf9c78a3ed4b2164693a020cfc02a2e38c37be78fae78c4","mint_with_id","minter:address to:address token_id:u32","u32","1"
"99b259982c64531bfaf9c78a3ed4b2164693a020cfc02a2e38c37be78fae78c4","revoke_minter","account:address","","1"
"99b259982c64531bfaf9c78a3ed4b2164693a020cfc02a2e38c37be78fae78c4","mint_soulbound","minter:address to:address","u32","1"
"99b259982c64531bfaf9c78a3ed4b2164693a020cfc02a2e38c37be78fae78c4","mint_with_royalty","minter:address to:address royalty_receiver:address royalty_bps:u32","u32","1"
"99f98ecb0d199523a937c327daee39ed5029303656d6994868880ef62ef59919","mint","to:address","u32","1"
"99f98ecb0d199523a937c327daee39ed5029303656d6994868880ef62ef59919","total_minted","","u32","1"
"9a4cf40826124324d9c45c805d1512ca5b08cf6a6f70a11cf70e719194d9a36e","mint_from","caller:address account:address amount:i128","","1"
"9a4cf40826124324d9c45c805d1512ca5b08cf6a6f70a11cf70e719194d9a36e","mint","account:address amount:i128","","1"
"9aabb3fc3e8a3ff57d391cc6a24d3e2d53f46f14a4a15f50c6b4e71f544651b6","get_total_minted","","i32","3"
"9aabb3fc3e8a3ff57d391cc6a24d3e2d53f46f14a4a15f50c6b4e71f544651b6","mint","to:address","{""result"":{""ok_type"":""u32"",""error_type"":{""udt"":{""name"":""NonFungibleTokenContractError""}}}}","3"
"9c341f40a4bfccbdd68210c56fca3857d8b957c691f22040e06dde4aebc7c5f5","mint","to:address","u32","0"
"9c4cb0e5941247f5697dc3d8c819f2a6383e4de8a96f23342f591116d3f3d9e7","mint_terry","player:address amount:i128","","1"
"9c4cb0e5941247f5697dc3d8c819f2a6383e4de8a96f23342f591116d3f3d9e7","batch_mint_terry","to_addresses:{""vec"":{""element_type"":""address""}} amounts:{""vec"":{""element_type"":""i128""}}","","1"
"9c4cb0e5941247f5697dc3d8c819f2a6383e4de8a96f23342f591116d3f3d9e7","mint","user:address token_id:{""udt"":{""name"":""TokenId""}} card_level:u32 buy_currency:{""udt"":{""name"":""Currency""}}","","1"
"9c8830bdb1fe887a09cac82abcb0c9de70b55b8311c210b99f8962b56d3c6d78","mint_with_data","to:address data:{""udt"":{""name"":""TokenData""}}","u32","4"
"9c8830bdb1fe887a09cac82abcb0c9de70b55b8311c210b99f8962b56d3c6d78","mint","to:address","u32","4"
"9c968da6c6e0291439c903ca35891d76b5ade22a490492303a1f4ca25959a192","mint_with_metadata","caller:address to:address nft_metadata:{""udt"":{""name"":""NFTMetadata""}}","u32","1"
"9caf42f4d410e95f648e3ce7494c555933329abe2fb20f1eaeea1c4a6d230ee9","mint_and_swap","user:address market:address xlm_amount:u64 buy_yes:bool min_tokens_out:u64","{""result"":{""ok_type"":""u64"",""error_type"":{""udt"":{""name"":""ContractError""}}}}","1"
"9caf42f4d410e95f648e3ce7494c555933329abe2fb20f1eaeea1c4a6d230ee9","mint_and_swap_usdc","user:address market:address usdc_amount:u64 buy_yes:bool min_xlm_out:u64 min_tokens_out:u64","{""result"":{""ok_type"":""u64"",""error_type"":{""udt"":{""name"":""ContractError""}}}}","1"
"9d55e19fd956cd9045d6a1b443934a9a96679ca1066f74ae2279ebf5bb72bd5a","mint","to:address amount:i128","","1"
"9d605447a1b64dc7551f6a0aa61cbce9cb1c7322e221a21e1d30f6b96c3fdb4f","add_minterminos","email:address cantidad_minterminos:i32 cantidad_assets:i32","","1"
"9d605447a1b64dc7551f6a0aa61cbce9cb1c7322e221a21e1d30f6b96c3fdb4f","get_minterminos","email:address","i32","1"
"9d605447a1b64dc7551f6a0aa61cbce9cb1c7322e221a21e1d30f6b96c3fdb4f","subtract_minterminos","_token:string email:address cantidad_minterminos:i32","string","1"
"9fc698f1cfb1ff9f72c82408495445f5b3337df29249fa7230ea6da085ef13d3","total_minted","","u32","0"
"9fd01d6e0a14f56841d197c29cc5bee86fa63d56d724841dd559d53f9e4ca446","mint","to:address amount:i128","","0"
"a0b1ed527acca9637b9e1c817c3b840918d9782055e5e03ee297de02dbed7577","mint","to:address amount:i128","","1"
"a0bdcd380df1a1dd2e19da4b641bc499eddb48c786754252a897e7d08e483a6f","mint","to:address token_id:string metadata_uri:string order_id:string order_item_id:string","{""result"":{""ok_type"":{""udt"":{""name"":""Token""}},""error_type"":{""udt"":{""name"":""ContractError""}}}}","3"
"a0bdcd380df1a1dd2e19da4b641bc499eddb48c786754252a897e7d08e483a6f","get_minter","","{""result"":{""ok_type"":""address"",""error_type"":{""udt"":{""name"":""ContractError""}}}}","3"
"a0bdcd380df1a1dd2e19da4b641bc499eddb48c786754252a897e7d08e483a6f","set_minter","new_minter:address","{""result"":{""ok_type"":{""tuple"":{""value_types"":[]}},""error_type"":{""udt"":{""name"":""ContractError""}}}}","3"
"a0dada7fc6e369d598b02909014cfa261571629f3e45151d23e36fc17c38a1df","mint","to:address amount:i128","","4"
"a0db88b6da6f83bf1c2c8fafcc8fa9cf9d2abc7f8507d831d086aa2c6ad5fc1b","mint","account:address amount:i128","","4"
"a0ea8cf0875dad586735ac36a88fee80d1488cb1f6683239f2f5023a39747628","mint","to:address amount:i128","","0"
"a0fdcf79215427674c81f4f69df44b40cad73d397a09ddaa6ca0779ba86f2c00","glyph_mint","hash:{""bytes_n"":{""n"":32}} minter:address to:{""option"":{""value_type"":""address""}} colors:{""map"":{""key_type"":""address"",""value_type"":{""map"":{""key_type"":""u32"",""value_type"":{""vec"":{""element_type"":""u32""}}}}}} width:{""option"":{""value_type"":""u32""}}","","1"
"a1b8523b41b1f559945724415096be6291dfff0fc801049c167381d755b0936c","mint","to:address token_id:u32 uri:string","","2"
"a254e2869bcd8ab22c0617232864988e7d0200b8b25961486a4e8cf0bab95fa8","mint","to:address","u32","0"
"a254e2869bcd8ab22c0617232864988e7d0200b8b25961486a4e8cf0bab95fa8","total_minted","","u32","0"
"a28ad3587992c143de53ee0e154125c11eed7a9f4f322cac7c3ec45380027af1","mint","to:address amount:i128","","0"
"a2cb78501a0ad922a1a9ec2c1bfa87d508bada26e61384f8c4485ac9cb1bbdeb","mint","to:address amount:i128 operator:address","","1"
"a35be4af3fbb05960ea8ff994001ff4dde7e80cff5ecd11974ec285867d74025","mint","to:address amount:i128","","8"
"a35be4af3fbb05960ea8ff994001ff4dde7e80cff5ecd11974ec285867d74025","set_minter","admin:address minter:address","","8"
"a3eecda3e9af3685fb83c7cc8e25b5445f8cb9ff8da2a9d6640021e51af7dadd","mint","to:address amount:i128 decimal:u32","","1"
"a476d5610d916f90f83cee21d6ad427dcae1432007b6037566955ef5c20e68bb","mint","to:address amount:i128","","1"
"a4c53be933a0dbbf6752a39f7246bb57e86d148faf21c731ee4b2d75c137b69b","mint","to:address amount:i128","","1"
"a4cb184e4e265825f9f3604a7cd6d07e5a7b9831c4b4fd1797ef7c2cef28c8dd","mint","to:address amount:i128","","1"
"a4cde8018d927347eeb3697d688d50feee258900e40a7e09bba9b507ed6bf9d8","total_minted","","u32","1"
"a68e8d0da3c2fbca44a32df84cc13ebd62aea5f11e766aa0ffdac234ff4fe3f2","mint","to:address amount:i128","","1"
"a6a73622254055b82945da25499ee4f7dac14ed7fb3d428f70a9f2e3b9640f70","mint","to:address","u32","2"
"a6a73622254055b82945da25499ee4f7dac14ed7fb3d428f70a9f2e3b9640f70","total_minted","","u32","2"
"a6c1acc6e367e46535733ce8a7320c718616ed42f762cf2f1a0aa77ac6e056f6","get_swap_minter_config","local_token:address","{""option"":{""value_type"":{""udt"":{""name"":""SwapMinterConfig""}}}}","1"
"a6c1acc6e367e46535733ce8a7320c718616ed42f762cf2f1a0aa77ac6e056f6","set_swap_minter_config","local_token:address swap_minter:address allow_asset:address","","1"
"a6c1acc6e367e46535733ce8a7320c718616ed42f762cf2f1a0aa77ac6e056f6","remove_swap_minter_config","local_token:address","","1"
"a6e294c338f6f7951fc365e0ac1641d4006aedd169c52421bbb0fa88a2317657","mint_fee","","i128","0"
"a6e294c338f6f7951fc365e0ac1641d4006aedd169c52421bbb0fa88a2317657","update_mint_fee","caller:address new_fee:u32","i128","0"
"a714fa7d78ea22d1f1988541119da873a392d712ab31874d6e5e3251b92e7f83","mint","to:address amount:i128","","0"
"a79347024cd23e83497d24125658b96620762ffde4cdcffd4c994fb180844fec","mint","caller:address to:address amount:u128","","1"
"a79347024cd23e83497d24125658b96620762ffde4cdcffd4c994fb180844fec","bridge_mint","caller:address to:address amount:u128 data:bytes","","1"
"a80e37912a85e673fc4ca69c8f7f313b6d2a7fef8f32ffff061e298af4778038","mint","to:address metadata_uri:string","u64","1"
"a8231e9573e6a4d978f98e30bf6bf23f97f1910a2dc509690dd0a502aedd3cce","mint","to:address amount:i128","","1"
"a84fc7385a988a2b27cb6c7a3f5d65066759c9b72e6577b756c247f95d11e041","mint_badge","wallet:address badge_type:symbol cycle_id:u32 expiry:u64 signature:{""bytes_n"":{""n"":64}}","{""result"":{""ok_type"":""u32"",""error_type"":{""udt"":{""name"":""BadgeError""}}}}","1"
"a86a6be01b54c726289bdf6680a5fac46fe6b9a461162e541cce4a373c4fb634","mint","to:address amount:i128","","0"
"a93a2825d908a475cf7e6bd337064fd7aca4adba41d03d625541e7c6ce4bab42","mint","wallet:address commitment:{""bytes_n"":{""n"":32}} recovery_commitment:{""bytes_n"":{""n"":32}} channels:u32","","1"
"a93a2825d908a475cf7e6bd337064fd7aca4adba41d03d625541e7c6ce4bab42","admin_mint","admin:address wallet:address commitment:{""bytes_n"":{""n"":32}} recovery_commitment:{""bytes_n"":{""n"":32}} channels:u32","","1"
"a9572412c216ad338b310c632c258c9eedcf9b938dcd476fae12d242ac2b4f93","mint","shares:i128 receiver:address from:address operator:address","i128","1"
"a9572412c216ad338b310c632c258c9eedcf9b938dcd476fae12d242ac2b4f93","max_mint","receiver:address","i128","1"
"a9572412c216ad338b310c632c258c9eedcf9b938dcd476fae12d242ac2b4f93","preview_mint","shares:i128","i128","1"
"a99a9d8f7a795fbcbdf995290445a6f72f1d5afc0b0c3bcb17a5a0c14daa1d72","mint_guarded","caller:address to:address amount:u128 current_risk_bps:u32","","0"
"a99a9d8f7a795fbcbdf995290445a6f72f1d5afc0b0c3bcb17a5a0c14daa1d72","set_mint_enabled","caller:address flag:bool","","0"
"a9f2eeb74b239390f7713bd70e875e6ee7da81f53f9a1d64ad427b2bfd73e719","mint","to:address amount:i128 operator:address","","3"
"aa069f7c28c992fe4378d62d8020a1228a2eb0049ae91409b56e81bcb6271e94","mint","invoker:address to:address token_id:string","{""result"":{""ok_type"":{""tuple"":{""value_types"":[]}},""error_type"":{""udt"":{""name"":""SdkError""}}}}","1"
"aa069f7c28c992fe4378d62d8020a1228a2eb0049ae91409b56e81bcb6271e94","add_minter","invoker:address new_minter:address","{""result"":{""ok_type"":{""tuple"":{""value_types"":[]}},""error_type"":{""udt"":{""name"":""SdkError""}}}}","1"
"aa069f7c28c992fe4378d62d8020a1228a2eb0049ae91409b56e81bcb6271e94","remove_minter","invoker:address minter_to_remove:address","{""result"":{""ok_type"":{""tuple"":{""value_types"":[]}},""error_type"":{""udt"":{""name"":""SdkError""}}}}","1"
"aa0aee16808708c8161642fa298b61b148753987baeb126d747cb691c01d1e79","mint_sbt","admin:address recipient:address circuit_id:u256 expiration:u64 action_nullifier:u256 public_values:{""vec"":{""element_type"":""u256""}}","{""result"":{""ok_type"":""u256"",""error_type"":""error""}}","1"
"aa6fe035d9db8ae486e363b0b02bed566a8b68f83cd8d00d513422a9970ec334","mint","account:address amount:i128 caller:address","","2"
"aab6f670caa14f0e428bb592487e3bdfb10cc906967bb3139111409715d46b80","mint","to:address amount:i128","","3"
"ab77b2e9ced69b65ee9957ce8791e2a955b1f6fa908702e0bef4bfcbbdea1c22","mint","to:address amount:i128","","1"
"aba393eed4352f48b8189f98a91cdaba7f9146884c67f84d7a646d6b19cfd228","mint","minter:address to:address amount:i128","","0"
"aba81900bc82d24a6f5b66a6fee775bc51543f91dc89e824bd96ffcf3879dba1","swap_mint","to:address amount:i128 minter:address","","2"
"aba81900bc82d24a6f5b66a6fee775bc51543f91dc89e824bd96ffcf3879dba1","remove_minter","minter:address","","2"
"aba81900bc82d24a6f5b66a6fee775bc51543f91dc89e824bd96ffcf3879dba1","get_mint_asset","","address","2"
"aba81900bc82d24a6f5b66a6fee775bc51543f91dc89e824bd96ffcf3879dba1","configure_minter","minter:address allow_asset:address","","2"
"aba81900bc82d24a6f5b66a6fee775bc51543f91dc89e824bd96ffcf3879dba1","get_minter_allow_asset","minter:address","{""option"":{""value_type"":""address""}}","2"
"aba81900bc82d24a6f5b66a6fee775bc51543f91dc89e824bd96ffcf3879dba1","get_minter_asset_controller","","{""option"":{""value_type"":""address""}}","2"
"aba81900bc82d24a6f5b66a6fee775bc51543f91dc89e824bd96ffcf3879dba1","update_minter_asset_controller","new_controller:address","","2"
"abb9968e7ebad5afcfb0cc9d803d55d5991075a5f67950082e69823cc5b55091","mint","to:address amount:i128","","1"
"ac2664946ffbed33592057bc9d8aa4a6c0db3c81a8ac7d8bac9bb69b8821f17e","mint","to:address amount:i128","","0"
"ac4e4f6301993031a8aa7bf6d69c6609c2b41cb0507a93383d08a0512ad80482","total_minted","","u32","1"
"acabe392b764c5a8703d814c42b25545dbfb26b2122b86847b239448471ebc2a","mint","to:address","","1"
"accaff96540ec91e5df505dfc350634744ef084d96d7333a6ec2178aa7f9f8f7","mint","to:address amount:i128","","0"
"acde2f0cc6881c547ff839fbebd8795dd220ce27fc6fc456a9ec6b2e7c185f2e","total_minted","","u32","1"
"ad26624713903d546f934481763de9003d412f6efff30f54384a9dd56b3184c4","mint","user:address token_id:{""udt"":{""name"":""TokenId""}} card_level:u32 buy_currency:{""udt"":{""name"":""Currency""}}","","2"
"ad26624713903d546f934481763de9003d412f6efff30f54384a9dd56b3184c4","mint_terry","player:address amount:i128","","2"
"ad26624713903d546f934481763de9003d412f6efff30f54384a9dd56b3184c4","batch_mint_terry","to_addresses:{""vec"":{""element_type"":""address""}} amounts:{""vec"":{""element_type"":""i128""}}","","2"
"adb49818ba4cd3c4b0d7904f4dbd20dba3f5f2cabd89be78e22e8c49776690d6","get_mint_token","","address","1"
"adb49818ba4cd3c4b0d7904f4dbd20dba3f5f2cabd89be78e22e8c49776690d6","set_mint_token","admin:address token_address:address","","1"
"ade634312f039e1835f138198634a00e7d2c05fc456653c6e88ea7a95ec6e7b1","mint","to:address","u32","0"
"ae68869840391da72e9db3e07a5c3271a645b67101c0ef097ba9604f07823ad0","set_allow_any_mint_to_address","supply_controller_manager:address supply_controller:address allow_any_mint_to_address:bool","","1"
"ae68869840391da72e9db3e07a5c3271a645b67101c0ef097ba9604f07823ad0","add_mint_address_to_list","supply_controller_manager:address supply_controller:address mint_address:address","","1"
"ae68869840391da72e9db3e07a5c3271a645b67101c0ef097ba9604f07823ad0","remove_mint_address_from_list","supply_controller_manager:address supply_controller:address mint_address:address","","1"
"ae68869840391da72e9db3e07a5c3271a645b67101c0ef097ba9604f07823ad0","get_remaining_mint_amount","supply_controller:address timestamp:u64","i128","1"
"ae68869840391da72e9db3e07a5c3271a645b67101c0ef097ba9604f07823ad0","mint","to:address amount:i128 operator:address","","1"
"af47b815157bb0c8f6709109a76e09aef50f00af953d55ea8ed91df81f670a85","mint_with_data","to:address data:{""udt"":{""name"":""TokenData""}}","u32","2"
"af47b815157bb0c8f6709109a76e09aef50f00af953d55ea8ed91df81f670a85","mint","to:address","u32","2"
"afbdd28741b14906948bdb6d95c90393c63b51b7e5b9e09a64196316992c5f5c","mint","caller:address to:address amount:i128","{""result"":{""ok_type"":""void"",""error_type"":{""udt"":{""name"":""MinterGatewayError""}}}}","1"
"afbdd28741b14906948bdb6d95c90393c63b51b7e5b9e09a64196316992c5f5c","minter","","address","1"
"afbdd28741b14906948bdb6d95c90393c63b51b7e5b9e09a64196316992c5f5c","set_minter","new_minter:address","","1"
"b02077bee88de8d0b9dbdca3ceb20d9334d8283074c2615e34cc53451acf5a1a","mint","to:address amount:i128","","137"
"b0427e26c0b5201be42b2d0577773081b2f5a382507995e1ad9ca7f0ee241da5","mint","to:address amount:i128","","1"
"b0b3520386c85109faee8333b41bbfbf7779e1de203b77a4a3c9c0cd48aaaee6","mint","to:address","u32","0"
"b0c4ee88a2d47f346ae35fb64aef1d167e2148cf7fca7493ba88b058d49068a3","mint","to:address token_id:u32 uri:string","","1"
"b0fac63cdbb6f5b6287f33585db90ade921dc4b138fcdfecc6aa547c39450833","safe_mint_new_property_info","payload:{""udt"":{""name"":""PropertyInfoPayload""}}","{""result"":{""ok_type"":{""tuple"":{""value_types"":[]}},""error_type"":{""udt"":{""name"":""SytemapRegistryError""}}}}","1"
"b0fac63cdbb6f5b6287f33585db90ade921dc4b138fcdfecc6aa547c39450833","get_number_of_property_minted","","{""result"":{""ok_type"":""u64"",""error_type"":{""udt"":{""name"":""SytemapRegistryError""}}}}","1"
"b0fac63cdbb6f5b6287f33585db90ade921dc4b138fcdfecc6aa547c39450833","get_all_minted_property_details","","{""result"":{""ok_type"":{""vec"":{""element_type"":{""udt"":{""name"":""PropertyInfo""}}}},""error_type"":{""udt"":{""name"":""SytemapRegistryError""}}}}","1"
"b1ad9c4c50a94b2528f0d1d9abc06caa1bc34ca7a43443c1ce4adf6ae53320cc","mint","operator:address to:address amount:i128","","2"
"b1d63b1744696324837aaaa841fabfc287db498835f470ab2c0947f8087942fe","mint","to:address","","1"
"b2105e2d160ef3ce2f381c27243607cd572f36fb439c7a4810f234cd81d61f79","mint","minter:address to:address","u32","0"
"b2105e2d160ef3ce2f381c27243607cd572f36fb439c7a4810f234cd81d61f79","is_minter","account:address","bool","0"
"b2105e2d160ef3ce2f381c27243607cd572f36fb439c7a4810f234cd81d61f79","batch_mint","minter:address to:address count:u32","{""vec"":{""element_type"":""u32""}}","0"
"b2105e2d160ef3ce2f381c27243607cd572f36fb439c7a4810f234cd81d61f79","public_mint","to:address uri:string","u32","0"
"b2105e2d160ef3ce2f381c27243607cd572f36fb439c7a4810f234cd81d61f79","grant_minter","account:address","","0"
"b2105e2d160ef3ce2f381c27243607cd572f36fb439c7a4810f234cd81d61f79","mint_with_id","minter:address to:address token_id:u32","u32","0"
"b2105e2d160ef3ce2f381c27243607cd572f36fb439c7a4810f234cd81d61f79","revoke_minter","account:address","","0"
"b2105e2d160ef3ce2f381c27243607cd572f36fb439c7a4810f234cd81d61f79","mint_soulbound","minter:address to:address","u32","0"
"b2105e2d160ef3ce2f381c27243607cd572f36fb439c7a4810f234cd81d61f79","set_mint_config","payment_token:address price:i128 price_soulbound:i128 treasury:address yield_router:address","","0"
"b2105e2d160ef3ce2f381c27243607cd572f36fb439c7a4810f234cd81d61f79","mint_with_royalty","minter:address to:address royalty_receiver:address royalty_bps:u32","u32","0"
"b2105e2d160ef3ce2f381c27243607cd572f36fb439c7a4810f234cd81d61f79","public_mint_soulbound","to:address uri:string","u32","0"
"b2105e2d160ef3ce2f381c27243607cd572f36fb439c7a4810f234cd81d61f79","public_mint_with_royalty","to:address uri:string royalty_receiver:address royalty_bps:u32","u32","0"
"b2475145ef8988df0d66ff4a9ceca829fdb883121f281c01d8fcf664afcebfc9","mint","to:address amount:i128","","1"
"b28ebedebc2c41d54dfaa30256b82823de72c220d85664c7eed8871b78f3a943","mint","to:address amount:i128","","2"
"b2be006d3423d8dd1075f4df6f8f76e7000174c119149d4bd2021ddd050c13cb","mint","user:address token_id:{""udt"":{""name"":""TokenId""}} card_level:u32 buy_currency:{""udt"":{""name"":""Currency""}}","","1"
"b2be006d3423d8dd1075f4df6f8f76e7000174c119149d4bd2021ddd050c13cb","mint_terry","player:address amount:i128","","1"
"b2be006d3423d8dd1075f4df6f8f76e7000174c119149d4bd2021ddd050c13cb","batch_mint_terry","to_addresses:{""vec"":{""element_type"":""address""}} amounts:{""vec"":{""element_type"":""i128""}}","","1"
"b2c70650834487575be5019fe844a4616ff75cbffe96bef199f3d4d18a295454","mint_badge","player:address badge:symbol","bool","1"
"b35c14919180f1cc5be312b28e0d5a9ac9f112dc6dee799f52188b6826fdd2c4","mint","to:address amount:i128","","1"
"b3a877585737e9f48f64146799e76f93158c4812c64ae3e95e9fc474784216b1","mint","operator:address to:address amount:i128","","1"
"b3db74ed9bc5ca2929553b92b9a7dbde914d2c29b0c89b25037ed62433c5e35c","mint_tile","to:address tx:u64 ty:u64","{""result"":{""ok_type"":""u64"",""error_type"":""error""}}","1"
"b3db74ed9bc5ca2929553b92b9a7dbde914d2c29b0c89b25037ed62433c5e35c","total_minted","","u64","1"
"b3e142604623f22f70bd6c145ff9b8db1069ffea4d9380333aac9573f5325f41","mint","admin:address to:address amount:i128","","1"
"b43902b7d979c7874535ed2294400597591a5186d7595b82d40a68e933ddd212","mint","to:address amount:i128","","3"
"b44b69dfce12d3080a53b792fbcd3931898630a4664ec781facae3f52df2efa2","mint","to:address","u32","0"
"b44b69dfce12d3080a53b792fbcd3931898630a4664ec781facae3f52df2efa2","mint_batch","to:address count:u32","u32","0"
"b44b69dfce12d3080a53b792fbcd3931898630a4664ec781facae3f52df2efa2","public_mint","to:address","u32","0"
"b44b69dfce12d3080a53b792fbcd3931898630a4664ec781facae3f52df2efa2","total_minted","","u32","0"
"b44b69dfce12d3080a53b792fbcd3931898630a4664ec781facae3f52df2efa2","whitelist_mint","to:address proof:{""vec"":{""element_type"":{""bytes_n"":{""n"":32}}}}","u32","0"
"b44b69dfce12d3080a53b792fbcd3931898630a4664ec781facae3f52df2efa2","public_mint_active","","bool","0"
"b44b69dfce12d3080a53b792fbcd3931898630a4664ec781facae3f52df2efa2","set_public_mint_active","active:bool","","0"
"b45839512882d9456e4c8af26367a3e89419825874015b77c4a695c317a83671","mint","to:address amount:i128","","1"
"b4900bc1f258c377b17eb3809fa5b250540b7202faa44e6e84928fcb30134b9d","mint_vewom","amount:u128 lock_days:u32 addr:address","u128","4"
"b515cd5338963beb0b631c6cfbbe2d2c0299f83ccd5be75287d96e1dd0d5e845","fake_mint","to:address asset:string amount:i128","","1"
"b52fc2d7f98c0d4592bad7d8634fdd53db908fa8d43f01bd1ee1ae342a22148e","mint_to_treasury","amount:i128 ref_hash:{""bytes_n"":{""n"":32}}","","1"
"b658588a255ba6f6cdfcef828341b6cbead30118b2bfc954ed11eb8a11484c3e","mint","account:address amount:i128 caller:address","","1"
"b71d716ddda2b6648ece8ea8cacb3abfd0a893d3dc43e44b495c9df072e4ae9d","mint","operator:address shares:i128 receiver:address","{""result"":{""ok_type"":""i128"",""error_type"":{""udt"":{""name"":""ContractError""}}}}","1"
"b71d716ddda2b6648ece8ea8cacb3abfd0a893d3dc43e44b495c9df072e4ae9d","preview_mint","shares:i128","{""result"":{""ok_type"":""i128"",""error_type"":{""udt"":{""name"":""ContractError""}}}}","1"
"b71d716ddda2b6648ece8ea8cacb3abfd0a893d3dc43e44b495c9df072e4ae9d","max_mint","receiver:address","{""result"":{""ok_type"":""i128"",""error_type"":{""udt"":{""name"":""ContractError""}}}}","1"
"b7d0fa1db16c4fe6f05507abce39feb0594feb298e4e3a582e4d325e3bff8a8b","mint_fee_bps","","u32","1"
"b7d0fa1db16c4fe6f05507abce39feb0594feb298e4e3a582e4d325e3bff8a8b","set_mint_fee","admin:address fee_bps:u32","{""result"":{""ok_type"":""void"",""error_type"":""error""}}","1"
"b804c1859b9a7dad296040108ad1624261db2ffaa5c3a7600629f0d243451a11","funds_out_mint","address:address token_contract:address amount:u128 transaction_id:u64 source_chain:string source_address:string recipient:address","{""result"":{""ok_type"":{""tuple"":{""value_types"":[]}},""error_type"":{""udt"":{""name"":""BridgeError""}}}}","4"
"b809596396cf8beb58c1a7f1c4c4bd0b5ca385b2f20bf4eb03198fc9f7bae28e","mint","user:address token_id:{""udt"":{""name"":""TokenId""}} card_level:u32 buy_currency:{""udt"":{""name"":""Currency""}}","","1"
"b809596396cf8beb58c1a7f1c4c4bd0b5ca385b2f20bf4eb03198fc9f7bae28e","mint_terry","player:address amount:i128","","1"
"b809596396cf8beb58c1a7f1c4c4bd0b5ca385b2f20bf4eb03198fc9f7bae28e","batch_mint_terry","to_addresses:{""vec"":{""element_type"":""address""}} amounts:{""vec"":{""element_type"":""i128""}}","","1"
"b8583edbc056cf7ffb4903520ab429db3404f02afc7a5aa631705267d0779dfb","mint","minter:address shares:i128","{""result"":{""ok_type"":""i128"",""error_type"":{""udt"":{""name"":""LendingVaultError""}}}}","10"
"b8583edbc056cf7ffb4903520ab429db3404f02afc7a5aa631705267d0779dfb","max_mint","owner:address","i128","10"
"b8583edbc056cf7ffb4903520ab429db3404f02afc7a5aa631705267d0779dfb","preview_mint","shares:i128","i128","10"
"b8b02cb2f71ea60536f9157bacafee558341d001b5ce06a1d8d8449bbb8bd4ed","mint","operator:address to:address amount:i128","","1"
"b901b221148cc36bb19e8d15f377d7511f84ff6a84555ddd3d4d929677a030e1","mint","to:address amount:i128","","1"
"b93a6e6cf89bea479f87fbc0781d3058257e001a2fe041b5b1ee00e4b919243c","mint","to:address","u32","1"
"b98a1ce669664992523158840f1985056fc5b0303bd727b50090d7a980b26be6","mint","admin:address to:address amount:i128","","1"
"b9ac02c5113ee22fe5da91f381374e67dc67a11792da67c3a837dfd72cd736db","zmoke_minter_addr","","address","1"
"ba4e6831a9d7c1bdbc290afacc99672b1f703a552bf35e91e8f4fe8a3ea9f143","public_mint","to:address uri:string","u32","1"
"ba4e6831a9d7c1bdbc290afacc99672b1f703a552bf35e91e8f4fe8a3ea9f143","total_minted","","u32","1"
"ba4e6831a9d7c1bdbc290afacc99672b1f703a552bf35e91e8f4fe8a3ea9f143","public_mint_soulbound","to:address uri:string","u32","1"
"bad961feb4eb6592414be95715bb2cd5e68d4e17e83c99efab78c77e5723cec7","mint","to:address","u32","1"
"bad961feb4eb6592414be95715bb2cd5e68d4e17e83c99efab78c77e5723cec7","total_minted","","u32","1"
"bae64212e66d36a12f0b398ea2a75830c7324d64f2f0b615dc49ccbd869432c0","mint_fee_bps","","u32","0"
"bae64212e66d36a12f0b398ea2a75830c7324d64f2f0b615dc49ccbd869432c0","set_mint_fee","admin:address fee_bps:u32","{""result"":{""ok_type"":""void"",""error_type"":""error""}}","0"
"bae9f4fbfbc8646d4f1b2bb4ae17a6c719804961129acb93c34e80795a64118a","mint","user:address token_id:{""udt"":{""name"":""TokenId""}} card_level:u32 buy_currency:{""udt"":{""name"":""Currency""}}","","1"
"bae9f4fbfbc8646d4f1b2bb4ae17a6c719804961129acb93c34e80795a64118a","mint_terry","player:address amount:i128","","1"
"bae9f4fbfbc8646d4f1b2bb4ae17a6c719804961129acb93c34e80795a64118a","batch_mint_terry","to_addresses:{""vec"":{""element_type"":""address""}} amounts:{""vec"":{""element_type"":""i128""}}","","1"
"bb8b24bf9f37dae7e20ba25f044ea5d632ca59f3edde647451560babc8ce792a","mint","shares:i128 receiver:address from:address operator:address","{""tuple"":{""value_types"":[""i128"",""i128""]}}","2"
"bb8b24bf9f37dae7e20ba25f044ea5d632ca59f3edde647451560babc8ce792a","max_mint","receiver:address","i128","2"
"bb8b24bf9f37dae7e20ba25f044ea5d632ca59f3edde647451560babc8ce792a","preview_mint","shares:i128","{""tuple"":{""value_types"":[""i128"",""i128""]}}","2"
"bc09c05b214c19a5468214c345937b294d9ccf927293c2fda65b5696ffffd9ab","total_minted","","u32","0"
"bd0fb75786a3e0c4e402f768a3b9cd2ba4ec8f8940e91ccae252cc5d4f74f12a","mint","to:address amount:i128","","1"
"bd42279f0dd674a521e6e94574613d7e5d5769c8a9fe950acb9b47ec0eaee99a","batch_mint","to:address amount:u32","u32","1"
"bdd2ccfce63e732947b9a3ef2b1d736118eefda9e085738e1d7f695c77c56cd2","mint","to:address","u32","1"
"bdd2ccfce63e732947b9a3ef2b1d736118eefda9e085738e1d7f695c77c56cd2","total_minted","","u32","1"
"be3473474a1b648dfb8e55771253e7b63c9847067318873744638646e2d5e4bd","mint_badge","player:address badge:symbol","bool","1"
"be6e4511fb230408b7c602bdbb539fbcdf7b5ed70950816285978b7048348a20","mint_identity","owner:address name:string handle:string agent_uri:string vault_address:address agent_signer:address","{""result"":{""ok_type"":""u64"",""error_type"":{""udt"":{""name"":""RegistryError""}}}}","1"
"be969de545da89a04508e4952e94a53a77e76ecfa67d74b23fd56e0be42290d4","mint","params:{""udt"":{""name"":""MintParams""}}","{""result"":{""ok_type"":{""tuple"":{""value_types"":[""u32"",""u128"",""u128"",""u128""]}},""error_type"":""error""}}","1"
"be969de545da89a04508e4952e94a53a77e76ecfa67d74b23fd56e0be42290d4","mint_with_hints","params:{""udt"":{""name"":""MintParams""}} hints:{""udt"":{""name"":""OracleHints""}}","{""result"":{""ok_type"":{""tuple"":{""value_types"":[""u32"",""u128"",""u128"",""u128""]}},""error_type"":""error""}}","1"
"bec3f623642d3d861f62d4cc5772e115a9984447c4cb70cc37b8b85e18cd4c24","mint","to:address amount:i128","","2"
"bee6456eb84c244235eae43ae68f218f17d33e21926548f5342114f15bf35bda","mint","to:address amount:i128","","1"
"bee6456eb84c244235eae43ae68f218f17d33e21926548f5342114f15bf35bda","mint_cap","","i128","1"
"bee6456eb84c244235eae43ae68f218f17d33e21926548f5342114f15bf35bda","oracle_mint","to:address amount:i128","{""result"":{""ok_type"":{""tuple"":{""value_types"":[]}},""error_type"":{""udt"":{""name"":""JouleError""}}}}","1"
"bee6456eb84c244235eae43ae68f218f17d33e21926548f5342114f15bf35bda","set_mint_cap","cap:i128","","1"
"bee6456eb84c244235eae43ae68f218f17d33e21926548f5342114f15bf35bda","total_minted","","i128","1"
"befa64d9d56feba32e18e09f1c364b8a4d863016337bb933ba12cc5c0a8e5b08","mint","to:address amount:i128","","1"
"bf9358ac2e188d74a695cd6009929735f90e8c891f922a9de5fcdc7037af255e","mint","to:address amount:i128 operator:address","","1"
"bfa08cbf2ad5e86a94ad7661cadf276ad9afaa74bd5206217c82c1cea0c5aa39","mint_from","caller:address account:address amount:i128","","2"
"bfb64fd1012d945e481df81d6849d742ee8c70f2043651d1be96f1f40ecdb2e7","mint","account:address amount:i128 caller:address","","1"
"bfd300ecaf15d79febcaab57d612a0dfb6dcd1c7dddbe598beb11093088e6969","mint","to:address","u32","3"
"bfd300ecaf15d79febcaab57d612a0dfb6dcd1c7dddbe598beb11093088e6969","mint_credential","to:address meta:{""udt"":{""name"":""CredentialMetadata""}}","u32","3"
"bfd36d86410d32895a100cb168b52b9fea1ff18eb0b54b918540de7a0c8953c1","total_minted","","u32","1"
"bfeea38590f0e23e355b47f61b1f71fe65f72d32fa457e769627d38b523324cc","mint","to:address amount:i128","","2"
"c010ff0631e43339f4a67342006569a43289760c7b5c0335f354e4c3da43b50d","mint_complete_set","to:address market_id:u64 amount:i128","{""result"":{""ok_type"":{""tuple"":{""value_types"":[]}},""error_type"":{""udt"":{""name"":""DikeError""}}}}","1"
"c1092be4ec2cc6319bee50ffeb824d33134078f99501bbace831a6f562935b5c","mint","from:address signature:{""bytes_n"":{""n"":65}} btc_tx_hash:bytes btc_amount:i128 btc_amount_str:bytes nav:i128 nav_str:bytes token_address:address","","1"
"c1230340470b197373b9bd41c5709bc2d30452a2a06d20c5973d51434c9424dd","mint","caller:address to:address amount:i128","{""result"":{""ok_type"":""void"",""error_type"":{""udt"":{""name"":""MinterGatewayError""}}}}","1"
"c1230340470b197373b9bd41c5709bc2d30452a2a06d20c5973d51434c9424dd","minter","","address","1"
"c1230340470b197373b9bd41c5709bc2d30452a2a06d20c5973d51434c9424dd","set_minter","new_minter:address","","1"
"c12415ab4546287e819f9ede64392e4168cad4a8ef60a10842d8b559f70390ef","mint","to:address amount:i128","","5"
"c1835c705b5a8c5aca540cae42bc72985b4331fe8135ed06a7e5a46caee5442e","mint","try_stage_index:u32 recipient:address quantity:u32","{""vec"":{""element_type"":""u32""}}","3"
"c1835c705b5a8c5aca540cae42bc72985b4331fe8135ed06a7e5a46caee5442e","mint_to","recipient:address quantity:u32","{""vec"":{""element_type"":""u32""}}","3"
"c1835c705b5a8c5aca540cae42bc72985b4331fe8135ed06a7e5a46caee5442e","mint_for","tokens:{""vec"":{""element_type"":""u32""}} recipient:address","","3"
"c1835c705b5a8c5aca540cae42bc72985b4331fe8135ed06a7e5a46caee5442e","get_total_minted","minter:address","{""vec"":{""element_type"":""u32""}}","3"
"c1835c705b5a8c5aca540cae42bc72985b4331fe8135ed06a7e5a46caee5442e","get_mint_list","","{""vec"":{""element_type"":""u32""}}","3"
"c1aa54e88e5af6f82a2be5c8ebd033565a5c58af35cd71496199aa541166291f","mint","sender:address recipient:address tick_lower:i32 tick_upper:i32 amount:u128 hints:{""udt"":{""name"":""OracleHints""}}","{""result"":{""ok_type"":{""tuple"":{""value_types"":[""u128"",""u128""]}},""error_type"":""error""}}","6"
"c2434d1967c5555a703e9bad8baef88c94d1f1909a65bb2138866cf96b8d101d","mint","to:address amount:i128","","2"
"c298916e1e52c6428faeb57b6c1b3ca6aae47e2df40fe4bc7b176c943e19de91","mint","to:address amount:i128","","3"
"c34e201f34d2f6b303cc870cb6463763fd20ffcbc3f87c8940fb22ffdffc8b83","mint","to:address amount:i128","","1"
"c3fe70f0e0e5d03ee373aaf419010715467a7671fc11c817154d5b32f6cd3ad9","mint","to:address amount:i128","","1"
"c4f6b42351f46e0c8190f21cfdedb734e7f4247c1fd610a7dff7d14f1d7c9ba5","total_minted","","u32","0"
"c4fdfa1c00cf984cab8ea14869434055d9dc6f7f0a9b36e70fb1f570261bebe9","mint","to:address amount:i128","","2"
"c5e2d06e1d18dbe3ec812daf809364b17536ef3a720e730214c94da76c58724a","mint","to:address","","1"
"c6300501ec6d0f4db565dac26b4d28ff7c64a99ad485df03adda03e76f1b54ed","mint_fee_bps","","u32","0"
"c6300501ec6d0f4db565dac26b4d28ff7c64a99ad485df03adda03e76f1b54ed","set_mint_fee","admin:address fee_bps:u32","{""result"":{""ok_type"":""void"",""error_type"":""error""}}","0"
"c644d9547b08f9c655b5aff76e4048a8aeedea89083602dcd87c756765789b2f","fake_mint","to:address asset:string amount:i128","","1"
"c695d8556eb33d82a422ba73d100261d7e0be22579e04e94cb1910fdcb7d9cf1","mint","to:address amount:i128","","2"
"c6e7e28b917632bbde7fd662cb63c064ca5faef85dbf35c8f2b6c7cd7c89e945","mint","to:address amount:i128","","1"
"c725485aa6baf94d4cb64975d67d242e5069376d2e2a5b04c1651ad8706f56ba","mint","to:address amount:i128","","1"
"c73490d0812a7e73f028be28bc76a2884246efe304f1edd1a309b25b1c73ae6e","mint","shares:i128 receiver:address from:address operator:address","i128","2"
"c73490d0812a7e73f028be28bc76a2884246efe304f1edd1a309b25b1c73ae6e","max_mint","receiver:address","i128","2"
"c73490d0812a7e73f028be28bc76a2884246efe304f1edd1a309b25b1c73ae6e","preview_mint","shares:i128","i128","2"
"c770db6910fc09498b7ed3e5ac27295a8cd93a6f1981251101ee2dff891af237","mint","to:address amount:i128","","0"
"c834b9ed6b60aa084d82fda7d6fc2d2f54b0bd72e34dded706121f62df808d53","mint_and_submit","params:{""udt"":{""name"":""MintAndSubmitParams""}}","bool","1"
"c876665a13b96ec55815343c493632a68f886c02eff86a84ecf9ad2465254ee4","set_mint_enabled","stablecoin:address enabled:bool","bool","1"
"c88ee1b8a60a7f9581969e6c098610d2a43a569df076e26fda43809daa16fe25","mint","shares:i128 receiver:address from:address operator:address","i128","1"
"c88ee1b8a60a7f9581969e6c098610d2a43a569df076e26fda43809daa16fe25","max_mint","receiver:address","i128","1"
"c88ee1b8a60a7f9581969e6c098610d2a43a569df076e26fda43809daa16fe25","preview_mint","shares:i128","i128","1"
"c896c282883dcd4cdb40116d336cc9891e1db0f0f2b9f8ab93156313824e5857","mint","operator:address shares:i128 receiver:address","{""result"":{""ok_type"":""i128"",""error_type"":{""udt"":{""name"":""ContractError""}}}}","2"
"c896c282883dcd4cdb40116d336cc9891e1db0f0f2b9f8ab93156313824e5857","max_mint","receiver:address","{""result"":{""ok_type"":""i128"",""error_type"":{""udt"":{""name"":""ContractError""}}}}","2"
"c896c282883dcd4cdb40116d336cc9891e1db0f0f2b9f8ab93156313824e5857","preview_mint","shares:i128","{""result"":{""ok_type"":""i128"",""error_type"":{""udt"":{""name"":""ContractError""}}}}","2"
"c8abaf65d9df18298a0dbb6c5c0657c4080f8fe7a1611ec85019f741880a1ad2","get_mint_statistic","","{""tuple"":{""value_types"":[""u64"",""u64""]}}","1"
"c8cd6b600e14585463e5ace25571dcebf5dbef2ba884b25350aa2894fa6b504d","mint","to:address amount:i128","","0"
"c917cd96a054050fc3d36a4e9d4782b5fe75fcd870d18de7980c1459f709916f","mint","to:address","u32","0"
"c93980da08d4db7c0b6df0f11913a792058512c1bcd5a9903938baded4f06cf7","mint","to:address amount:i128","","1"
"c9cdd8f3f8c991783657809efb816c3330d4408500b8c87979ca0d263a107b8b","mint","minter:address shares:i128","{""result"":{""ok_type"":""i128"",""error_type"":{""udt"":{""name"":""LendingVaultError""}}}}","26"
"c9cdd8f3f8c991783657809efb816c3330d4408500b8c87979ca0d263a107b8b","max_mint","owner:address","i128","26"
"c9cdd8f3f8c991783657809efb816c3330d4408500b8c87979ca0d263a107b8b","preview_mint","shares:i128","i128","26"
"ca4465a7dd9a62b7beaa4ceb261c91d8fc1039e15623e426ef9fccca97cbbd6c","advance_mint","operator:address","u32","2"
"caa7ed299890f70284707caeccc6b2bb66b032b84689dee1bb27d530b9b66449","mint","to:address","u32","1"
"caa7ed299890f70284707caeccc6b2bb66b032b84689dee1bb27d530b9b66449","total_minted","","u32","1"
"cad725da76353b34f3ddbca94b5c1e1dec2d4e5f9900b7a854ad7bbe13ff5141","mint","to:address amount:i128","{""result"":{""ok_type"":""void"",""error_type"":{""udt"":{""name"":""TokenError""}}}}","11"
"cad725da76353b34f3ddbca94b5c1e1dec2d4e5f9900b7a854ad7bbe13ff5141","mint_scaled","caller:address on_behalf_of:address amount:u128 index:u128","{""result"":{""ok_type"":{""tuple"":{""value_types"":[""bool"",""i128"",""i128""]}},""error_type"":{""udt"":{""name"":""TokenError""}}}}","11"
"cb0a6f87fc7bbef6d6d8d1c1631c1a29d951a41002425d3e7fbad251e9b8a7db","mint","to:address","u32","1"
"cb0a6f87fc7bbef6d6d8d1c1631c1a29d951a41002425d3e7fbad251e9b8a7db","mint_credential","to:address title:string collection:string description:string event:string image:string","u32","1"
"cb89c082127ef11b51296591b7fa1534bbaf732daef38909262f80cce0ded353","public_mint","to:address","u32","0"
"cb89c082127ef11b51296591b7fa1534bbaf732daef38909262f80cce0ded353","total_minted","","u32","0"
"cc01def20c4fbb79c9cbcf11ebb06e65948517301dd5ba1851c8e445e3494072","mint","to:address amount:i128","","2"
"cc0e40810209030946a09172fbcd77a8af9ab849c2f7d240ddf6551e459e80a1","mint","invoker:address to:address token_id:string","{""result"":{""ok_type"":{""tuple"":{""value_types"":[]}},""error_type"":{""udt"":{""name"":""SdkError""}}}}","1"
"cc0e40810209030946a09172fbcd77a8af9ab849c2f7d240ddf6551e459e80a1","add_minter","invoker:address new_minter:address","{""result"":{""ok_type"":{""tuple"":{""value_types"":[]}},""error_type"":{""udt"":{""name"":""SdkError""}}}}","1"
"cc0e40810209030946a09172fbcd77a8af9ab849c2f7d240ddf6551e459e80a1","remove_minter","invoker:address minter_to_remove:address","{""result"":{""ok_type"":{""tuple"":{""value_types"":[]}},""error_type"":{""udt"":{""name"":""SdkError""}}}}","1"
"cc229a460742b1af9740f6fb40a563b6aef5888ec7f41ff8de255fb757d686b2","mint_salad","owner:address number_of_tokens:{""option"":{""value_type"":""u32""}}","","1"
"ccb98ab4da5bf64094a366194c9e07806e55b11fa2e56a5637f360aa04406c0d","mint","to:address amount:i128","","0"
"cce3f725bf3454db80e6929a8d49e0fdb95b7ff937c088ca3e8818dcea5039e2","get_mint_cap_fraction","","u32","0"
"cce3f725bf3454db80e6929a8d49e0fdb95b7ff937c088ca3e8818dcea5039e2","set_mint_cap_fraction","admin:address mint_cap_fraction:u32","","0"
"ccf4aab9fa5e0e67bc59ba0a1c2eb92ad73bb10d273335707e47207183fb6768","mint","to:address amount:i128","","1"
"ccf4aab9fa5e0e67bc59ba0a1c2eb92ad73bb10d273335707e47207183fb6768","minter","","address","1"
"ccf4aab9fa5e0e67bc59ba0a1c2eb92ad73bb10d273335707e47207183fb6768","set_minter","new_minter:address","","1"
"cd236b809d35c4b1a62aa4e34ccfacd78935ae3014550a9fdb085d42d36fd8fc","mint_from","caller:address account:address amount:i128","","0"
"cd86e1329db43816a62ecb5539ab046d8ba5f505ef61694479c42177e7ecd46c","mint","params:{""udt"":{""name"":""MintParams""}}","{""result"":{""ok_type"":{""tuple"":{""value_types"":[""u32"",""u128"",""u128"",""u128""]}},""error_type"":""error""}}","1"
"cd86e1329db43816a62ecb5539ab046d8ba5f505ef61694479c42177e7ecd46c","mint_with_hints","params:{""udt"":{""name"":""MintParams""}} hints:{""udt"":{""name"":""OracleHints""}}","{""result"":{""ok_type"":{""tuple"":{""value_types"":[""u32"",""u128"",""u128"",""u128""]}},""error_type"":""error""}}","1"
"ce625cceae48a4f2867a6f7ba4d30bb3d904494847eb63e0b95f8df0c77d14bb","mint_from","caller:address account:address amount:i128","","1"
"ceb168b15ae12371c39507bf8ce3abc3de0a2d568587dec1fa6c754221e2b80a","mint_from","caller:address account:address amount:i128","","0"
"ceb168b15ae12371c39507bf8ce3abc3de0a2d568587dec1fa6c754221e2b80a","mint","account:address amount:i128","","0"
"cefc6fc139d2785e861526ef39e8e5375b8cbbf0a813392fb45bf653d87c698b","mint","caller:address asset_id:string to:address amount:i128","","1"
"cf048393abf03bd32e35833821c9c49a39270d88c6cd06eedfa9e79e53f77cd0","advance_mint","operator:address","u32","2"
"cf2df771b015c2a25e13ff0a5b9a8fc31cb3adf0b22ccaf78a544f141610cd93","mint_from","caller:address account:address amount:i128","","1"
"cf2df771b015c2a25e13ff0a5b9a8fc31cb3adf0b22ccaf78a544f141610cd93","mint","account:address amount:i128","","1"
"cf9936d20bc9047c6beb25ccc318247d4d209f993aa806e2f4c66dd9004b39ed","mint_fee_bps","","u32","1"
"cf9936d20bc9047c6beb25ccc318247d4d209f993aa806e2f4c66dd9004b39ed","set_mint_fee","admin:address fee_bps:u32","{""result"":{""ok_type"":""void"",""error_type"":""error""}}","1"
"cfc3a4ac351b9cfd901bf5e8857a0ae486385b034882483c332d258bd27111b5","total_minted","","u32","1"
"d07941bef95ad91e9e5f64fa1ecfad57ca7aacf1cc3cd0e54f1dfa0859b0f6fb","mint_from","account:address amount:i128 caller:address","","1"
"d0d1b6e15bf038d1dea4656baf35e69fbf1ffe4b09e7068aaeea5d5f76eacd7f","mint","to:address","u32","1"
"d0d1b6e15bf038d1dea4656baf35e69fbf1ffe4b09e7068aaeea5d5f76eacd7f","mint_batch","to:address count:u32","u32","1"
"d0d1b6e15bf038d1dea4656baf35e69fbf1ffe4b09e7068aaeea5d5f76eacd7f","public_mint","to:address","u32","1"
"d0d1b6e15bf038d1dea4656baf35e69fbf1ffe4b09e7068aaeea5d5f76eacd7f","total_minted","","u32","1"
"d0d1b6e15bf038d1dea4656baf35e69fbf1ffe4b09e7068aaeea5d5f76eacd7f","set_public_mint","active:bool","","1"
"d0d1b6e15bf038d1dea4656baf35e69fbf1ffe4b09e7068aaeea5d5f76eacd7f","public_mint_active","","bool","1"
"d0f8e066495e89a643b89b8cf810b5e3746d43d1088d2df972de9910418fc56e","mint","minter:address to:address","u32","0"
"d0f8e066495e89a643b89b8cf810b5e3746d43d1088d2df972de9910418fc56e","is_minter","account:address","bool","0"
"d0f8e066495e89a643b89b8cf810b5e3746d43d1088d2df972de9910418fc56e","batch_mint","minter:address to:address count:u32","{""vec"":{""element_type"":""u32""}}","0"
"d0f8e066495e89a643b89b8cf810b5e3746d43d1088d2df972de9910418fc56e","public_mint","to:address uri:string","u32","0"
"d0f8e066495e89a643b89b8cf810b5e3746d43d1088d2df972de9910418fc56e","grant_minter","account:address","","0"
"d0f8e066495e89a643b89b8cf810b5e3746d43d1088d2df972de9910418fc56e","mint_with_id","minter:address to:address token_id:u32","u32","0"
"d0f8e066495e89a643b89b8cf810b5e3746d43d1088d2df972de9910418fc56e","revoke_minter","account:address","","0"
"d0f8e066495e89a643b89b8cf810b5e3746d43d1088d2df972de9910418fc56e","mint_soulbound","minter:address to:address","u32","0"
"d0f8e066495e89a643b89b8cf810b5e3746d43d1088d2df972de9910418fc56e","public_mint_v2","to:address uri:string is_standard:bool is_soulbound:bool","u32","0"
"d0f8e066495e89a643b89b8cf810b5e3746d43d1088d2df972de9910418fc56e","set_mint_config","payment_token:address price:i128 price_soulbound:i128 treasury:address yield_router:address","","0"
"d0f8e066495e89a643b89b8cf810b5e3746d43d1088d2df972de9910418fc56e","mint_with_royalty","minter:address to:address royalty_receiver:address royalty_bps:u32","u32","0"
"d0f8e066495e89a643b89b8cf810b5e3746d43d1088d2df972de9910418fc56e","set_mint_config_v2","payment_token:address price_pfp:i128 price_standard:i128 price_soulbound_addon:i128 price_royalty_addon:i128 treasury:address yield_router:address","","0"
"d0f8e066495e89a643b89b8cf810b5e3746d43d1088d2df972de9910418fc56e","public_mint_soulbound","to:address uri:string","u32","0"
"d0f8e066495e89a643b89b8cf810b5e3746d43d1088d2df972de9910418fc56e","public_mint_with_royalty","to:address uri:string royalty_receiver:address royalty_bps:u32","u32","0"
"d0f8e066495e89a643b89b8cf810b5e3746d43d1088d2df972de9910418fc56e","public_mint_with_royalty_v2","to:address uri:string is_standard:bool royalty_receiver:address royalty_bps:u32","u32","0"
"d124951f3d336ae26d2e020218115618bff085677239f10851d5d8fb71a75d2f","mint","message:bytes signature:{""bytes_n"":{""n"":64}} recovery_id:u32 public_key:{""bytes_n"":{""n"":65}} nonce:u32","u32","0"
"d14e8cf2e2c07ac4237e4804a50d02c717333ab2a1a4ed63cc63228e265b0a0d","mint","to:address amount:i128","","3"
"d15769c1e97507561fa6000d016229ec1c9c0a8f4f1878f56d3f50466dd63e9e","mint","admin:address to:address amount:i128","","1"
"d170938c145fcb6a1b1b13195237f93a795db66ad41534acf5dda868b4950251","mint_batch","caller:address campaign_id:u64 codes:{""vec"":{""element_type"":""string""}}","{""result"":{""ok_type"":{""vec"":{""element_type"":""u64""}},""error_type"":""error""}}","1"
"d170938c145fcb6a1b1b13195237f93a795db66ad41534acf5dda868b4950251","total_minted","","u64","1"
"d1bc19216f3c6f1c9060935c161f034f0930a74e7140d2baeadd4cfa8a6a3a5b","mint","to:address amount:i128","","1"
"d26b246d23e87b05a8b5e16820f7f7694666e8edcd6f33612a5f800e3c777a03","mint_original","to:address vc:string","","16"
"d28683f723ae932a0eae1ced62a91a23738af3d8bbb79bcfb1fc7b20e9a9f2f9","total_minted","","u32","1"
"d2cd4e0db809ace6a6a711800ae42303b3fe7e7c1927f446611db1e9465bdeb6","mint","to:address amount:i128","","2"
"d30802b77f8a5c12023af2f7158e979113803a4c623d52e8e03d0ae5b46c6039","total_minted","","u32","1"
"d338638bfe9350f313e9a60d965c3402ef99744865f25fba0b6735fe8106cedf","mint","account:address amount:i128","","1"
"d395935626aa610a7be28dd24f47112488222962672f9077892c75ff205b99a0","mint_swap","relayer:address proof:{""udt"":{""name"":""VProof""}} public_inputs:{""vec"":{""element_type"":{""bytes_n"":{""n"":32}}}} payloads:{""vec"":{""element_type"":""bytes""}}","","1"
"d3a8f996d3c1f5ba3aba01cea451578dbf89851ede900f8b61ea6c8b41aa95df","mint","payer:address to:address uri:string is_pfp:bool is_soulbound:bool is_gif:bool size_tier:u32 royalty_bps:u32","u32","1"
"d3a8f996d3c1f5ba3aba01cea451578dbf89851ede900f8b61ea6c8b41aa95df","public_mint","to:address uri:string","u32","1"
"d3a8f996d3c1f5ba3aba01cea451578dbf89851ede900f8b61ea6c8b41aa95df","total_minted","","u32","1"
"d3a8f996d3c1f5ba3aba01cea451578dbf89851ede900f8b61ea6c8b41aa95df","public_mint_soulbound","to:address uri:string","u32","1"
"d45ed61b23d7162a9cbe7ce5cdf98a1bff3150f1f61ec38eaf042fda6bde8a70","mint_attestation","caller:address kind:{""udt"":{""name"":""AttestationKind""}} stream_id:u64 request_id:string checkpoint_index:u32 sender:address recipient:address amount_paid:i128 asset:address category:{""udt"":{""name"":""Category""}} title:string period_start_ledger:u32 period_end_ledger:u32 active_duration_seconds:u64 client_confirmed:bool auto_released:bool report_hash:{""option"":{""value_type"":{""bytes_n"":{""n"":32}}}}","{""result"":{""ok_type"":""u64"",""error_type"":""error""}}","1"
"d46fb93b1458d5785685549d18c13ca99d1efbd8bfeca16f2f905cbd47adb19d","get_mint_statistic","","{""tuple"":{""value_types"":[""u64"",""u64""]}}","0"
"d4c13dfd28241c3df62d604e91fca0510b926aebe315acaa0cdcf9451fde8c35","mint","to:address amount:i128","","8"
"d54eec4122b02dc2b9033b8f63dc269ec4a322767acf8233f735c02d77f3594e","mint","to:address","u32","1"
"d54eec4122b02dc2b9033b8f63dc269ec4a322767acf8233f735c02d77f3594e","mint_batch","tos:{""vec"":{""element_type"":""address""}}","u32","1"
"d5e9038212741f84510ec2ee0b614af4a8b4f8c34632e83f7ec8be4c5e82beb1","mint_py","from:address receiver:address sr_in:i128","i128","2"
"d65b3bb0e0c61300e44efa61d50ae9ac6d32544382093b502182f884819740ec","mint","to:address amount:i128","","1"
"d6c6573dab16d78404ea3a07f61c78075862bc8a81795e0f09c6d2e0bd9eeb9b","total_minted","","u32","0"
"d6cb1f2efd64c67a58c4dbb911771c79ecab1aa4d839cf7fb4942c26a8a24854","mint","to:address","u32","1"
"d6cb1f2efd64c67a58c4dbb911771c79ecab1aa4d839cf7fb4942c26a8a24854","mint_batch","to:address count:u32","u32","1"
"d6cb1f2efd64c67a58c4dbb911771c79ecab1aa4d839cf7fb4942c26a8a24854","public_mint","to:address","u32","1"
"d6cb1f2efd64c67a58c4dbb911771c79ecab1aa4d839cf7fb4942c26a8a24854","mint_with_id","to:address id:u32","","1"
"d6cb1f2efd64c67a58c4dbb911771c79ecab1aa4d839cf7fb4942c26a8a24854","total_minted","","u32","1"
"d6cb1f2efd64c67a58c4dbb911771c79ecab1aa4d839cf7fb4942c26a8a24854","whitelist_mint","to:address proof:{""vec"":{""element_type"":{""bytes_n"":{""n"":32}}}}","u32","1"
"d6cb1f2efd64c67a58c4dbb911771c79ecab1aa4d839cf7fb4942c26a8a24854","public_mint_active","","bool","1"
"d6cb1f2efd64c67a58c4dbb911771c79ecab1aa4d839cf7fb4942c26a8a24854","set_public_mint_active","active:bool","","1"
"d70bbed7362a7596d03bd7d27298049bfc0b1cdbe648c9749eb06dc89a5e9d51","mint","to:address amount:i128","","0"
"d70fde58a69dffb90551bdbf9a1c372153e851e3f8770b3624d59b1db43d7bd7","mint","admin:address to:address amount:u256","","1"
"d718b1806fe0b27e649851dc83704d958a07a2b0d11c76209c67bda7c235872d","total_minted","","u32","1"
"d8be630a761fa1b578f26cd22539e6c501c1a3287c3203d0a0b8fa5da89217c7","mint","to:address","{""result"":{""ok_type"":""void"",""error_type"":""error""}}","3"
"d8cfce5e264b8632c26da735bdd40112d128bdb58a25dbd1bf70fe279f305132","mint","to:address amount:i128","","8"
"d8d1e3c135ed2cea40a157066e9ea035cee6052614ad0706362b0d46a48e5560","mint","owner:address vin:string metadata_ipfs_hash:string","u64","1"
"d932b361db59cbe031c5a363edb911d28eda159c7dabc0e1d4e368c4ed461d2a","mint","payer:address to:address uri:string is_pfp:bool is_soulbound:bool is_gif:bool size_tier:u32 royalty_bps:u32","u32","0"
"d932b361db59cbe031c5a363edb911d28eda159c7dabc0e1d4e368c4ed461d2a","public_mint","to:address uri:string","u32","0"
"d932b361db59cbe031c5a363edb911d28eda159c7dabc0e1d4e368c4ed461d2a","total_minted","","u32","0"
"d932b361db59cbe031c5a363edb911d28eda159c7dabc0e1d4e368c4ed461d2a","public_mint_soulbound","to:address uri:string","u32","0"
"d9610e99b7e88f72d3a85543e4fd3bbd07b18e0ef016e6e4bd49c8343601099d","mint","to:address amount:i128","","2"
"d9a98fa8c62906eca629ac5863086e7a7c917d2a65bf73d6f4e3b87f78420da2","mint_fee_bps","","u32","1"
"d9a98fa8c62906eca629ac5863086e7a7c917d2a65bf73d6f4e3b87f78420da2","set_mint_fee","admin:address fee_bps:u32","{""result"":{""ok_type"":""void"",""error_type"":""error""}}","1"
"d9db3bc7d8d59fe1c09a704169aa81f9e958277358917b9cb16bf0c43b375ce0","start_mint","dev:address token_info:string token_contract:address","","1"
"d9db3bc7d8d59fe1c09a704169aa81f9e958277358917b9cb16bf0c43b375ce0","mint","user:address token_contract:address amount:i128","","1"
"d9db3bc7d8d59fe1c09a704169aa81f9e958277358917b9cb16bf0c43b375ce0","claim_mint_reward","token_contract:address","","1"
"d9db3bc7d8d59fe1c09a704169aa81f9e958277358917b9cb16bf0c43b375ce0","get_mint_info","token_contract:address","{""udt"":{""name"":""Mint""}}","1"
"d9e4643ce85b3f3affef1b69d33556e25a9baba850c13762c18a6e0c96cb22f2","batch_mint","to:address amount:u32","u32","0"
"da184792aa0b20504a82d573e3f6c32eea828731ad4f908e7e2b22aae0b144ce","public_mint","to:address uri:string","u32","0"
"da184792aa0b20504a82d573e3f6c32eea828731ad4f908e7e2b22aae0b144ce","total_minted","","u32","0"
"da184792aa0b20504a82d573e3f6c32eea828731ad4f908e7e2b22aae0b144ce","public_mint_soulbound","to:address uri:string","u32","0"
"da72b30d6e794fd177d1d11b695cbaa8b9babefbb4d849d022e0f2e6e9e29678","mint","to:address amount:i128","","0"
"daa8479ff3ad803729f57816ecc2311aa58a7c4b38e3a08ff2a60d976a47485e","total_minted","","u32","0"
"dae1757ca9c8350654c68b1be0dd959f00a111eecef928dd4a49751f99f03517","mint","to:address amount:i128 operator:address","","3"
"dae1af1c2863e907e6b58dc861bb7ae610c9b951d23af7902a6afc247b923b0a","mint","params:{""udt"":{""name"":""MintParams""}}","{""result"":{""ok_type"":{""tuple"":{""value_types"":[""u32"",""u128"",""u128"",""u128""]}},""error_type"":""error""}}","1"
"dae1af1c2863e907e6b58dc861bb7ae610c9b951d23af7902a6afc247b923b0a","mint_with_hints","params:{""udt"":{""name"":""MintParams""}} hints:{""udt"":{""name"":""OracleHints""}}","{""result"":{""ok_type"":{""tuple"":{""value_types"":[""u32"",""u128"",""u128"",""u128""]}},""error_type"":""error""}}","1"
"dae61b0ae32ed476188842dd20e155a62aabe5348e7d6b67df3a4aaf72904e49","mint","caller:address token_id:i128 to:address currency:address","","1"
"dae61b0ae32ed476188842dd20e155a62aabe5348e7d6b67df3a4aaf72904e49","get_mint_price","token_id:i128 currency:address","{""udt"":{""name"":""MintPriceSettings""}}","1"
"dae61b0ae32ed476188842dd20e155a62aabe5348e7d6b67df3a4aaf72904e49","set_default_mint_price","currency:address enabled:bool amount:u128","","1"
"dae61b0ae32ed476188842dd20e155a62aabe5348e7d6b67df3a4aaf72904e49","set_mint_price","token_id:i128 currency:address enabled:bool amount:u128","","1"
"dae61b0ae32ed476188842dd20e155a62aabe5348e7d6b67df3a4aaf72904e49","set_minter","new_minter:address","","1"
"daeb931b9507440b6dc4f73256ac33c6089964f5d035f7eec5fcedc10e732c8e","mint","to:address amount:i128","","4"
"db136378388fcfca090c0cd636ae90d1f0318dbe0d7d5d438a76aef121746dd8","mint","to:address","u32","1"
"db136378388fcfca090c0cd636ae90d1f0318dbe0d7d5d438a76aef121746dd8","total_minted","","u32","1"
"dbd0fed83aba79e0f20696008e0efcdfcd2b260731d31477a9732ff1728018ae","mint","to:address amount:i128","","59"
"dc6a81db12b29c536da8cd9bda8d06d0cc61c131855b4e7309d4c8f301c61e67","mint","to:address amount:i128","","1"
"dc90e75de093eb27d53249025c3595d0dd093618c2c8a0f69023d4bfaf532b97","mint","admin:address to:address amount:u256","","1"
"dd83430703a4ff25047b46f621033a1633cd37abc7e8ebafd4a811bb9e287435","mint","to:address amount:i128","","1"
"dd83430703a4ff25047b46f621033a1633cd37abc7e8ebafd4a811bb9e287435","mint_cap","","i128","1"
"dd83430703a4ff25047b46f621033a1633cd37abc7e8ebafd4a811bb9e287435","oracle_mint","to:address amount:i128","{""result"":{""ok_type"":{""tuple"":{""value_types"":[]}},""error_type"":{""udt"":{""name"":""JouleError""}}}}","1"
"dd83430703a4ff25047b46f621033a1633cd37abc7e8ebafd4a811bb9e287435","set_mint_cap","cap:i128","","1"
"dd83430703a4ff25047b46f621033a1633cd37abc7e8ebafd4a811bb9e287435","total_minted","","i128","1"
"de00bc4e3d389ac8ffbcbf6ca53d88e940463fd82dddf25e874d4504d8cd3d90","mint","to:address amount:i128","{""result"":{""ok_type"":{""tuple"":{""value_types"":[]}},""error_type"":{""udt"":{""name"":""TokenError""}}}}","8"
"de00bc4e3d389ac8ffbcbf6ca53d88e940463fd82dddf25e874d4504d8cd3d90","mint_scaled","caller:address on_behalf_of:address amount:u128 index:u128","{""result"":{""ok_type"":{""tuple"":{""value_types"":[""bool"",""i128"",""i128""]}},""error_type"":{""udt"":{""name"":""TokenError""}}}}","8"
"de81128df5889eca86e736ac3c8e353609f5439bd60fec83ea50f471dfd848ae","mint","to:address amount:i128","","6"
"de858a06e22fda01b701af6bdfa03c349940fec3b4ddc191a80f03680b196393","mint","minter:address to:address amount:i128","{""result"":{""ok_type"":""void"",""error_type"":{""udt"":{""name"":""TokenError""}}}}","1"
"de858a06e22fda01b701af6bdfa03c349940fec3b4ddc191a80f03680b196393","set_minter","minter:address","{""result"":{""ok_type"":""void"",""error_type"":{""udt"":{""name"":""TokenError""}}}}","1"
"de858a06e22fda01b701af6bdfa03c349940fec3b4ddc191a80f03680b196393","remove_minter","minter:address","{""result"":{""ok_type"":""void"",""error_type"":{""udt"":{""name"":""TokenError""}}}}","1"
"de9dfe1e2f0096acab346197e2006cd53ac54de1ba08b4d3a10033ff0650b0c6","mint","to:address amount:i128","","2"
"defa6f74e04bab35b74d8007adf39e20902dbe65995efadd79c0c35269621f9b","mint_original","to:address vc:string","","18"
"df22f70ac2c1ec456cf8e8eeac2aac164aab4f2d79e6c490026a06f7a970a814","public_mint","to:address uri:string","u32","1"
"df22f70ac2c1ec456cf8e8eeac2aac164aab4f2d79e6c490026a06f7a970a814","total_minted","","u32","1"
"df22f70ac2c1ec456cf8e8eeac2aac164aab4f2d79e6c490026a06f7a970a814","public_mint_soulbound","to:address uri:string","u32","1"
"df437853c584f4b7cfc5b4d1afa17f242a425307be1b9dd86ecc65052477b9c0","mint","to:address amount:i128","","1"
"dfad78f7ef4262603f7ffa765a04bba61fbbe92dd1f5e6c22b5f274ba05860f8","mint_from","caller:address account:address amount:i128","","0"
"dfece7b1220342153009308b30ae7247a939ca249ccebbabbb0a379d378f0a3e","mint","to:address amount:i128","","0"
"dffabfbca76d251de7e31c60bee3b83a8cec1d7b7859c3dec14e6aa9653a21f0","mint","operator:address shares:i128 receiver:address","{""result"":{""ok_type"":""i128"",""error_type"":{""udt"":{""name"":""ContractError""}}}}","1"
"dffabfbca76d251de7e31c60bee3b83a8cec1d7b7859c3dec14e6aa9653a21f0","preview_mint","shares:i128","{""result"":{""ok_type"":""i128"",""error_type"":{""udt"":{""name"":""ContractError""}}}}","1"
"dffabfbca76d251de7e31c60bee3b83a8cec1d7b7859c3dec14e6aa9653a21f0","max_mint","receiver:address","{""result"":{""ok_type"":""i128"",""error_type"":{""udt"":{""name"":""ContractError""}}}}","1"
"e02a7bed28dd0aab8c4a926804efaef9a30614c85e9936d3e3a220bd98b4f5f9","mint","params:{""udt"":{""name"":""MintParams""}}","{""result"":{""ok_type"":{""tuple"":{""value_types"":[""u32"",""u128"",""u128"",""u128""]}},""error_type"":""error""}}","1"
"e02a7bed28dd0aab8c4a926804efaef9a30614c85e9936d3e3a220bd98b4f5f9","mint_with_hints","params:{""udt"":{""name"":""MintParams""}} hints:{""udt"":{""name"":""OracleHints""}}","{""result"":{""ok_type"":{""tuple"":{""value_types"":[""u32"",""u128"",""u128"",""u128""]}},""error_type"":""error""}}","1"
"e039233a805d7313439c0ecacd7a568dd594180f86c81c7d885acaca9c005d46","mint","to:address","u32","1"
"e039233a805d7313439c0ecacd7a568dd594180f86c81c7d885acaca9c005d46","mint_batch","to:address count:u32","u32","1"
"e039233a805d7313439c0ecacd7a568dd594180f86c81c7d885acaca9c005d46","public_mint","to:address","u32","1"
"e039233a805d7313439c0ecacd7a568dd594180f86c81c7d885acaca9c005d46","mint_with_id","to:address id:u32","","1"
"e039233a805d7313439c0ecacd7a568dd594180f86c81c7d885acaca9c005d46","total_minted","","u32","1"
"e039233a805d7313439c0ecacd7a568dd594180f86c81c7d885acaca9c005d46","whitelist_mint","to:address proof:{""vec"":{""element_type"":{""bytes_n"":{""n"":32}}}}","u32","1"
"e039233a805d7313439c0ecacd7a568dd594180f86c81c7d885acaca9c005d46","public_mint_active","","bool","1"
"e039233a805d7313439c0ecacd7a568dd594180f86c81c7d885acaca9c005d46","set_public_mint_active","active:bool","","1"
"e10cd58fbcac623bce5a6fa67eaf5ea4244639aaec234757f5d98317dfa855c7","mint","to:address","u32","1"
"e1d355a9de8fbd7f95e763a3243846867f466e2d4a9dabe3ae84b71a12a09890","batch_mint","to:address amount:u32","u32","0"
"e214d697bfaf40be02b86addb54fbf8b4ad7597fadef2ea644bb860172449153","mint","to:address amount:i128","{""result"":{""ok_type"":{""tuple"":{""value_types"":[]}},""error_type"":{""udt"":{""name"":""TokenError""}}}}","2"
"e214d697bfaf40be02b86addb54fbf8b4ad7597fadef2ea644bb860172449153","mint_scaled","caller:address on_behalf_of:address amount:u128 index:u128","{""result"":{""ok_type"":{""tuple"":{""value_types"":[""bool"",""i128"",""i128""]}},""error_type"":{""udt"":{""name"":""TokenError""}}}}","2"
"e337b7a3aeb03923b923193358634b6c0fbfc379d78045a8bb509ff13fddbe6a","mint","shares:i128 receiver:address from:address operator:address","i128","1"
"e337b7a3aeb03923b923193358634b6c0fbfc379d78045a8bb509ff13fddbe6a","max_mint","receiver:address","i128","1"
"e337b7a3aeb03923b923193358634b6c0fbfc379d78045a8bb509ff13fddbe6a","preview_mint","shares:i128","i128","1"
"e3519832acda3607fc6ae542ce33787aa2048b1032c7d0a300536d760b22c97f","mint","operator:address shares:i128 receiver:address","{""result"":{""ok_type"":""i128"",""error_type"":{""udt"":{""name"":""ContractError""}}}}","1"
"e3519832acda3607fc6ae542ce33787aa2048b1032c7d0a300536d760b22c97f","preview_mint","shares:i128","{""result"":{""ok_type"":""i128"",""error_type"":{""udt"":{""name"":""ContractError""}}}}","1"
"e3519832acda3607fc6ae542ce33787aa2048b1032c7d0a300536d760b22c97f","max_mint","receiver:address","{""result"":{""ok_type"":""i128"",""error_type"":{""udt"":{""name"":""ContractError""}}}}","1"
"e3b1ea0f41d5c625f2b03534e032c10313bd7304f0e89fbeae39ced744d0fe2f","mint","amount:i128","","8"
"e3b1ea0f41d5c625f2b03534e032c10313bd7304f0e89fbeae39ced744d0fe2f","mint_to","account:address amount:i128","","8"
"e3d4af865add63693ab8a51ca729f4e62326bc18177f024cfc44d3b3afc695ae","mint","to:address","u32","1"
"e3d543ac9a364f5ce8c1879a598b362f6ac77b715924e83266784e803e572ea7","mint","caller:address to:address amount:i128","","1"
"e3d543ac9a364f5ce8c1879a598b362f6ac77b715924e83266784e803e572ea7","max_burn_mint","","i128","1"
"e3d543ac9a364f5ce8c1879a598b362f6ac77b715924e83266784e803e572ea7","set_max_burn_mint","caller:address value:i128","","1"
"e4013cdd3fd06ffe06952198389cdb99c88a16c2fc26371b8c455bfcbf916592","mint","to:address amount:i128","","1"
"e409b9e18a47cae9e044376cc0aad3e1a9fb7622e8cca22dce8b426ad1f5db36","mint","to:address amount:i128","","0"
"e5563daf8d18b2136500df971529af61cc68288fbc3af3465a1ac78052d31209","mint_redeem_sweep","old_lp:address pool:address token_a:address token_b:address recipient:address stages:{""vec"":{""element_type"":""i128""}}","{""tuple"":{""value_types"":[""i128"",""i128""]}}","2"
"e563900642e5bc071454bf49985200be5f0f1665295c2d181b8413cc40aa388c","mint_fee_bps","","u32","1"
"e563900642e5bc071454bf49985200be5f0f1665295c2d181b8413cc40aa388c","set_mint_fee","admin:address fee_bps:u32","{""result"":{""ok_type"":""void"",""error_type"":""error""}}","1"
"e5c0a16b9b4afc9e5540504e6191a8e1190e9fbc0ccc0f96f3fe43021ae5bd8b","public_mint","to:address uri:string","u32","2"
"e5c0a16b9b4afc9e5540504e6191a8e1190e9fbc0ccc0f96f3fe43021ae5bd8b","total_minted","","u32","2"
"e5c0a16b9b4afc9e5540504e6191a8e1190e9fbc0ccc0f96f3fe43021ae5bd8b","public_mint_soulbound","to:address uri:string","u32","2"
"e652273f4160f3d7e9fcce31ffbf6dba242c76b04f5ce249d0da71770db51c38","mint","to:address amount:i128","","1"
"e6e9f6cc3ab3479652d81d96b6f2e0d7db6d1ff00a742407ae56941388d1b25f","mint","to:address amount:i128","","1"
"e74caa0c10e3e8af2f977691e7560d1b6ef700a7df390f610ecb23b60738e5a6","mint","to:address","","2"
"e80840a63de88eda39d2a2525e8f059201e17066e02777e0d410f1959d888c1d","mint","to:address amount:i128","","1"
"e84be55dca2c36778ce74caf6466b5d747e9f564b17fbfe16f37e20d22b898c7","mint_original","to:address vc:string","","11"
"e8a823c8a29d9ddb35d422b66a0b0529d25991eddd0b67c642b8b963892a3c43","mint","admin:address to:address amount:i128","{""result"":{""ok_type"":""void"",""error_type"":{""udt"":{""name"":""TokenError""}}}}","2"
"e8bf985b6e949ae21e618e04cdc924eda863c9226205a64afe35c9dd7f14a9ff","mint","to:address","","1"
"e8bf9c7c3c8a9f0edd25f9ff2db8471955c3ded4ff8b9dc174858fbc163bb261","mint","shares:i128 receiver:address from:address operator:address","i128","0"
"e8bf9c7c3c8a9f0edd25f9ff2db8471955c3ded4ff8b9dc174858fbc163bb261","max_mint","receiver:address","i128","0"
"e8bf9c7c3c8a9f0edd25f9ff2db8471955c3ded4ff8b9dc174858fbc163bb261","preview_mint","shares:i128","i128","0"
"e8bf9c7c3c8a9f0edd25f9ff2db8471955c3ded4ff8b9dc174858fbc163bb261","allowlist_mint","mint:address to:address amount:u64","{""result"":{""ok_type"":{""tuple"":{""value_types"":[]}},""error_type"":{""udt"":{""name"":""STokenAllowlistMintError""}}}}","0"
"e8bf9c7c3c8a9f0edd25f9ff2db8471955c3ded4ff8b9dc174858fbc163bb261","min_shares_to_mint","","u64","0"
"e8bf9c7c3c8a9f0edd25f9ff2db8471955c3ded4ff8b9dc174858fbc163bb261","accept_allowlist_mint","mint:address caller:address","{""result"":{""ok_type"":{""tuple"":{""value_types"":[]}},""error_type"":{""udt"":{""name"":""STokenAllowlistMintError""}}}}","0"
"e8bf9c7c3c8a9f0edd25f9ff2db8471955c3ded4ff8b9dc174858fbc163bb261","cancel_allowlist_mint","mint:address caller:address","{""result"":{""ok_type"":{""tuple"":{""value_types"":[]}},""error_type"":{""udt"":{""name"":""STokenAllowlistMintError""}}}}","0"
"ea1a5b73f3c46c394917a353665c9518a68458eea5046a8780531f2b7d6820c5","mint","to:address amount:i128","","1"
"ea5d24bc6768196843dd3c43d004e5eda7e3936cab53de4fc47cf82a24c8d73f","mint","to:address amount:i128","","1"
"eadc582956c629cff61a517d6d9b677b7e01166fc0365d733c0f0bdcc7000fc3","mint","minter:address to:address","u32","1"
"eadc582956c629cff61a517d6d9b677b7e01166fc0365d733c0f0bdcc7000fc3","is_minter","account:address","bool","1"
"eadc582956c629cff61a517d6d9b677b7e01166fc0365d733c0f0bdcc7000fc3","batch_mint","minter:address to:address count:u32","{""vec"":{""element_type"":""u32""}}","1"
"eadc582956c629cff61a517d6d9b677b7e01166fc0365d733c0f0bdcc7000fc3","public_mint","to:address","u32","1"
"eadc582956c629cff61a517d6d9b677b7e01166fc0365d733c0f0bdcc7000fc3","grant_minter","account:address","","1"
"eadc582956c629cff61a517d6d9b677b7e01166fc0365d733c0f0bdcc7000fc3","mint_with_id","minter:address to:address token_id:u32","u32","1"
"eadc582956c629cff61a517d6d9b677b7e01166fc0365d733c0f0bdcc7000fc3","total_minted","","u32","1"
"eadc582956c629cff61a517d6d9b677b7e01166fc0365d733c0f0bdcc7000fc3","revoke_minter","account:address","","1"
"eadc582956c629cff61a517d6d9b677b7e01166fc0365d733c0f0bdcc7000fc3","mint_soulbound","minter:address to:address","u32","1"
"eadc582956c629cff61a517d6d9b677b7e01166fc0365d733c0f0bdcc7000fc3","set_public_mint","active:bool","","1"
"eadc582956c629cff61a517d6d9b677b7e01166fc0365d733c0f0bdcc7000fc3","mint_with_royalty","minter:address to:address royalty_receiver:address royalty_bps:u32","u32","1"
"eadc582956c629cff61a517d6d9b677b7e01166fc0365d733c0f0bdcc7000fc3","is_public_mint_active","","bool","1"
"eb80c42e386ca3b82f2c12b622a49d90d4605adc68fe62368bcf05bd18474172","mint","to:address amount:i128","","3"
"eb859b0a817c23bbc132dbba04c5a0a159a2de1be7af3c58078f2196172ce10d","mint","to:address amount:i128","","0"
"ebd8f39cfed991a5a5564e9ba85ca35c5d1d1bc52d9c00d6e9f9620725525140","total_minted","","u32","1"
"ec4676691c0bb79896e3655b11e61e6a259e35497ab6d4ae666113a4c82d24ed","mint","to:address amount:i128","{""result"":{""ok_type"":{""tuple"":{""value_types"":[]}},""error_type"":""error""}}","1"
"eca705e7aa6b6cc4cdfea096eb521a740045c63499167a2d0f64d0d3edee78fd","yield_minter","","{""option"":{""value_type"":""address""}}","1"
"eca705e7aa6b6cc4cdfea096eb521a740045c63499167a2d0f64d0d3edee78fd","set_yield_minter","new_yield_minter:address","","1"
"eca705e7aa6b6cc4cdfea096eb521a740045c63499167a2d0f64d0d3edee78fd","can_yield_be_minted","loan_id:u32 repayment_id:u32","bool","1"
"ecca557e1c80998cf90029ce7b71324c44458c43ca93188c21ddc61e73642369","mint","invoker:address to:address token_id:string","{""result"":{""ok_type"":{""tuple"":{""value_types"":[]}},""error_type"":{""udt"":{""name"":""SdkError""}}}}","1"
"ecca557e1c80998cf90029ce7b71324c44458c43ca93188c21ddc61e73642369","add_minter","invoker:address new_minter:address","{""result"":{""ok_type"":{""tuple"":{""value_types"":[]}},""error_type"":{""udt"":{""name"":""SdkError""}}}}","1"
"ecca557e1c80998cf90029ce7b71324c44458c43ca93188c21ddc61e73642369","remove_minter","invoker:address minter_to_remove:address","{""result"":{""ok_type"":{""tuple"":{""value_types"":[]}},""error_type"":{""udt"":{""name"":""SdkError""}}}}","1"
"eccc1a4d9615e9aac43f4ea9acc4137d671b4418e47dfb211df2dab2793875a7","mint","caller:address targets:{""vec"":{""element_type"":{""udt"":{""name"":""MintTarget""}}}}","i128","34"
"ecf47562973711ae6a1ba40101b6deae3d953f1b6cf870be42ce5081e0411933","mint","to:address amount:i128","","54"
"ed0f270240c2232fdc2112cb1b90b87bf6b49b464cabf23055ab2d0e716fef7c","total_minted","","u32","1"
"ed76b6cf2bfe87ae9db95236167585ee4758eed1174ee0c359b02feb9d3b8c91","mint","admin:address to:address amount:u256","","1"
"edb7c6441abd8bb4691567902da473d18334941573520ac34ca722ad69ffb0b1","mint","to:address amount:i128","","0"
"edc075179f736aef24b7f2d3e23d7baf7db115428ce48d075d193f2476d13472","request_to_mint","user:address transferred_token:address for_token:address amount:i128 preprice:u128 slippage:u128 timestamp:u64 extra_data:bytes","","1"
"ef07fb53c7e9207f191371a9b87a757a05255938c6dd04b0b5507299ff6d119b","mint_to","to:address amount:i128","","1"
"ef39a3db1905e73acb53fcfc0b4d7b2ee1198454c2fe624645049e5007569816","mint_to_treasury","amount:i128 ref_hash:{""bytes_n"":{""n"":32}}","","1"
"f090268151050dbd6145c97061205057bf33009d5186ef3016835a62947d3d57","mint","to:address amount:i128","","1"
"f0ddeee37c50a88168f8275706f92219606cbddb30293652feadd9c44dcbb6a3","get_mint_statistic","","{""tuple"":{""value_types"":[""u64"",""u64""]}}","2"
"f0e10c2924f73476027d5ae53e2c3ad9e63e251b31465559064bbb6555ae0a9e","mint","user:address tokens_to_mint:u128","u128","5"
"f0e10c2924f73476027d5ae53e2c3ad9e63e251b31465559064bbb6555ae0a9e","kill_mint","admin:address","","5"
"f0e10c2924f73476027d5ae53e2c3ad9e63e251b31465559064bbb6555ae0a9e","unkill_mint","admin:address","","5"
"f0e10c2924f73476027d5ae53e2c3ad9e63e251b31465559064bbb6555ae0a9e","get_is_killed_mint","","bool","5"
"f0f1ba47b170627ceb4afb9b50523346bad7876535336a07d6d2c2581f754731","mint","shares:i128 receiver:address from:address operator:address","i128","1"
"f0f1ba47b170627ceb4afb9b50523346bad7876535336a07d6d2c2581f754731","max_mint","receiver:address","i128","1"
"f0f1ba47b170627ceb4afb9b50523346bad7876535336a07d6d2c2581f754731","preview_mint","shares:i128","i128","1"
"f102c0e7bc02baa38deb1ee1909afe75e945901603918de01f869e9ca07bac2a","mint","to:address amount:i128","","16"
"f11078394fd06b3992b4274611a7c47809707bdce61254cffa6dd40fcaad364f","mint_from","from:address to:address amount:i128","","3"
"f11078394fd06b3992b4274611a7c47809707bdce61254cffa6dd40fcaad364f","add_minter_by_manager","minter:address","","3"
"f11078394fd06b3992b4274611a7c47809707bdce61254cffa6dd40fcaad364f","remove_minter_by_manager","minter:address","","3"
"f11078394fd06b3992b4274611a7c47809707bdce61254cffa6dd40fcaad364f","get_minters","","{""vec"":{""element_type"":""address""}}","3"
"f11078394fd06b3992b4274611a7c47809707bdce61254cffa6dd40fcaad364f","is_minter","address:address","bool","3"
"f11078394fd06b3992b4274611a7c47809707bdce61254cffa6dd40fcaad364f","set_minter_manager","new_manager:address","","3"
"f11078394fd06b3992b4274611a7c47809707bdce61254cffa6dd40fcaad364f","is_minter_manager","address:address","bool","3"
"f11078394fd06b3992b4274611a7c47809707bdce61254cffa6dd40fcaad364f","get_minter_manager","","address","3"
"f11f6e56e50fa3f5964e4e270353737051928e0c10630971dccc3923d4a1bd61","mint","user:address token_id:{""udt"":{""name"":""TokenId""}} card_level:u32 buy_currency:{""udt"":{""name"":""Currency""}}","","1"
"f11f6e56e50fa3f5964e4e270353737051928e0c10630971dccc3923d4a1bd61","mint_terry","player:address amount:i128","","1"
"f11f6e56e50fa3f5964e4e270353737051928e0c10630971dccc3923d4a1bd61","batch_mint_terry","to_addresses:{""vec"":{""element_type"":""address""}} amounts:{""vec"":{""element_type"":""i128""}}","","1"
"f133e299fc7a62b6d7230c142c8d25925d84c6c5fb77fab16c44249fc5c5d1ba","mint","to:address","u32","1"
"f133e299fc7a62b6d7230c142c8d25925d84c6c5fb77fab16c44249fc5c5d1ba","mint_batch","to:address count:u32","u32","1"
"f133e299fc7a62b6d7230c142c8d25925d84c6c5fb77fab16c44249fc5c5d1ba","public_mint","to:address","u32","1"
"f133e299fc7a62b6d7230c142c8d25925d84c6c5fb77fab16c44249fc5c5d1ba","mint_with_id","to:address id:u32","","1"
"f133e299fc7a62b6d7230c142c8d25925d84c6c5fb77fab16c44249fc5c5d1ba","total_minted","","u32","1"
"f133e299fc7a62b6d7230c142c8d25925d84c6c5fb77fab16c44249fc5c5d1ba","whitelist_mint","to:address proof:{""vec"":{""element_type"":{""bytes_n"":{""n"":32}}}}","u32","1"
"f133e299fc7a62b6d7230c142c8d25925d84c6c5fb77fab16c44249fc5c5d1ba","public_mint_active","","bool","1"
"f133e299fc7a62b6d7230c142c8d25925d84c6c5fb77fab16c44249fc5c5d1ba","set_public_mint_active","active:bool","","1"
"f1b6240915e8704350668364192aa320240391f73f85d62419088eb5c748c041","mint","issuer:address msme:address invoice_id:string face_amount:i128","{""result"":{""ok_type"":{""udt"":{""name"":""ReceivableRecord""}},""error_type"":""error""}}","1"
"f1b6240915e8704350668364192aa320240391f73f85d62419088eb5c748c041","is_minted","invoice_id:string","{""result"":{""ok_type"":""bool"",""error_type"":""error""}}","1"
"f1c1100ae02d704976177e4bf3ce4ee986cd92f3c62ff3e8dbb1007995fefbd0","mint_domain","domain_name:string owner:address duration_years:u32 metadata_uri:string","u64","1"
"f1ceec13366e837c507ae6b432a5ba9901ccea2a55671a20f4bbfb816409480d","mint_from","from:address to:address amount:i128","","1"
"f1ceec13366e837c507ae6b432a5ba9901ccea2a55671a20f4bbfb816409480d","add_minter_by_manager","minter:address","","1"
"f1ceec13366e837c507ae6b432a5ba9901ccea2a55671a20f4bbfb816409480d","remove_minter_by_manager","minter:address","","1"
"f1ceec13366e837c507ae6b432a5ba9901ccea2a55671a20f4bbfb816409480d","get_minters","","{""vec"":{""element_type"":""address""}}","1"
"f1ceec13366e837c507ae6b432a5ba9901ccea2a55671a20f4bbfb816409480d","is_minter","address:address","bool","1"
"f1ceec13366e837c507ae6b432a5ba9901ccea2a55671a20f4bbfb816409480d","set_minter_manager","new_manager:address","","1"
"f1ceec13366e837c507ae6b432a5ba9901ccea2a55671a20f4bbfb816409480d","is_minter_manager","address:address","bool","1"
"f1ceec13366e837c507ae6b432a5ba9901ccea2a55671a20f4bbfb816409480d","get_minter_manager","","address","1"
"f1f2de50e012880252a7430532a00c53889360129b8b3c551303aea4ba450eec","mint_reward","_caller:address to:address difficulty:i128","i128","1"
"f1f2de50e012880252a7430532a00c53889360129b8b3c551303aea4ba450eec","admin_mint","_caller:address account:address amount:i128","","1"
"f201f0df6d7f78dc31f01186ef017390e74d55f885a6c861ced27b1428bb5071","mint_from","caller:address account:address amount:i128","","1"
"f21b410847dbfae5584fd146873d3a7359611fc0633222d1da996504808a8d71","mint","to:address amount:i128","","1"
"f23472368831f0ed7c9185b82899e7ed7993e570fdc3666117af5c037d5b9d7b","mint","to:address","u32","0"
"f29c8762a2b6976888d83ec8be6d16fa3808f7a783f58398d07ffa96e8850ad4","mint","owner:address token_id:u32 token_uri:string","","2"
"f29c8762a2b6976888d83ec8be6d16fa3808f7a783f58398d07ffa96e8850ad4","bulk_mint","owner:address tokens:{""vec"":{""element_type"":{""tuple"":{""value_types"":[""u32"",""string""]}}}}","","2"
"f29c8762a2b6976888d83ec8be6d16fa3808f7a783f58398d07ffa96e8850ad4","update_minter","minter:address","","2"
"f39aaeafde37f067b848011475524f5fa25916b1ff135ed273e79663c122490b","mint","to:address amount:i128","","0"
"f409b73df06acfa868514c113ba1a96249e5782e926b1c8489125b6ed5cabba4","mint","to:address amount:i128","","0"
"f4150f9032506abbc31b73bcce99d2995af5a45e349f74ae29fe01c85cbbd122","mint","minter:address to:address","u32","1"
"f4150f9032506abbc31b73bcce99d2995af5a45e349f74ae29fe01c85cbbd122","is_minter","account:address","bool","1"
"f4150f9032506abbc31b73bcce99d2995af5a45e349f74ae29fe01c85cbbd122","batch_mint","minter:address to:address count:u32","{""vec"":{""element_type"":""u32""}}","1"
"f4150f9032506abbc31b73bcce99d2995af5a45e349f74ae29fe01c85cbbd122","public_mint","to:address uri:string","u32","1"
"f4150f9032506abbc31b73bcce99d2995af5a45e349f74ae29fe01c85cbbd122","grant_minter","account:address","","1"
"f4150f9032506abbc31b73bcce99d2995af5a45e349f74ae29fe01c85cbbd122","mint_with_id","minter:address to:address token_id:u32","u32","1"
"f4150f9032506abbc31b73bcce99d2995af5a45e349f74ae29fe01c85cbbd122","revoke_minter","account:address","","1"
"f4150f9032506abbc31b73bcce99d2995af5a45e349f74ae29fe01c85cbbd122","mint_soulbound","minter:address to:address","u32","1"
"f4150f9032506abbc31b73bcce99d2995af5a45e349f74ae29fe01c85cbbd122","set_mint_config","payment_token:address price:i128 price_soulbound:i128 treasury:address yield_router:address","","1"
"f4150f9032506abbc31b73bcce99d2995af5a45e349f74ae29fe01c85cbbd122","mint_with_royalty","minter:address to:address royalty_receiver:address royalty_bps:u32","u32","1"
"f4150f9032506abbc31b73bcce99d2995af5a45e349f74ae29fe01c85cbbd122","public_mint_soulbound","to:address uri:string","u32","1"
"f4150f9032506abbc31b73bcce99d2995af5a45e349f74ae29fe01c85cbbd122","public_mint_with_royalty","to:address uri:string royalty_receiver:address royalty_bps:u32","u32","1"
"f422c75335b1d3c089ad458c3be47d6e574e0bb3c6f476d81cfbfb26313ec5a0","advance_mint","operator:address","u32","2"
"f44678d063bbb09294ea540b789c05519c27bb3873f2d011bd717f32bdd67bde","mint","caller:address to:address amount:i128","{""result"":{""ok_type"":""void"",""error_type"":{""udt"":{""name"":""MinterGatewayError""}}}}","1"
"f44678d063bbb09294ea540b789c05519c27bb3873f2d011bd717f32bdd67bde","minter","","address","1"
"f44678d063bbb09294ea540b789c05519c27bb3873f2d011bd717f32bdd67bde","set_minter","new_minter:address","","1"
"f48f10d9c7d35fc7783b5e27578bf0e764e3a30ff26a3bd7d8e57758c17a9ea8","mint","account:address amount:i128 caller:address","","7"
"f48f10d9c7d35fc7783b5e27578bf0e764e3a30ff26a3bd7d8e57758c17a9ea8","mint_batch","operations:{""vec"":{""element_type"":{""udt"":{""name"":""MintBatchOperation""}}}} caller:address idempotency_key:string","","7"
"f4d30d106cf89cad70e51c4ee76987e31f29965b6e20d657122895c00d44611c","mint","account:address amount:i128","","1"
"f54485d59dae89a670700f597109aaadcb21f1004b6a4dae3c2251ac64459faf","mint","shares:i128 receiver:address from:address operator:address","i128","1"
"f54485d59dae89a670700f597109aaadcb21f1004b6a4dae3c2251ac64459faf","max_mint","receiver:address","i128","1"
"f54485d59dae89a670700f597109aaadcb21f1004b6a4dae3c2251ac64459faf","preview_mint","shares:i128","i128","1"
"f55016cec9190712a7e5e58e09087bcc899393eb0d99353a5fece47bb790a7fb","mint","to:address amount:i128","","16"
"f5bb5a1d69d1996bd6c883ebe026e7a24989cb7dacfe1ffa8d285e1da3ef692a","mint_original","to:address file_hashes:{""vec"":{""element_type"":""string""}}","","0"
"f60d0273901f2840388596c9ae6e7be34589abe3c2714e40ce464599b518f46c","mint","to:address amount:i128","","2"
"f62517c112a5d16dcc1b4d1be4cfc430d515f93603a46cc92824a3839f408c9a","mint_with_voucher","recipient:address nonce:u64 signature:{""bytes_n"":{""n"":64}}","u32","1"
"f668da8c78738e4871959e9eb1a8ab94c1f3e8cd17595cf00b3dfd0acbe9202d","mint","to:address amount:i128","","3"
"f691dfbe476da8c1b9bd7da665d77b3d3b525090a637d70ae7d33a384f7a3475","mint","to:address","u32","0"
"f691dfbe476da8c1b9bd7da665d77b3d3b525090a637d70ae7d33a384f7a3475","mint_batch","to:address count:u32","u32","0"
"f691dfbe476da8c1b9bd7da665d77b3d3b525090a637d70ae7d33a384f7a3475","public_mint","to:address","u32","0"
"f691dfbe476da8c1b9bd7da665d77b3d3b525090a637d70ae7d33a384f7a3475","total_minted","","u32","0"
"f691dfbe476da8c1b9bd7da665d77b3d3b525090a637d70ae7d33a384f7a3475","whitelist_mint","to:address proof:{""vec"":{""element_type"":{""bytes_n"":{""n"":32}}}}","u32","0"
"f691dfbe476da8c1b9bd7da665d77b3d3b525090a637d70ae7d33a384f7a3475","public_mint_active","","bool","0"
"f691dfbe476da8c1b9bd7da665d77b3d3b525090a637d70ae7d33a384f7a3475","set_public_mint_active","active:bool","","0"
"f6a8e0d756c92898ab21f2d8b0a4eb331f781a6eca21b00c4f45aade5c1f4987","mint_badge","wallet:address badge_type:symbol cycle_id:u32 expiry:u64 signature:{""bytes_n"":{""n"":64}}","{""result"":{""ok_type"":""u32"",""error_type"":{""udt"":{""name"":""BadgeError""}}}}","2"
"f6e18a3e7bcd8080dbb69c4d5b0ad09495b907838deb9b295364983a49a2d81c","mint","to:address","u32","0"
"f6e18a3e7bcd8080dbb69c4d5b0ad09495b907838deb9b295364983a49a2d81c","total_minted","","u32","0"
"f72c33f8858ff3d97603da8dbae0c0cb4c0bf7d7cf391f45b35f52c70921454d","mint","to:address amount:i128","","0"
"f7bf3da725847c25ba20f67e995d0a60f61176b543877a9303973ab9480c3f4a","mint","to:address amount:i128","","4"
"f7ce45f4b4208e778f7ff2457ba28b2269bfe5b866311b5e8dea800e721a299e","mint","to:address amount:i128","","1"
"f84321e8a35e598556761f331b22ec386f56338945152ec3f332d8b3ee9679f0","mint","owner:address token_id:u32 token_uri:string","","5"
"f84321e8a35e598556761f331b22ec386f56338945152ec3f332d8b3ee9679f0","bulk_mint","owner:address tokens:{""vec"":{""element_type"":{""tuple"":{""value_types"":[""u32"",""string""]}}}}","","5"
"f88a9f7bd280426943c82348a60f2a19cfcf302e49bbf0d627fe05b13ffb4185","mint_batch","caller:address campaign_id:u64 codes:{""vec"":{""element_type"":""string""}}","{""result"":{""ok_type"":{""vec"":{""element_type"":""u64""}},""error_type"":""error""}}","1"
"f88a9f7bd280426943c82348a60f2a19cfcf302e49bbf0d627fe05b13ffb4185","total_minted","","u64","1"
"f90d78f5bfe603d15e6157b4e403a7b379c4aae71818e34dc1221f974d022752","mint","user:address token_id:{""udt"":{""name"":""TokenId""}} card_level:u32 buy_currency:{""udt"":{""name"":""Currency""}}","","0"
"f90d78f5bfe603d15e6157b4e403a7b379c4aae71818e34dc1221f974d022752","mint_terry","player:address amount:i128","","0"
"f90d78f5bfe603d15e6157b4e403a7b379c4aae71818e34dc1221f974d022752","batch_mint_terry","to_addresses:{""vec"":{""element_type"":""address""}} amounts:{""vec"":{""element_type"":""i128""}}","","0"
"f91e87156873f20bd14b47ae34e998670d398aceb87068fb5ad2585a3997ce5d","total_minted","","u32","1"
"f92271f73b91633dc3da2d0becf53e86bd2e018fc51b341310b50fc808764915","mint","to:address amount:i128","{""result"":{""ok_type"":{""tuple"":{""value_types"":[]}},""error_type"":""error""}}","1"
"f982bf01a715aa47aaaec9313ee87330e96ae0d6ff74bc3e1e6523d4827fc575","mint","to:address amount:i128","","1"
"f9bcc2990b39977470b1ad04c3cc36e3a58204dc7b87405a8661712abe120824","mint","to:address amount:i128","","3"
"fb536966da5b8eff27d348fc8803d4942672c7aa01d2c1ec76540767afc49568","total_minted","","u32","0"
"fb7106fd8db9bafe97dc312325bad43e39a58cee174c66f9cd925a502883720c","mint","to:address amount:i128","","1"
"fc1663b281b991e7a7afee176cc4d43eb577eac5c12e278c56a740dc0e865a66","mint_deal_tokens","caller:address targets:{""vec"":{""element_type"":{""udt"":{""name"":""MintTarget""}}}}","i128","34"
"fc560f0a119ada47bfa3e4441874fabac22d5c915c2b2584df620e8925616142","mint","to:address amount:i128","","2"
"fc5ecbaf838665560cb4461818fc1adfe0a118aec9ce987c11604fe2f60f45d4","mint_lp","","","0"
"fd1b1d97da7cbfdc9aa985048b082eee2d58755f785f87fa6ef9c313dcb86e0c","mint_rewards","to:address amount:i128","","1"
"fd5f159f3d32c57d73a3fcdc842f296b3e671f2516294387b5985b99c3b7881a","mint_from","caller:address account:address amount:i128","","2"
"fd5f159f3d32c57d73a3fcdc842f296b3e671f2516294387b5985b99c3b7881a","mint","account:address amount:i128","","2"
"fda4715d94ee2abb5443c612de81f8dddd09bfa5cdf54f62dd8f77ffa29469be","mint","to:address","u32","1"
"fda4715d94ee2abb5443c612de81f8dddd09bfa5cdf54f62dd8f77ffa29469be","mint_batch","to:address count:u32","u32","1"
"fda4715d94ee2abb5443c612de81f8dddd09bfa5cdf54f62dd8f77ffa29469be","public_mint","to:address","u32","1"
"fda4715d94ee2abb5443c612de81f8dddd09bfa5cdf54f62dd8f77ffa29469be","total_minted","","u32","1"
"fda4715d94ee2abb5443c612de81f8dddd09bfa5cdf54f62dd8f77ffa29469be","whitelist_mint","to:address proof:{""vec"":{""element_type"":{""bytes_n"":{""n"":32}}}}","u32","1"
"fda4715d94ee2abb5443c612de81f8dddd09bfa5cdf54f62dd8f77ffa29469be","public_mint_active","","bool","1"
"fda4715d94ee2abb5443c612de81f8dddd09bfa5cdf54f62dd8f77ffa29469be","set_public_mint_active","active:bool","","1"
"fdb6971a3197ba1d67567dcd7e2da1934c946096197481028e4495ea1b1eb81b","total_minted","","u32","0"
"fe0fa81b066aab1f651e40b0b946f25e5034d0e0d734aa425e6f26d921a12d63","mint_identity_token","account:address amount:i128","","1"
"fe1264cdd67ac64cfaa73c4f2cf29eed5f657f43a2c7bcf8228708dfe835c236","mint_salad","owner:address number_of_tokens:{""option"":{""value_type"":""u32""}}","","0"
"fe3ef10d198a88ae997062c71592eea6c68156b54c518bed097dfd4d1b011dae","mint_deal_tokens","caller:address targets:{""vec"":{""element_type"":{""udt"":{""name"":""MintTarget""}}}}","i128","34"
"fee46212e59d9e354d50421957b2973320272f3bf9e00fcf3e9828ccc62d3a33","mint","to:address amount:i128","","3"
"fee46212e59d9e354d50421957b2973320272f3bf9e00fcf3e9828ccc62d3a33","mint_from","minter:address to:address amount:i128","","3"
"fee46212e59d9e354d50421957b2973320272f3bf9e00fcf3e9828ccc62d3a33","add_minter","minter:address","","3"
"fefb2113acbfc73869dea6ad87f43c655e61fc5dce084fa36926b5e51e0e307e","mint","user:address token_id:{""udt"":{""name"":""TokenId""}} card_level:u32 buy_currency:{""udt"":{""name"":""Currency""}}","","1"
"fefb2113acbfc73869dea6ad87f43c655e61fc5dce084fa36926b5e51e0e307e","mint_terry","player:address amount:i128","","1"
"fefb2113acbfc73869dea6ad87f43c655e61fc5dce084fa36926b5e51e0e307e","batch_mint_terry","to_addresses:{""vec"":{""element_type"":""address""}} amounts:{""vec"":{""element_type"":""i128""}}","","1"
"ff9d2b266a04c7ecd3b66f307bf8658994b79ac644013e32e308a28cadbc1c7e","mint","to:address amount:i128","","3"
"ffd2249433d021c6a215e08d21b834ee985e92b8e6dccb816849033fa4523ab9","glyph_mint","minter:address to:{""option"":{""value_type"":""address""}} colors:{""map"":{""key_type"":""address"",""value_type"":{""map"":{""key_type"":""u32"",""value_type"":{""vec"":{""element_type"":""u32""}}}}}} width:{""option"":{""value_type"":""u32""}}","{""option"":{""value_type"":{""bytes_n"":{""n"":32}}}}","0"
"ffddf40e7c479975864512a0e40dd43e0fe5ee0c8b8ea47329d973ba7477138e","mint","to:address amount:i128","","2"
