contract,args,call_1,call_2,callable_more_than_once
003710b383f9da7d650a7f719a7be479110266427817ebbed61d924505fcd7c7.wasm,"U256(UInt256Parts { hi_hi: 0, hi_lo: 0, lo_hi: 0, lo_lo: 394112 })","Error(Contract, #21)","Error(Contract, #21)",unknown
003c7f8bd6796e536a3acf5fac150403f0b6054fe7857c132a135055424b566a.wasm,address,ok,"Error(Contract, #3)",no
004c04bc1664c25e1694e1c0dd2f2649ccea217f6ca8f7a7566e0cb360a2398f.wasm,address,ok,ok,yes
004dc6f0eb924b7e4fcb51cc4680f97603ca2c4e20bab54865ba8efc0a7db33f.wasm,", 1, address, address","Error(WasmVm, InvalidAction)","Error(WasmVm, InvalidAction)",unknown
0065931866678464fb35204299114c8fb5f8954f262e662b0c9afaab145fb952.wasm,"address, i, mi",ok,"Error(WasmVm, InvalidAction)",no
006a54fb5f6794e2ffd3ca83bfbc88fd41bccc8505917ecdb552c952d8d767e1.wasm,"address, 452418, 94063, 715845, 775540",ok,"Error(Contract, #27)",no
006b5f39c4ef99bed27feaae3af96c0a9e9b82418e47daa9e11c1e0135367375.wasm,"address, 951423, , e",ok,"Error(WasmVm, InvalidAction)",no
00b799483d38090ac268b32c33bf35d6d65c1c29e0ec42b95058de97396e02a4.wasm,address,ok,"Error(WasmVm, InvalidAction)",no
011439f1c1c296fc69fbdd9b4f2086db13a8ba828d58cd599b4f5f593ca95b74.wasm,address,ok,"Error(Contract, #1)",no
013487869cda1bee3eea0826f04601383ff572cba9cbe5106ecaed9692605740.wasm,"address, address, address, address, address",ok,"Error(Contract, #1)",no
01378d2861d40bba0ff6ea3ef970d25a8cb32bf38e90e1a53739f2ac672db5cd.wasm,"address, address",ok,"Error(Contract, #1)",no
01427012043d3cdbbe5101448296dd01dbad44aa42fc164fbe865a6c3d7e3be5.wasm,{content_type: 4 content_url: j created_at: 761193 creator: address deadline: 848957 metric: 2 min_bet: 215343 oracle: address platform_fee_bps: 590592 resolution_deadline: 97653 threshold: 375501 token: address},"Error(Contract, #13)","Error(Contract, #13)",unknown
0151f6f0e8e711d09cb5ae35e980322a837fb418cdd034bff0713634105e05c8.wasm,{accountant: address asset_manager: address authority: address config_cooldown_secs: 175104 deposit_fee_bps: 79537 downside_cap_bps: 215274 early_cancel_fee_bps: 86905 emergency_withdrawal_cooldown: 644103 fee_change_cooldown_secs: void initial_price: void management_fee_bps_per_year: 836077 manager: address max_deviation_bps: void max_shares_per_user: void max_total_idle: 436275 max_total_shares: void min_shares_to_mint: void oracle: address price_acceptance_cooldown_secs: void price_update_cooldown_secs: void processor: address role_change_cooldown_secs: void system_penalty_bps: 261831 underlying_mint: address whitelist_enabled: true withdraw_fee_bps: 639875 withdrawal_ttl_secs: void},"Error(Contract, #40)","Error(Contract, #40)",unknown
017d6f6a8012e954fe5ec032123e066b9ebcd25364860bd32e2e26d4d2c6cf8d.wasm,"bytes[32], address, address, 116094, 627157, 407430, address, 10943","Error(Storage, MissingValue)","Error(Storage, MissingValue)",unknown
01a5196f27c1e9f4b6088088f1cb168a2bcc84e8a8c8b3facc76342f46e58359.wasm,"address, address, address, address, address, address","Error(Contract, #9)","Error(Contract, #9)",unknown
01cdc6ae087543d71494f436fae7b4547d349d82c23fa7c6de0924f91af2e6e6.wasm,"address, address, address, address, address, void",ok,"Error(Contract, #27)",no
01cfbd28e984de234c5fa3e91713d2304159fe00df2acdc58594a4cc3674a7f3.wasm,address,ok,"Error(Contract, #3)",no
01d76265b4cabdbcd4b38be35c2431988dc369a75c0b4605397bd03b162dbe72.wasm,{admin: address stk_contract: address stk_lp_contract: address},ok,"Error(Contract, #1)",no
01eee75d6a1e75c93079d4370fb635edd216dac3601850bbda08e52a79b72fa6.wasm,"address, {apy_alpha: 238636 burn_receive_percentage: 916439 burnable_percentage: 538370 dogstar_fee_percentage: 906586 haw_ai_percentage: 297797 oracle_contract_id: address power_action_fee: 77412 power_to_usdc_rate: 888340 stake_interest_percentages: [814028] stake_periods: [] terry_per_deck: 464909 terry_per_fight: 841155 terry_per_lending: 704072 terry_per_power: 836457 terry_per_stake: 7520 withdrawable_percentage: 925536 xtar_token: address}",ok,"Error(WasmVm, InvalidAction)",no
027bd328b31767fae389ef191b159d2f25eecf86aaeefd6c1481feca369eb74c.wasm,"address, address",ok,"Error(WasmVm, InvalidAction)",no
0287f4ad7350935b83d94e046c0bcabc960b233dbce1531008c021b71d406a1d.wasm,{backstop: address blnd_id: address pool_hash: bytes[32]},ok,"Error(Contract, #3)",no
0293730a1d9bdb23ad2b2d7f6d7ff86dc5fbe620efb29187f8210dc1d5b90bef.wasm,"bytes[32], bytes[32], {admin: address default_slippage_bps: 449028 fee_recipient: address max_allowed_slippage_bps: 330973 max_allowed_spread_bps: 346790 max_referral_bps: 414938 stake_init_info: {manager: address max_complexity: 388445 min_bond: 740529 min_reward: 472215} swap_fee_bps: 314623 token_init_info: {token_a: address token_b: address}}, address, 264562, j, , 585367, 436971","Error(WasmVm, InvalidAction)","Error(WasmVm, InvalidAction)",unknown
02a1e9fbffb22b6489aff91560f880180f9a9e38a8534ea4fc7cbf437d47cfd7.wasm,"address, address, address, address, 952647, 73552, 424693","Error(Contract, #10)","Error(Contract, #10)",unknown
02ab25a263653165bba4a74b3248a2406c9fd2e4a44f158a998b4abb0a24fe59.wasm,address,ok,"Error(Contract, #3)",no
02cf88e6e3e9981e99094e3cc033e17fb565165cc57af1082cf22bb049837c7c.wasm,{admin: address stk_contract: address stk_lp_contract: address},ok,"Error(Contract, #1)",no
02e9f32323236b7288dc2b3d4652db678dcd876301fb3852d9cfb7cfaf54e0d2.wasm,"address, 552238, address, bytes[32], address, bytes[65], {bytes[65]: true bytes[65]: true bytes[65]: true}",ok,"Error(Contract, #1)",no
02ed06736d7f40803f5f340c269e9c6a1706a17bed892c9bcf4ce1dd5f13e524.wasm,"address, address, 875868, address","Error(Contract, #13)","Error(Contract, #13)",unknown
033d43e49f0cbb01a27deae719e5506a4b29d7a238a4f62760504e85c4ab93ed.wasm,"address, address",ok,"Error(WasmVm, InvalidAction)",no
034af7f5661f4c30585a5a3454844a06c4859f5e275d29a6faa9b053f39febfe.wasm,address,ok,"Error(Contract, #3)",no
03dde51960c6ae51a890538f3b01ca21829b010453755a5437f6d9b2d7d0bf14.wasm,"address, 712611",ok,ok,yes
0439e5eb5841d8eae3e6b43e7428268397d38edbb4c2d9d09823a4b31b0c3a5a.wasm,"address, bytes[32], [], 670223","Error(Contract, #2001)","Error(Contract, #2001)",unknown
05445b0a4f2a29a6e0c791f3d9b983e1f464933e90afee365224d8fec5650987.wasm,"address, address, address","Error(Object, InvalidInput)","Error(Object, InvalidInput)",unknown
0551954a584d8b48060c0c3bc584a13632d2393514b14d86e336a83124b041ef.wasm,"address, address, address, address, address, {downvote_ice_token: address govern_ice_token: address ice_token: address upvote_ice_token: address}, address, 400590",ok,"Error(Contract, #2)",no
0566a42855fac1c21402ef84e0f32625a9e3186c0a29bbbfd64c35dd7bee8a4c.wasm,"address, bytes[32], address, address",ok,"Error(Contract, #500)",no
05c05ff6ba31d8ad02b7cede524e544827473057845b9bccb0a3ca0cf23ab01c.wasm,"address, address, address, address",ok,"Error(WasmVm, InvalidAction)",no
0600a2bcb2dbb08fd576c6a9868f914d3286cd3b0b19ccdd34a8cf0ba07be8ed.wasm,"address, address, address, address, address, false, address, 673070",ok,"Error(WasmVm, InvalidAction)",no
060d10e53779b685f6b2525fc6b1fb7f491601775a6f17fab319ac15e1e9c509.wasm,"7xk, address",ok,"Error(Contract, #402)",no
063b932fb6b953a685bcb66b189b2143eda715650979095e39eb36c92ec7eaa2.wasm,"address, address, address",ok,"Error(Contract, #12)",no
0698612e5e88ff06583318777d4026698ce809e1251392915b1e4757e8f157c1.wasm,"address, address, address, address",ok,"Error(Contract, #1)",no
0745dbd5a9f85931e3b0b287b27732e46ed0daf2510518350b2eeba5c0fe8101.wasm,"address, address",ok,"Error(WasmVm, InvalidAction)",no
07530d5a256f8d65a450f4458351586fc2fed78107362f3f2e99936e62495dd7.wasm,address,ok,"Error(Contract, #2)",no
0770955b2d2086eee8409259be72e4ab417ef2daea7021b5184d2d1e5007cd97.wasm,"address, [address address address address [address address] address], address, bytes[32], [address address address], [361552 506575]","Error(Contract, #2001)","Error(Contract, #2001)",unknown
07bab30eb93f9d194b079a3f02ba86821ae82b9d4770a38c6b7b8524df9e284f.wasm,"address, 273747, u6l, z","Error(Contract, #605)","Error(Contract, #605)",unknown
07c291d5a72a39fdaf9266460787a665ff72988e6e4c82cf436868cdbd538864.wasm,address,ok,"Error(WasmVm, InvalidAction)",no
07f80b9d60c6c6248ed0ab8f048529b836f6c2fbede164350fb660868c9e74b8.wasm,"address, address, address, address, 343951, void, void","Error(WasmVm, InvalidAction)","Error(WasmVm, InvalidAction)",unknown
07fb2ee6e793302bdbb5f6cfa68d8f3acc4ab13ab2a574d74eddb463d9c2bf35.wasm,address,"Error(WasmVm, InvalidAction)","Error(WasmVm, InvalidAction)",unknown
080060264d519877bd3483f090756ec82bc5d27cef28a29e7ce00bcd3238af66.wasm,"address, address, address, address, address, address, address",ok,"Error(Contract, #1)",no
08168a26fa82d64ed906c4e6d839508f70b7ac32c02595cfe3a3e64946e53cdb.wasm,"address, address, address, address, address, 790653","Error(Contract, #5)","Error(Contract, #5)",unknown
0835edff67631f34a690899d5c4287b998611bb2138d1214a769104cb23f1459.wasm,"address, address",ok,"Error(WasmVm, InvalidAction)",no
086b776c75188841b6c53910a94489961f1873886eb1e92cb2bea252044554c9.wasm,"{admin: address creator: address description: 4d explicit_content: true external_link: void image: void minter: address name: x royalty_info: {payment_address: address share: 479679} start_trading_time: 503795}, false","Error(Contract, #4)","Error(Contract, #4)",unknown
08708aef565c2fcc37fd945395a79ef1e752e9f4d542761295ce791b831baca4.wasm,address,ok,"Error(Contract, #2)",no
087b17c27a124b1f75db0e5d68f5220e20d8987b555ac87a87db9a0247c52fde.wasm,"address, address, 312504, 522235, address, address, 45619",ok,"Error(Contract, #1)",no
089c7a8ffa046ad4097b12bdadada4255e5a4c5b2420415c4f6dafc5db6e72d6.wasm,"address, ",ok,"Error(Contract, #1)",no
08a398eecfd4fea7c178c793857fab3753b04c2b58c15ba3a5a862fe4b715bd2.wasm,"address, 433559, , ","Error(Contract, #605)","Error(Contract, #605)",unknown
08bd738cca54aa6ae361657de11428e76f525805018e679465e5cddb020faf1d.wasm,address,ok,"Error(Contract, #2)",no
08e0ee46cbaf82479a674a535ba4fb454389c9a557c7b8959a0804a46135e730.wasm,"address, address, qu, 8k","Error(Object, InvalidInput)","Error(Object, InvalidInput)",unknown
0983a652f2f7253709def620f07407194e1424f353d6a5bec90e3d37eafc2e5f.wasm,"address, [address address address address [address address address]], address, bytes[32], [], 130048, 836359","Error(Contract, #2003)","Error(Contract, #2003)",unknown
09cfe695e763159a6bae06f3db549290ff2327510c1c70e847a4ebeeb8cd073a.wasm,"address, st7, tm","Error(Contract, #1)","Error(Contract, #1)",unknown
0a9cc89a1264e1f625596249294e2d25269bc52b582eab65063e6f79d4f4d29d.wasm,"address, address, 812960",ok,"Error(Contract, #13)",no
0ab013dd9f4373f3052ad39dbb4f60def9495b77d301a3aab08405ac2b1052d8.wasm,"address, address, address, address, address, true, address, 55019",ok,"Error(WasmVm, InvalidAction)",no
0ad0e5b60069211d8ae54e2cc4249fc6d356ed941a250101b2d77d9f7a3f0562.wasm,"address, yd2",ok,"Error(Contract, #1)",no
0ae59e2d2c214dfce035c17a47f7a29dc25d385989ad19ada6de7fb58024b1a2.wasm,"address, address, address, address, address, [address address address]",ok,"Error(WasmVm, InvalidAction)",no
0af3bac3c0f5fe6d2f5382917ca15a56b4771ec00b4699b2bb23a054196c2bff.wasm,"address, address",ok,"Error(Contract, #4)",no
0b368a2c4cadd957895913b996856ec8068e81c0e3623553c744aca6bb764e8a.wasm,"address, , wha, address, address, m9k, , address",ok,"Error(WasmVm, InvalidAction)",no
0b543c8b2646f348e4ac15b33f20142e1a2c996e73fd0b81b44cfb2a8a867f73.wasm,"[address], [void address], [RiskAdjusted]","Error(WasmVm, InvalidAction)","Error(WasmVm, InvalidAction)",unknown
0b85a7d1479435adae1f26cd1b5415c02b836bd5ccbebae4f0eb265312848951.wasm,{native_token: address network_id: 4 sender: address upgrade_authority: address},ok,"Error(Contract, #2)",no
0ba8f9707e2e70b35267da7ab9718e4cae2c3ba2917e90aa625d413e02fe4d6d.wasm,"address, address",ok,"Error(Contract, #12)",no
0bebc24948941497ddd871076fcd6906b26d978fe803dd7ef7877dad6746431e.wasm,"address, address, address","Error(Contract, #1)","Error(Contract, #1)",unknown
0c0a93e462aaef901189718767adc82d7c75b247e0012b5dabafd1a286d40072.wasm,"address, address",ok,"Error(Contract, #2)",no
0c12f7899a1af1b52600dfeacccdc3bf8106119d65e2bca2c8a93bb114ecbfc6.wasm,"bytes[32], bytes[32], {admin: address fee_recipient: address max_allowed_slippage_bps: 836606 max_allowed_spread_bps: 937015 max_referral_bps: 353705 stake_init_info: {manager: address min_bond: 680009 min_reward: 135314} swap_fee_bps: 824238 token_init_info: {token_a: address token_b: address}}, address, 698902, rf, js","Error(WasmVm, InvalidAction)","Error(WasmVm, InvalidAction)",unknown
0c37cabe25f5f67f5e8199847c0962328c11147ebcd4cd5e7b66d3c97515f77b.wasm,"address, [Stellar address], address, , , 185522","Error(Contract, #20)","Error(Contract, #20)",unknown
0c41c203cb1625792c717878573178664c4ac5092cda1f2ecea66c7cf337a386.wasm,"address, 926592, 578313, 454630, address, address, address, {}",ok,"Error(Contract, #1)",no
0c5bb14b013509b492a91e7bf09db2dd527ce8c7a8c049007cd953be9094ffc2.wasm,"address, address, address, bytes[32], 369511","Error(Storage, MissingValue)","Error(Storage, MissingValue)",unknown
0c9e090b9232777fc2c023aa85a5ddd00700204c9b393134efb1870956cbf80d.wasm,"address, address",ok,"Error(Contract, #2)",no
0cbc0aa6a92452375eff21a6183b46488f6ee11405999430e68a5a23d9b6c8c2.wasm,"address, address, address, address, 946122","Error(Contract, #2)","Error(Contract, #2)",unknown
0d13bf394ddeeeb0b2059bccbf34e74be1aaf74a7af3ed7dcc5c01718850a398.wasm,address,ok,"Error(Contract, #3)",no
0d5acf25ef0b020099b18160b6487477237b74fd5f4029179016eb8205b17ccf.wasm,"address, address",ok,"Error(WasmVm, InvalidAction)",no
0d78a64d9aaccce2623b8afec4670ea2dab349f0e5c90380a95bdeb6eb5f3315.wasm,address,ok,ok,yes
0d86a5873854a72266975c0b2446c79b3e33303d0c3b8376817b3322ca928c54.wasm,address,ok,"Error(WasmVm, InvalidAction)",no
0d8880855acd9890f8d80af299c814fca483ce56292fa0d9110a1c998c81857d.wasm,"address, address, address, 48249",ok,"Error(WasmVm, InvalidAction)",no
0d90072b8c0c7f8863422422f56270e63445f6ed0105e1d234030740e1c3af3a.wasm,"address, address, address, address, 431047",ok,"Error(WasmVm, InvalidAction)",no
0e5497cedd3e04b042e9e8da00a930717f3fae1a5f3605f4730506229381c838.wasm,"address, 184067, [address address address], 754392, 703854","Error(Contract, #13)","Error(Contract, #13)",unknown
0e558e06e5843302d94d42b1ab5063b8b61116999310ab5c62e8a581ef701903.wasm,"address, bytes[32], bytes[32], address",ok,"Error(Contract, #500)",no
0e7cd0af197cd313a1676df9336704dd88d1c5bd9f57c3fe4b6e4224538a819b.wasm,"address, address, address, address, 580167","Error(Contract, #2)","Error(Contract, #2)",unknown
0e8cb9ef352a24a03790ff9e37e5683a5152a04a8acad79daeea1368726cf93c.wasm,"address, address, address, address, address, bytes[32], address",ok,"Error(WasmVm, InvalidAction)",no
0f07a598439581a0fc5990d4d1cbc4e2b7447109c505295ad9f7268790028cbf.wasm,"address, address, address, address, 69424","Error(Contract, #14)","Error(Contract, #14)",unknown
0f3da7da98491c9de211d676d8b84c7d3a1486baa28a75fb02ff172fed12e714.wasm,address,ok,"Error(Contract, #1)",no
0f68389835616ab3b47ffb15117550b02ac124520fb566e4ca0be1cf7ed8df9a.wasm,"address, address, 157675, 572300, address, address, 254818",ok,"Error(Contract, #1)",no
0f7684ef49d12cd27e730eed1e3bf4b9911524da20e9a591fdfb6f549c7cf394.wasm,address,ok,"Error(WasmVm, InvalidAction)",no
0fbd3322591d2d477480eb2ced2a855873e2faed911e3e5dfd7cbb1488154e46.wasm,address,ok,"Error(Contract, #1)",no
0fec361a7e94f2e945b2675ef1b2c81f481d8beacb488ba02dbe1c505d08e387.wasm,address,ok,"Error(Contract, #2)",no
0fffb0345c627c41c5eeabbf4ad7f21ea015f9235e3711e111317a1a848fff26.wasm,"address, address, address, 15000, address, address",ok,"Error(Contract, #5)",no
1027f1587b8c70b1024128e323ef6acd2161c431fab0dc32bb64133a292759e0.wasm,"address, [address address address address [address] address], address, bytes[32], [address], 668579, [955595 312802]","Error(Contract, #2003)","Error(Contract, #2003)",unknown
104f6b8def5988ca1a3c03a41876c5e690fd36bd90c5456e8c7df8fbf52601eb.wasm,"address, 345235, hh, y","Error(Contract, #605)","Error(Contract, #605)",unknown
1071c5a61545b4b025837d30fc7558183ed74365547f94c361d9354ad5e05cb9.wasm,"address, bytes[32], [address], 197670","Error(WasmVm, InvalidAction)","Error(WasmVm, InvalidAction)",unknown
1079bee7206a3e29f8cfa1d5603c528f699640c88c155438d066f2dfcdba60d9.wasm,"address, address, 477029",ok,"Error(Contract, #902)",no
10aabf89028e07102d6360c6d180e8809f62910ed62d5a9789287c8db7d66628.wasm,"address, address",ok,"Error(Contract, #1)",no
10e85a81916c36ca577f8c0612eaf0bf19778725a7d38125b8991aaee765e736.wasm,"address, address, address",ok,"Error(WasmVm, InvalidAction)",no
10f2c1f3624bf391e75722453b3857088b70465559624acba8ad47b37b85ee4e.wasm,bytes[32],ok,"Error(Contract, #5)",no
119a8c2eab5f732c18d7521426e1038151fa837506c63ddca17c6851e2fbf946.wasm,[54031],"Error(Contract, #26)","Error(Contract, #26)",unknown
11b335d47780effb07c2179fbc3159c8e603e218559f776422adabe2fa3d7cfa.wasm,"address, address, 425673, 636127, 104704, address, address, 731881, 747204, address",ok,"Error(WasmVm, InvalidAction)",no
11ba5c44157dfbdcfe1f67a54b3054952a67e5d36e5ed7876d26eece39d82c3f.wasm,"address, 257666, g, ","Error(WasmVm, InvalidAction)","Error(WasmVm, InvalidAction)",unknown
11c4d94c3c13ab5b0c66c2252465b26aa608d736ee77f759996aa03ef83147d2.wasm,"[address], [void void void], [RiskAdjusted]","Error(WasmVm, InvalidAction)","Error(WasmVm, InvalidAction)",unknown
1230a70e9f000bedd1044e7fc330912352ab01640f3a67cdc9b186d720549ef7.wasm,"address, address",ok,"Error(Contract, #2)",no
124ca4b0b4271bcefcc5875d7dad5f037cac7a2efae92af0ecd88bc70dab5001.wasm,,ok,"Error(Contract, #1)",no
12a264f28b33abd4c19fa2507194b1893813cc505aa8328f3495169eb952d092.wasm,"address, address, 494076",ok,"Error(Contract, #902)",no
12ee703a6126d427cf68ccd3173b173219d77339fcc096f6839615a87cf6d15f.wasm,address,ok,ok,yes
12fca5a7a96577273b6d4184cf9c984036cda0e8f0594747e7b2933dced37ee6.wasm,"address, [address address address address [address address address] address], address, [], 711439, 638785, 297657","Error(Contract, #2001)","Error(Contract, #2001)",unknown
13190bc5b412d415d0f1243be1c8cae6a4a324dc6acda80d0c16171a5a592823.wasm,address,ok,"Error(WasmVm, InvalidAction)",no
13346ebdb5ef364f9d4f8514f7b437565c20b9f2f768b18bc122fb6692ece7c6.wasm,"address, []",ok,"Error(Contract, #502)",no
133907e8a1ce576ae2ef64eb13af35deca8a5262995a037bbe65097cd99f5827.wasm,"address, bytes[32], address, address",ok,"Error(WasmVm, InvalidAction)",no
1345fedc0296f30d5d629f1a5023721a9ba92da86ebaae323d293bb1003f265a.wasm,address,ok,"Error(WasmVm, InvalidAction)",no
137ed782d779a45ca824b47565e61608fcaa4fb8c66ec21f605b72f656280bc3.wasm,"5, p, 825849",ok,ok,yes
13c5614b3a924bb0956d39c28884f5eb6a88dcbb8a34f35831e4a61b2c341fae.wasm,"address, address, 112167, 638170, address, address, 895362",ok,"Error(Contract, #1)",no
13e39f947dbc5e59d9747748c2e964a81e654c0c4c471cb683c233080c141ad1.wasm,"address, address, address, address, 640297","Error(Object, InvalidInput)","Error(Object, InvalidInput)",unknown
144ef7103d39fb69e93f37300715044c51dbb3ac1e3a2df261a0e5373cd0bea8.wasm,"U256(UInt256Parts { hi_hi: 0, hi_lo: 0, lo_hi: 0, lo_lo: 69812 })","Error(Contract, #21)","Error(Contract, #21)",unknown
14600090dfff24f0821f0276e92f389e7367fb6e24dae0c7dd22c2bf21eabeb0.wasm,address,ok,ok,yes
14a957abbc36c85f7ee73ba8a2a04ed02d2c5cb5e468460ea3bded51ac4716a7.wasm,address,ok,"Error(Contract, #1014)",no
14a9f98d9cd8acb8612581dc571700fc6156c1ba04ba89d2ecdb1f9056feff06.wasm,address,ok,ok,yes
14e6c8d4e009d43cbabb2db6961e620928aa45cf1667732005686492e636fdb5.wasm,"address, address, address, address, address, address",ok,"Error(Contract, #9)",no
14ed2bb1a025c22bcc730ffc9da3f5aa9f7c653f4be402812c32f249e20dee01.wasm,"bytes[32], bytes[32], {admin: address default_slippage_bps: 190580 fee_recipient: address max_allowed_slippage_bps: 882580 max_allowed_spread_bps: 698317 max_referral_bps: 919451 stake_init_info: {manager: address max_complexity: 797522 min_bond: 550436 min_reward: 530375} swap_fee_bps: 462771 token_init_info: {token_a: address token_b: address}}, address, 851108, r1, z, 289475, 732045","Error(WasmVm, InvalidAction)","Error(WasmVm, InvalidAction)",unknown
15218e552cd31a02fff6c844c5fb6892b9affda2d0330e67cdb5de3205c85a8f.wasm,"address, address",ok,"Error(Contract, #1)",no
15299dec7f7c48bae0b3e02fb3c149d8dd2a9d03fa50ab255cbd640633ab29a8.wasm,address,ok,"Error(WasmVm, InvalidAction)",no
153ac7ef984651acf6d11b7caf01051370c44a99b37cf686d878564b8b9dbb24.wasm,address,ok,"Error(Contract, #1)",no
153fe7ff1bea439a818992133687edde22382d000aa02293f6e941768a8deb43.wasm,"address, address, address, address, 536693","Error(Contract, #2)","Error(Contract, #2)",unknown
1548732c24baeb358f236a564deaecafff5d613f6473636fe4a73b4d179bed68.wasm,"address, address, address, address",ok,"Error(WasmVm, InvalidAction)",no
154d0fd4e06e1b86ec5fca2beddf767772b1aef89caac74466ec8842d835a00d.wasm,"address, address, address, address, address, address",ok,"Error(WasmVm, InvalidAction)",no
156d597fe56f530ba67863663e3cc3680deccfce9820b0664b6cd629a2b47674.wasm,address,ok,"Error(Contract, #11)",no
163127be0ae731dbc045d2bd704c3d4949606df23fbe749e16d08414cedd5979.wasm,"address, address, address, address, address, address",ok,"Error(WasmVm, InvalidAction)",no
16cc7e0e678e95c981b99c35a93bb48f3dbde46c55e879257412ac6fb2ba3ae0.wasm,"address, 801579, b, o9a, address, address, 278005","Error(WasmVm, InvalidAction)","Error(WasmVm, InvalidAction)",unknown
1707eb38f896ab6f305e6118a755058109e1877bd6b933243c6ebc65d289f64b.wasm,"address, [address address address address [] address], address, bytes[32], [], [954759 806153]","Error(Contract, #2001)","Error(Contract, #2001)",unknown
1711b7c790a978c7382584e121cee7883a557a11cd91177fdbeee4320a96f9c0.wasm,"address, address",ok,"Error(Contract, #2)",no
1711bcd20feeddd4dab6660cb2408c90085c5b42227bd10fc059140524899b09.wasm,"address, address",ok,"Error(Contract, #1)",no
174972e6850180682c46185f58504955763ffc74f188ec7544a60b9a21747a7a.wasm,"address, address, [address address address], address, [], [ ]","Error(Contract, #5)","Error(Contract, #5)",unknown
176f4086640d2c5ce433113033ac7f161ce37180f46f8e5cbb9cff9db82eb900.wasm,"address, 336184, address",ok,ok,yes
17905dfba425b340c9f52e547b1ad1dfd0ff70156a4854426856022f3d543ff8.wasm,address,ok,"Error(WasmVm, InvalidAction)",no
17aac985522aba1dbcc269a2b332df6da05faee2b1358bb3337d3c13c9152dd1.wasm,"address, address, address, address, 482010","Error(Contract, #9)","Error(Contract, #9)",unknown
17fc0897758f4ef16ad8bdc234b70a754363a93731c1eb7b52c8593247c3bf53.wasm,"address, address, address, address, address",ok,"Error(Contract, #1)",no
18051456816b66f12e773a56f77c5794fac1b1fb7ab6e22d4fad5a412770f73e.wasm,"address, address, address","Error(Object, InvalidInput)","Error(Object, InvalidInput)",unknown
182b90482d40efd661a7f5e32ac9cb328bc4f66293d778251001d6744dd570e3.wasm,address,ok,"Error(Contract, #410)",no
18336805466bbd05bc388610d36de73994f5b9061bb199c02418a073fcf4b281.wasm,"address, address",ok,"Error(Contract, #1)",no
1863d95f609cadd95a557550ad6bdc05a443304fb69fb1d110e7874ea27a1ab2.wasm,address,ok,ok,yes
1872e71c6ba523dcd60ec9afa29000b38211c846dfda3be9c4f6199fde54f9c4.wasm,address,ok,"Error(Contract, #2)",no
18aaa5a99271d17356bf1cfb3c45c8b8f1541cd8491279f6ae46b869b788069f.wasm,"{admin: address base_token_uri: le collection: address minted_total: 414655 num_tokens: 716087 payment_address: address platform_fee: {payment_address: address share: 791152} safe_transfer_contract: address stages: [] start_time: 87863}, address","Error(Contract, #2)","Error(Contract, #2)",unknown
18e40185bbebefa02e358353699302c1c0266a5b3d048981b241eec8d22ffd76.wasm,"bytes[32], bytes[32], {admin: address default_slippage_bps: 565821 fee_recipient: address max_allowed_slippage_bps: 163327 max_allowed_spread_bps: 529064 max_referral_bps: 549240 stake_init_info: {manager: address max_complexity: 507962 min_bond: 22812 min_reward: 432305} swap_fee_bps: 452294 token_init_info: {token_a: address token_b: address}}, address, 668884, s6, p4, 268623, 286405","Error(WasmVm, InvalidAction)","Error(WasmVm, InvalidAction)",unknown
19173258dc8d5cd819032df3f6fb031e57545d044848b9b288acafb39d051496.wasm,"address, address, address, 787439",ok,"Error(WasmVm, InvalidAction)",no
191d631292d22f5383491784ed33972a3480b0a5bc79b88ac6bd7835862b916b.wasm,"address, address",ok,"Error(Contract, #1)",no
196dab9448790a1de0500928a3df6f10e81a3bd0bd4fbacbed2215a1c0075165.wasm,"address, address, address, address, address, address",ok,"Error(Contract, #9)",no
1987491eb783da3f0c3854ea2cfb6eafda0c3e0ecd3fcb9fa9d7392a08fd289f.wasm,"address, address, {counting_type: 353256 grace_period: 978836 proposal_threshold: 649661 quorum: 44598 timelock: 327637 vote_delay: 830333 vote_period: 699761 vote_threshold: 807866}","Error(Contract, #200)","Error(Contract, #200)",unknown
1a4405136adb4e7c10270baad11b7255829a71566784cbf88c132245ee05cfd1.wasm,"address, address, address, address, address, address","Error(Contract, #9)","Error(Contract, #9)",unknown
1a5e7ee9fc8023cc176fe70a0621a971f020a141f1709def865523d5747c8afd.wasm,"address, [address], uc",ok,"Error(Contract, #1)",no
1a8c4b52764ce65315c5938593f9993d44b14e45776e33ef327794c3f493cf04.wasm,"address, address, address, address, address, address",ok,"Error(Contract, #9)",no
1aa23951740091f238ddb75281c9aeeac6bd3b6b29a4de645efcc5c5ffb7e133.wasm,"yv, tls, address, address","Error(Object, InvalidInput)","Error(Object, InvalidInput)",unknown
1ac9ad2258396a1c4ceee5049841e61c1c2953919cc673f8c8c050c16d76204b.wasm,"address, address, address, address","Error(Object, InvalidInput)","Error(Object, InvalidInput)",unknown
1aebf6dc9f05e01423ac011afb36dc87829cb2c34712f0f0dd4c98bbf3714c09.wasm,"{admin: address collection: address minted_total: 96414 num_tokens: 78428 payment_address: address platform_fee: {payment_address: address share: 672969} safe_transfer_contract: address stages: [{access: [Public] asset: address duration: 686089 max_per_wallet: 372699 price: 199446 title: dfh} {access: [Whitelist address] asset: address duration: 836475 max_per_wallet: 266781 price: 386885 title: z}] start_time: 228881}, []","Error(Contract, #2)","Error(Contract, #2)",unknown
1b3168b55aa844febfeab0ab56e3217bf0d309b63bbc750cd535b0cb7bf84bc4.wasm,"address, address",ok,"Error(Contract, #1)",no
1b335a4e8fb5f6305e27cda599320d2c92644077284f9a40f59fd3999e1e206d.wasm,"address, address, address, address, address, [address address]",ok,"Error(WasmVm, InvalidAction)",no
1b64d61d10f6e20ca0de8087141165895c7914e83afc064b58767843ba60159b.wasm,"address, address, address",ok,"Error(WasmVm, InvalidAction)",no
1b7e286025799fc53d34f01c2c68409f5ede06c53d4bf652a9d361defd3a132b.wasm,"address, address, 870645, 471603, address, address, 263742",ok,"Error(Contract, #1)",no
1b883c32721d191a06c2306cc85586dc6ba9bd1144f6edffe988edc89bde8682.wasm,"address, {apy_alpha: 360123 burn_receive_percentage: 716518 burnable_percentage: 445570 dogstar_fee_percentage: 647557 haw_ai_percentage: 792530 oracle_contract_id: address power_action_fee: 192466 power_to_usdc_rate: 827022 stake_interest_percentages: [693897 857767 246799] stake_periods: [461455 611286 752047] terry_per_deck: 536179 terry_per_fight: 468940 terry_per_lending: 268899 terry_per_power: 76511 terry_per_stake: 525053 withdrawable_percentage: 117128 xtar_token: address}",ok,"Error(WasmVm, InvalidAction)",no
1b9a8ad4b3acd136b60868d49faace6f8a4d392c78157444dbb40f24ed96a680.wasm,address,ok,"Error(WasmVm, InvalidAction)",no
1ba283d867d6805948d63e643412a833e74fcb8b23c49167e97d3436a14ac830.wasm,"address, address, address, address, address, address","Error(Contract, #9)","Error(Contract, #9)",unknown
1bc6c356ecd32410271f2857634cd8a38b1a0b0975236090ce8af35abf212e25.wasm,"address, address, bytes[32], [address address address], 22035, 581615, 790398","Error(Contract, #2003)","Error(Contract, #2003)",unknown
1bcf80cf878b2f8c323a6fac315aa091d645fa6e3e511eb706e32a0d05f5c1c2.wasm,"address, address",ok,"Error(Contract, #2)",no
1c04217af84d8ad799e1b460d1c456bcc4a9d26d9328031b1757c321bd5928d8.wasm,"address, 364973, 537166, 22846, address, address, address, {22449: 892246 224298: 109357}",ok,"Error(Contract, #1)",no
1c0956b892aa79478f6b21fa87dc14816be04f748f5a163e1da26e8056886b78.wasm,"address, address, address, address, address, [address]",ok,"Error(Contract, #1)",no
1c1c79b36912a5b393212750198ec240934475e82fde5ce383d193924e78e193.wasm,"address, address, address, address, address, address",ok,"Error(Contract, #9)",no
1c2144c8c73e8ef26dc035dfae2ba719ec254d0433ac08db32debb83e4c70876.wasm,"address, address, address",ok,"Error(Contract, #2)",no
1c9c49e5ed65bad6319dbc8efb9dd44217e63def0f21e4fdcaaf4f582405986b.wasm,address,ok,ok,yes
1cdc5cb8a4407e27c1a5286a7b55d849b08ba341fe4a6c01e65f1c9cc3e19556.wasm,"address, address, address, address, address","Error(Contract, #2)","Error(Contract, #2)",unknown
1d6a1d33122aa9eec8df4b079579d12fc8e8a799488da527ebfb726b20246176.wasm,"address, address, address",ok,"Error(WasmVm, InvalidAction)",no
1d704331dda9871c03acd8b33cc27ea846e723d661fc27126b7e88e7fb924888.wasm,"address, {base_asset_address: address base_asset_decimals: 953126 flash_loan_fee: 686346 grace_period: 207024 initial_health: 410135 ir_alpha: 433287 ir_initial_rate: 772680 ir_max_rate: 200524 ir_scaling_coeff: 597341 liquidation_protocol_fee: 562837 min_collat_amount: 388889 min_debt_amount: 7754 timestamp_window: 534212 user_assets_limit: 428793}","Error(Contract, #401)","Error(Contract, #401)",unknown
1d728cc08869f01b7c8c994f91d505e3576a150a072b96f8d3401c5ef2b430d2.wasm,"address, [address address address address [address address] address], address, [address address address], 48450, 64148, 320688","Error(Contract, #2001)","Error(Contract, #2001)",unknown
1d8582bf1753fd9e000cd8404ac3036f09eb18bc58f8f2203675b1ec3b6f43df.wasm,"address, address, address, address, address, [address]",ok,"Error(Contract, #1)",no
1dc5b1a938dfa7531aae9b62c418e828ebf5dd0523ece552ea7d17e0dffbc2fc.wasm,"address, l, 1tb, 264538",ok,"Error(Contract, #12)",no
1e00a0b9718b95a0cc799111d231ffc890f03373d21cb87d5501946536a6dd54.wasm,"address, [], ia",ok,"Error(Contract, #1)",no
1e7701ba9ef2f012708275ade13aa9d43426cdd0d0f60d6575bb888754780471.wasm,"address, 919268, 1ga, g, address, 336617","Error(WasmVm, InvalidAction)","Error(WasmVm, InvalidAction)",unknown
1eb13ee69272807a012b722ba6acceb9aa8c93ce8c2793feaed5bddc49fc3d09.wasm,"address, address, address, 436752",ok,"Error(Contract, #410)",no
1f11c292d09b1879e6a3d37fc1f5b885d87eaf11ad00a3abff95a5bef58a1f49.wasm,"address, address, address, address, address, 762533, 753614, 672187",ok,"Error(WasmVm, InvalidAction)",no
1f74a6c48a5ac4bdc98226a8009e86ab711011d378f0fcb971d1af6040f8d762.wasm,"address, 765140, z, w","Error(WasmVm, InvalidAction)","Error(WasmVm, InvalidAction)",unknown
1f7949915027dfc31b649264be5997ad30c9d9052f570cb46ef0b8e2d5323dd8.wasm,"address, address",ok,"Error(Contract, #1)",no
1f810c1722d2ce1d1e87733629fcfe6fed2ebd20510256e55c879c25eb4bdec1.wasm,"address, address",ok,"Error(Contract, #2)",no
1f9164dd459790a2c243491c001f22167d07a16eedd1f4a15f41558d949127e0.wasm,"address, 89521, , mi","Error(WasmVm, InvalidAction)","Error(WasmVm, InvalidAction)",unknown
2008e237f928dc1eba92f072707e6587a7a00cfa7b2dd30718af5f64c8bd9a8e.wasm,"address, address",ok,"Error(Contract, #2)",no
214c7cbad25f58ab91898c37d7da952c7a749fd3155e6e64cd80bdbf0b46422e.wasm,"address, address, address, address, address",ok,ok,yes
2173790286c29eff1997c9d957f4a58f4d6f7814443cbddfc56d0bf5d68cd688.wasm,"address, {apy_alpha: 683727 burn_receive_percentage: 490953 burnable_percentage: 658934 dogstar_fee_percentage: 437779 haw_ai_percentage: 282285 oracle_contract_id: address power_action_fee: 482603 power_to_usdc_rate: 751294 stake_interest_percentages: [851997 717901 910226] stake_periods: [] terry_per_deck: 288553 terry_per_fight: 755125 terry_per_lending: 776386 terry_per_power: 512651 terry_per_stake: 713587 withdrawable_percentage: 739039 xtar_token: address}",ok,"Error(WasmVm, InvalidAction)",no
21d2c897a107ff620a561be90366c8f998e716609223bf87788e23b3766f773c.wasm,"address, address, address, address",ok,"Error(Contract, #9)",no
21dd9b215064bbf11eaf7646ccf5936097ff493902284b082ac3df60257f25aa.wasm,"address, bytes[32]",ok,"Error(Contract, #204)",no
21e8c3b8e57111090f11a537494e233a4db67afc07d9b1300b0ab0c2ca24532d.wasm,{admin: address stk_contract: address stk_lp_contract: address},ok,"Error(Contract, #1)",no
21eebb27f2fb9c6b45a4a492df5ce9b28c31e0679532930cf5a41866a3ebaa03.wasm,"address, bytes[32], address",ok,"Error(Contract, #1)",no
2229dfab54855c6722fba1b731e42a4e4d16dfc00f18500b0d3bd2e55440c21b.wasm,"address, address",ok,"Error(Contract, #2102)",no
227c4ca343ee5808bf6037aa50060448d5074540eaee3f933401031a801e6467.wasm,"address, 304749, , cv","Error(WasmVm, InvalidAction)","Error(WasmVm, InvalidAction)",unknown
228bb6e3eaae60514c9052f7c894ae2313e43454712cc0adbc412d6a98363af2.wasm,"address, address, 103191","Error(WasmVm, InvalidAction)","Error(WasmVm, InvalidAction)",unknown
22b4737e67db6c85b518f09a477c15c9d4115d87b85ee47158c797d61e7aba6a.wasm,"address, address, address, address, 509667, um","Error(Contract, #5)","Error(Contract, #5)",unknown
22e25896129abdba5d9d08d305788b0be910cd6f0b94f0843e82f75967e6329c.wasm,"address, {all_members_observation: true allow_join: false contribution_amount: 258603 contribution_period: 877710 cooldown_type: [TimeBased 520227] insurance_rate: 209955 late_fee_rates: [] max_beneficiary_loss_rate: 908873 max_deposit: 58016 max_insurance_coverage: 751213 max_insurance_pool: 18884 max_late_count: 349050 max_members: 844849 max_violations: 786317 min_deposit: 992705 observation_contributions: 957833 recommended_deposit: 105433 require_sponsor: true status: [Active] token_address: address violation_grace_period: 25207 violation_penalties: [{deposit_deduction: 215289 lockout_rounds: 273397 points_deduction: 265281}]}","Error(Contract, #62)","Error(Contract, #62)",unknown
22eb3cb88be1178c3831a0aa37c8b810ac4526db68ef89cc687674a86c0eb6b9.wasm,"address, address, address, address, 731993",ok,"Error(WasmVm, InvalidAction)",no
22ef9eacd5f50fee5d5b81b738f33cd64e97151897dc064a60ffd807fb501a2d.wasm,"address, address, 2w, lsk",ok,"Error(Contract, #2)",no
2360e1ab46c1b16cc898a9c0717d54ea1014a9d325d27cd2de9b50d5ce2e77a6.wasm,"address, address, address, address, address","Error(Contract, #2)","Error(Contract, #2)",unknown
23715363ff5f399eab3c57b671270d193b6452616aafef32df8d44caeeca2509.wasm,"address, address",ok,"Error(Contract, #2102)",no
23c2067b912fa7da31b5afe60ed952bc1903390d6bad1054cb75bdf4d1f3001c.wasm,address,ok,"Error(Contract, #2)",no
23ca3ce5e4c3c01c599bdf52b2de8cc99c26c0ac5939457982e771ddb21d1d04.wasm,"address, address, address, address",ok,"Error(WasmVm, InvalidAction)",no
23e6aeaed2573793373b460dfa8c5b32305f2195b752498cc6f5e5254dcae4b5.wasm,"address, address, address, address",ok,"Error(Contract, #1)",no
23f8313169998ae2636baf2de9e0e4e119cfaafc7730b415745714f3a419ba9f.wasm,"address, address",ok,"Error(Contract, #2)",no
2406ce6d5764e323dbbb9ad38970bc56e0091f142bf263f860c7ae3da757f699.wasm,"address, address, address, bytes[2], address, 851229, 181499, 503374","Error(Contract, #13)","Error(Contract, #13)",unknown
24183b8f14ad7d5d961f94e7a8048549bf95f29058bac8f93d1085014862393f.wasm,"address, address, bytes[32], [address], 474743","Error(Contract, #2001)","Error(Contract, #2001)",unknown
2460db9d5cd0e7c1449a706ce21113207e68c925aad855a4e8a1cc9e594117be.wasm,address,ok,"Error(WasmVm, InvalidAction)",no
246dc90ed569c53f4125d3b0fd1994cab70b871fbc27675a68d2ef6ef9efd19a.wasm,"address, 567489, 0m, 1nj","Error(Contract, #605)","Error(Contract, #605)",unknown
24710cee8479d0da6098a4788b11b701565dd187f8c947eeb12c2326cdcbe1d8.wasm,"address, address",ok,"Error(Contract, #1)",no
24906961678dc906690ebfb13eb7b044db8b96a230826f474cf4f566aadd9f77.wasm,"address, address, address, address, 793319, 90940, 963237","Error(Contract, #10)","Error(Contract, #10)",unknown
24af90f51c5b4924193204a8bf8158e5e8c1c27f8ef49ff66a3d08cea27f2992.wasm,"address, address, address, address, address",ok,"Error(Contract, #1)",no
24f1456544ebc25a598792c4f64113711ff78ad6d9bda95e057ed2ade7c23800.wasm,"bytes[32], bytes[32], {admin: address default_slippage_bps: 434874 fee_recipient: address max_allowed_slippage_bps: 870753 max_allowed_spread_bps: 305557 max_referral_bps: 352508 stake_init_info: {manager: address max_complexity: 410985 min_bond: 101097 min_reward: 614933} swap_fee_bps: 673297 token_init_info: {token_a: address token_b: address}}, address, 433215, , 7k, 152362, 374180","Error(WasmVm, InvalidAction)","Error(WasmVm, InvalidAction)",unknown
24f44a917f5c30448fbd6d9a32460d99bc44001da1018e8214633d5d3d6716f7.wasm,bytes[32],ok,"Error(Contract, #5)",no
252d8c8160e4205652a28bf68fdc49cceb810825bd63df3c6d75f83716c0f72c.wasm,"address, address, address, address, address, address",ok,"Error(Contract, #9)",no
256108b48b9e9e26f4f42a68c093d2d1c3049ec26be7363de28a9267185e6055.wasm,"address, address, address, address, address, address",ok,"Error(Contract, #27)",no
2581ebe02dff2ead81f16def83241579859f01d2fa575a329ab4425a126f4091.wasm,"address, address, address, address, address, address","Error(Contract, #9)","Error(Contract, #9)",unknown
25a8feed629782213d9faf537c211e87a9ca51612cc54bf1d2c0716b9968da0e.wasm,"address, {alpha_g1: bytes[64] beta_g2: bytes[128] delta_g2: bytes[128] gamma_g2: bytes[128] ic: [bytes[64] bytes[64] bytes[64]]}",ok,"Error(Contract, #4)",no
25b78510ca85641fefc25c8aa3fc3daa96969ff4577d3a16861b61b608c7707f.wasm,"address, bytes[32], [address address], 53226","Error(Storage, MissingValue)","Error(Storage, MissingValue)",unknown
25f9a46c125b47c837fe22ca6873d3c628dba4a17619abaa969b6299f8ecb87f.wasm,{admin: address base_token_uri: xx collection: address minted_total: 46617 num_tokens: 100731 payment_address: address platform_fee: {payment_address: address share: 551267} safe_transfer_contract: address stages: [{access: [Public] asset: address duration: 690918 max_per_wallet: 226572 price: 954387 title: } {access: [Whitelist address] asset: address duration: 383593 max_per_wallet: 743706 price: 127175 title: hz7} {access: [Whitelist address] asset: address duration: 578400 max_per_wallet: 233173 price: 552267 title: 1a}] start_time: 737974},"Error(Contract, #2)","Error(Contract, #2)",unknown
2660fcb340231cdfb03b501cbc9bceb3022507f3ccd4271ba578e9264cc2d982.wasm,"address, address, address",ok,"Error(Contract, #1)",no
266208f82c5031327c9cb84b776d7c32f67584ffbea5e43cb0458cb89da86042.wasm,"address, {apy_alpha: 22481 burn_receive_percentage: 141416 burnable_percentage: 947527 dogstar_fee_percentage: 704710 haw_ai_percentage: 586065 oracle_contract_id: address power_action_fee: 575606 power_to_usdc_rate: 847651 stake_interest_percentages: [791221 966100 918686] stake_periods: [932220 337447 936257] terry_per_deck: 221866 terry_per_fight: 379160 terry_per_lending: 479437 terry_per_power: 865503 terry_per_stake: 636020 withdrawable_percentage: 302007 xtar_token: address}",ok,"Error(WasmVm, InvalidAction)",no
26bf5a768b2d307e081f5604b466f2aad9abcd1574def0e0295457cee86fa7b6.wasm,address,ok,"Error(Contract, #101)",no
26c191e979bb4446a1f659359753d8fa7f8be1e1858ac6cd991568b6a6200a5d.wasm,"address, {council: address counting_type: 661703 grace_period: 324417 proposal_threshold: 55043 quorum: 938833 timelock: 754804 vote_delay: 606699 vote_period: 586805 vote_threshold: 182690}","Error(Contract, #200)","Error(Contract, #200)",unknown
26cca5dcc7eba2074e34a10da3926fecccb047a151b52257b0ac36dbb3aaf16d.wasm,address,ok,ok,yes
26e0506ebf3e5954906ddd5ac80ed6f57c95d79480da56be9edc9a629ba79368.wasm,"address, address",ok,"Error(Contract, #12)",no
27635b9a4439ac911b2a9b431627ad2e2545faded01da27e405003050ec91887.wasm,"bytes[32], bytes[32], {admin: address default_slippage_bps: 268684 fee_recipient: address max_allowed_slippage_bps: 83596 max_allowed_spread_bps: 840555 max_referral_bps: 537958 stake_init_info: {manager: address max_complexity: 687140 min_bond: 555772 min_reward: 776161} swap_fee_bps: 226661 token_init_info: {token_a: address token_b: address}}, address, 968021, 3u, r, 715433, 939067","Error(WasmVm, InvalidAction)","Error(WasmVm, InvalidAction)",unknown
277391ddaaf81688d26387ecf1d293afb3e03d7f36400194d97a6c755b979e5f.wasm,"address, 2, 9",ok,"Error(Contract, #10)",no
2774f76f4c57f1c2ade041f1bbb30d4c54d885f3fa79d7888e57203fc1e90139.wasm,"address, address, address, address, address",ok,"Error(Contract, #2)",no
27c9ce99a671b7769a690acf1669b2e353e707eb22516d38ef3dff6180a5aac5.wasm,"address, address, address, address, address, address",ok,"Error(WasmVm, InvalidAction)",no
27e58d114a98f91063994a97b239ec0627f874c36db3be91876ca01b696b793c.wasm,"void, void, address, [], [address], [259995 809075 108462], [464190], [551998 921918]","Error(Contract, #501)","Error(Contract, #501)",unknown
2808e0862a9650ff728117213e7adf40e22c829078e7ebb8a8fc2d2fe319ef87.wasm,"7, address",ok,"Error(Contract, #402)",no
28301f816a8e9047d7f82ef713f0f0b96b5a6ec66ec992bc24fd74d1a1acd1e1.wasm,"address, address, 490006, 319627, address, address, 459432",ok,"Error(Contract, #1)",no
28461b24adafcdec445bbfa60f634631cdd69584d5fffbb92bd2e8f31d6ced47.wasm,address,ok,"Error(Contract, #2)",no
28b987db1204a2884de0f4818cbcef6a1f5d1890d4774ac753ee6a38b34d63eb.wasm,"0y, 9, [address address], 778548","Error(Contract, #3)","Error(Contract, #3)",unknown
28c870064c76241d70fda5392b7d44203f75331f8074b26c88f5cbd7e724e318.wasm,"address, address, address, 860990, 655175",ok,"Error(Contract, #0)",no
293572d45789b097e5ae217194aaa640c4ba21e9b75e93145c2a7c362c9b0094.wasm,"{admin: address manager: address processor: address proxy_asset_manager: address underlying_asset: address}, {adapter_change_cooldown: 212708 config_change_cooldown: void emergency_cooldown: 683622 limits_cooldown: void manager_change_cooldown: 676389 processor_change_cooldown: 787004 processor_cooldown: void processor_daily_limit: 216317 processor_max_per_tx: void}",ok,"Error(Contract, #70)",no
297bfc31bc4ecab26f27b194e17fa440f0f1cae4c68f36914679ed4f861ce0f3.wasm,"{admin: address creator: address description: 7d explicit_content: false external_link: 2 image: r08 minter: address name:  royalty_info: void start_trading_time: void}, true",ok,"Error(Contract, #1)",no
29bdadaadbf0dbb20ff788aba9b70ac67a457f6b621bb17e94c2305a33586e3f.wasm,"address, address, address, g, kvj, 744572",ok,"Error(Contract, #12)",no
29eb1047312dc244e06128910bf60aa71e4104083c5bf41af006177b65216ca0.wasm,"address, address, address, bytes[32], [address address address], 210882, 158994, 532557","Error(Contract, #2003)","Error(Contract, #2003)",unknown
2a072a0fdb26b670e706d9999b0d2a182f7d69b6b92b16ce236295b2ff2a7f20.wasm,"address, address, bytes[1], 806472, bytes[1], address",ok,"Error(Contract, #2)",no
2a10395035a829ba38f9e0da8a619ca4f7257977f13fe840e949e84c55acf6b5.wasm,address,ok,"Error(WasmVm, InvalidAction)",no
2a4dd54a4f262ee64b221b70854a41875fc429e96ce3686e0316024513fab577.wasm,"address, address, address, address, address",ok,"Error(Contract, #1)",no
2a6866c1850dc7c2ac131c4bba925d476c4179cbb731092fb555a55a654a9c44.wasm,address,ok,"Error(WasmVm, InvalidAction)",no
2a7c7120c63b809a8b59e91dcbc493f3501831ba4d45c549cabdb25b50f78dc3.wasm,"address, {apy_alpha: 692036 burn_receive_percentage: 569669 burnable_percentage: 234043 dogstar_fee_percentage: 297669 haw_ai_percentage: 941709 oracle_contract_id: address power_action_fee: 973350 power_to_usdc_rate: 82360 stake_interest_percentages: [881184] stake_periods: [60358 725479 988129] terry_per_deck: 900920 terry_per_fight: 688989 terry_per_lending: 185738 terry_per_power: 836754 terry_per_stake: 254110 withdrawable_percentage: 435550 xtar_token: address}",ok,"Error(WasmVm, InvalidAction)",no
2ae525f01dc69d900c3faac9276c6a8514e916325a39fdf27228b43341aa114a.wasm,"e2, e, 159794",ok,ok,yes
2ae5857b21db00e06cf512b9f4ba8324478ea8fd3d24cb5cc40278d39b9e83ed.wasm,"address, address, 800382","Error(Contract, #12)","Error(Contract, #12)",unknown
2afe22fc3ee4314d9fe6ea58eef77e7dd799dfaacbda41fc20b6ab1d86bcda02.wasm,"address, address, bytes[3], 245766, bytes[2], address",ok,"Error(Contract, #2)",no
2b80b1cc81cbb1acc1bd29bbbc9d0db38167e69c202ce5d7f16e448b25d9eca7.wasm,"address, [address address address address [] address], address, bytes[32], [address address], [416354 610329]","Error(Storage, MissingValue)","Error(Storage, MissingValue)",unknown
2bbb91c58cb8432fd40446e80188a25e7c07dc2edc853e885d65cafbbbf19581.wasm,"address, bytes[32], bytes[32], bytes[32], bytes[32], bytes[32], [address address], 970982","Error(Storage, MissingValue)","Error(Storage, MissingValue)",unknown
2be577797c24cdb02689a6114e09ff77c7bf66944e2c15390eec3ca8188008dc.wasm,address,ok,"Error(Contract, #2)",no
2c0e70d719e45f7f8c31f7848efd99de29cac9612581b2b0b557c24f1cf04961.wasm,address,ok,"Error(Contract, #1)",no
2c23658539a645be49a26c78c6de365d2413f8eeb5109f52d92c73f0cb900f4b.wasm,"address, address, 116760","Error(Contract, #6)","Error(Contract, #6)",unknown
2c443d0da4440a17519d5972d8cf182449c225ae8d0de0223035cf8ffde7d987.wasm,"address, address, address",ok,"Error(Contract, #1)",no
2c4bd46e18729472deb652bc5acdf2a6167ae64014ab14571f1de8cefbc5dd85.wasm,"address, address, address, address, address, {downvote_ice_token: address govern_ice_token: address ice_token: address upvote_ice_token: address}, address, 158106",ok,"Error(Contract, #2)",no
2c89aedcebc6ac925a5775f6050e5327a103e1c7d4996760de1ebcd70e1c4bf8.wasm,"address, ","Error(Object, InvalidInput)","Error(Object, InvalidInput)",unknown
2cd1e92825cd5d29ce71df0b356956626d3332fa5a2117d743f63c8045882a03.wasm,"address, address, bytes[32], [address], 303894, 936626, 187010","Error(Contract, #2003)","Error(Contract, #2003)",unknown
2d1fccd4bb897e48b388fee4ff256d7ee0b676de11525d5703230199b4ff5578.wasm,"address, address, 73601",ok,"Error(Contract, #1)",no
2d35c1155470630434b03beba361f7cb1d8fcbb3e8b0cf23a76c83de13c0b142.wasm,"address, address, address, address, 688540, void, void","Error(WasmVm, InvalidAction)","Error(WasmVm, InvalidAction)",unknown
2d366bf7d9e7cdd60dac172eed8f460d4a1dc38f945a80a37d669e23f15faf05.wasm,"address, address, address, address, address, address",ok,"Error(Contract, #9)",no
2d51fa27a53c60132163cf5d579e1a104bd54e6342fef872ba8efc50657fce99.wasm,address,ok,"Error(Contract, #402)",no
2d770946d5429b0988fd33904cf19b5498823f668cb69a0a5028e988023d2040.wasm,"address, [address address address address [address]], address, bytes[32], [], 466878","Error(Contract, #2001)","Error(Contract, #2001)",unknown
2d81cb548e574c7cc37323387c361abff594593a82ab76c7ac83c64c99acc049.wasm,"address, address, address, address, address",ok,"Error(WasmVm, InvalidAction)",no
2dc19d49f7555fb29d7f4d40564e6e7fe9f11b1360834ee647a37129ec8c56cd.wasm,address,ok,"Error(Contract, #3)",no
2dcbad1a18dc6921a8bb4c3c47164c217d188d1c5c595d211e9dfea724bb4b78.wasm,"address, address, address, address, address, address, 6670, 409947, 366230","Error(Contract, #6)","Error(Contract, #6)",unknown
2dce7fac91b4b3d3b996f34101542a04fbd844a2ba60019233dd973b63c0161f.wasm,"address, [Stellar address], address, l, 3q, 931661",ok,"Error(Contract, #12)",no
2de645cd2165b9ef3c839538aff1ee52d28ca02a78c4f8dcef6cc69586e6477a.wasm,"address, address, address, address",ok,"Error(Contract, #2)",no
2e0f2b25ccffdf088617b92f4967fe816009e5d383f8bbb66e19ac3631e4dc7e.wasm,"address, address, address",ok,ok,yes
2e1ca59d5ebf053231027766ea7989b028aad9a1f37fd6c7a761d4bf106533fe.wasm,"address, address, address",ok,"Error(Contract, #1)",no
2e6e3d1948035714d38189a5047116d5ab93cbc574c9f727d30ef88b5540b1fb.wasm,address,"Error(WasmVm, InvalidAction)","Error(WasmVm, InvalidAction)",unknown
2e6f1daed872881ac52bf637328076cd81a3b5a70e46524453a354309c7a3786.wasm,"address, [address address address address [address address]], address, bytes[32], [], 812337, 545519","Error(Contract, #2003)","Error(Contract, #2003)",unknown
2e7cd82b9a1f5e2d9de05ac172f663dab58df6638b8c604e28ca33a3b5d9e250.wasm,"address, address, address, address, address",ok,"Error(Contract, #1)",no
2f0ed3386df25548595edf341c82436f7f917bb7c8d2e19465a949605bcd71c8.wasm,address,ok,"Error(WasmVm, InvalidAction)",no
2f298d496e00f77d3447275bc15ce44ddfe9b9295d4be9409ab140d123454819.wasm,address,ok,"Error(Contract, #3)",no
2f6794570015e7de80623402126a700bc009f7f1cc5dc5823e4967e054cfe183.wasm,"{admin_fee: 983059 fee_receiver: address funds_receiver: address id:  min_investment: 740797 name: c0l originator_wallet: address sbrl_token: address symbol: r}, {admin: address operator: address}",ok,ok,yes
2fa0a01f0d14b3a3aad4b65d98dbc4d388e4e6b18165404d270a168d477cc06f.wasm,address,ok,"Error(Contract, #2)",no
2fd3a8d9f27ecf000641e7e6380df6a3a4f5fdc472cef912c53fd76dc80d68dd.wasm,"address, address, address, address, 982876, address",ok,"Error(Contract, #1)",no
2fdde8ba8c0e998d4fbcae11b020250b3e6b3aec65d1948ab848118b7f076856.wasm,"address, address, 204282",ok,"Error(Contract, #410)",no
300cb94e7803fe8094f6c7e4c7411a7309c0dafbcb0efb432745481d4f0567bf.wasm,address,ok,"Error(Contract, #3)",no
303d7c102e09bcb9082566a6a5fec834d6a61d1a6ace8de86e9a437c79c67436.wasm,"address, 440568, bytes[0], address, address",ok,"Error(Contract, #41)",no
30658d2aea376525acb23c73f73d4223832c8553a91fd018c276fe734f44401d.wasm,"address, address, address",ok,"Error(WasmVm, InvalidAction)",no
307515b60bf06ce1d082936fb514cf65bb1b19443b9bc9940bf4b6bed6634601.wasm,"address, address, address, address",ok,"Error(Contract, #2)",no
30fc735df857e01ee3a880e317d8734165b95761d58ee7ff350aa729b0220866.wasm,"address, address, address, address, address, address",ok,"Error(WasmVm, InvalidAction)",no
3106caf7be6c0dab2d05232e936ba9a1a3e96329cdbad68269b023d88f70bb3c.wasm,"address, address, address",ok,"Error(Contract, #1)",no
3132c163655a259f955500ecb5a200855c912fa4389619d043f81ef13c3f2f7f.wasm,"address, address, address, address, address, address, address",ok,"Error(WasmVm, InvalidAction)",no
3190d6c26154d1257d66e7015f039ce1be2fc69b5d9226119916d182f7ac290f.wasm,"address, address, address",ok,"Error(Contract, #402)",no
3194f6415c1596e2bad58bbb9daa011003624738cbc58c878468d0ec856d45a7.wasm,"address, 657003, address, 590201, address, 318044, address","Error(Contract, #409)","Error(Contract, #409)",unknown
31eeeea74040e9a8ba4fb705c66463b340536c3b6d02848e51fc6beca5bb389f.wasm,"address, address, address, {capital_recipient: address delayed_settlement: false fee_recipient: address min_investment: 981912 min_redemption: 595319 offer_escrow_period: 667392 origination_fee_bps: 48186 payment_token: address redemption_fee_bps: 362169 redemption_lock_period: 342501 service_fee_bps: 30328}","Error(Object, InvalidInput)","Error(Object, InvalidInput)",unknown
31f21e980dc283e86ba78ad1791e0d021364c18f5cc30d789166eae9bd724010.wasm,"address, address, 816423",ok,"Error(Contract, #2)",no
31f467a75005551fd00e08df3a9e446f923ad04232346ec689cf07d6bbd2527b.wasm,"address, address",ok,"Error(WasmVm, InvalidAction)",no
326d04b8ef7d53771837f11e1ef5540a0772347b549be4485c3cca68c700117b.wasm,"bytes[32], address, address, 81921, 475501, 650634, address, 835829","Error(Storage, MissingValue)","Error(Storage, MissingValue)",unknown
327e197c58e2b10412d00a14580c2a8b64b297114f7e53c83b4563e0ec528b65.wasm,"address, address, bytes[32]",ok,"Error(Contract, #1)",no
327edc2902457a23eb19d9150fdc3e3688f8b1246b01ce57965684192a5655c9.wasm,"address, bytes[32], [address address address], 722768, 745233, 440637","Error(WasmVm, InvalidAction)","Error(WasmVm, InvalidAction)",unknown
3281a57894c0d14e03d466ed9f09bce420b6f601eedc40a155eaed0d91feb43d.wasm,"address, address, 174826, 949242, address, address, 748168",ok,"Error(Contract, #1)",no
32c897f73d8e0551447e61c9a4aae6ac0718a7d1f06842bf91a0cc7078e09d84.wasm,"address, bytes[32], address, 945613","Error(Contract, #14)","Error(Contract, #14)",unknown
3307f4957aba9ea2c8b2bae81df6eb27c3b8fedef394bbdcf49d3549dac8c6b0.wasm,"{admin: address creator: address description: d explicit_content: true external_link: void image: x minter: address name: vnf payment_token: address royalty_info: void start_trading_time: 613081}, false",ok,"Error(Contract, #1)",no
334e870bcc4adc6b35525b36dc79af65b8f4c41eda51443efad305eb327a95c7.wasm,"address, address, address, address, address, address, address",ok,"Error(WasmVm, InvalidAction)",no
335ab6c7d37f37af999c27ecb21b6a0fced02c013e6e9c499f199803afa501c0.wasm,{admin: address asset_manager_escrow: address underlying_asset: address},ok,"Error(Contract, #10)",no
3361c92fb535344856b771c6ef94947dc57f33ce09b1439ca6c495165f9e42a6.wasm,"address, address, address, address, address, 132859, 392356",ok,"Error(Contract, #0)",no
33b21675e80df0ca70dd9f60370349c687820e8a9d72afe9648a38d12fa902fa.wasm,"address, , ",ok,"Error(Contract, #10)",no
33d309b1be08dc66f358979e48b1051a916e2952f529d0f42eae9d22e304d0e6.wasm,"address, address, address","Error(Contract, #1)","Error(Contract, #1)",unknown
33ee3e09a2d28559f89955a428e4e2ea292df8d1b9047461958e1e9edf54a5a0.wasm,"address, address, address",ok,"Error(Contract, #1)",no
3406081bd6c7ebc9f7371a1edf3ba5fc4115b04c8f36b91ff4d14bfdc6069d45.wasm,"address, address, 3yg","Error(Object, InvalidInput)","Error(Object, InvalidInput)",unknown
3424dd67753e0ef1684fba2277e3fdf38fee8cca6a1ecfd1ee77a27b0917a304.wasm,"address, address, address, address, address",ok,"Error(Contract, #2)",no
3469770ba4faf69f7237b1555f72b2aabb265d9f31278c3ffed56c6825e09aaf.wasm,address,ok,"Error(Contract, #2)",no
347df27942bc24ade34d1ffdc47db069801bf9ee2e74bf5dc230653804a76886.wasm,"address, address, address, address, address, address, address",ok,"Error(WasmVm, InvalidAction)",no
348678c2188dc4b01c4f4d9f8ad680737db9d1a07fc723fae7d7fb58a3c39380.wasm,"address, address, address, 198752, 449003, [address address address]",ok,"Error(Contract, #1)",no
34e19cdaad68669489e8f3e9c5e7b469f8448d3dddd2a7d130c30c926eee30af.wasm,"address, {alpha_g1: bytes[64] beta_g2: bytes[128] delta_g2: bytes[128] gamma_g2: bytes[128] ic: [bytes[64] bytes[64]]}",ok,"Error(Contract, #4)",no
34f2c5a7bc01edc0d7038d6b063b4014c5bc9f9663b543ef09120b1df475c3ae.wasm,"o4, 1gr, [], void","Error(Contract, #12)","Error(Contract, #12)",unknown
3535a4047f1e98ddb2ce8156ae21b4d3cb8c47adc3901d52aad7935a4e261bfd.wasm,"address, address, address, address",ok,"Error(Contract, #9)",no
353f6c53acb55091f9fa3cf3c68ac04970334ee5cb930415ec1be446dac5c250.wasm,{admin: address fun_contract: address fun_contract_balance: 423156 max_token_supply: 661923 min_mint: 667274 mint_reward_range: [203407 245929] nlt_contract: address rewards_reserve: 523895 staking_daily_rate: {465974: 694713 485997: 528257} successful_mints: 830342 successful_mints_timestamps: [905634]},"Error(Object, InvalidInput)","Error(Object, InvalidInput)",unknown
35b413d52a33ffe2e27622dc469aaf03441cec55f76886c6cfe951df9739a3fd.wasm,"address, address, address, address",ok,"Error(Contract, #1)",no
35c4ceb5571a874e72b6fe20d080b9c8d4171185b1ea7b9bde4ce3b4bee3f2b4.wasm,"address, address, address, address, address, void",ok,"Error(Contract, #27)",no
362901a320a398259effb43ba50116da855239a604b612a43746528a7a0ea49b.wasm,"address, [address address address address [address] address], address, bytes[32], [address address], 918623, [474361 61306]","Error(Contract, #2003)","Error(Contract, #2003)",unknown
3633852cab02a763a5add4758619250b1e0c70a476c7924e7d2f68b464112623.wasm,"address, address, address","Error(Contract, #2)","Error(Contract, #2)",unknown
366d3ae53b335a0e29caee0d85d1c5ca5fc62a2110ad73315f0d9aefcc906c34.wasm,"address, address, 521800, 383265, 898042, 241834",ok,"Error(WasmVm, InvalidAction)",no
369878fea8bc1d94043fde1675711acd0be8f02273c795815c9aea80e2d4f6e3.wasm,"address, yn",ok,"Error(Contract, #1)",no
36e7c9f71a3627ae0faf5776c00182328d9c5baabecad4c4efdbd15f742b870f.wasm,"address, address",ok,"Error(Contract, #1)",no
375bd32e521512407d015ef9a846b7c7a37d5054fa00dd5647f76876cb7c3b4d.wasm,address,ok,"Error(Contract, #3)",no
37884c0949fe2ece54ef2f2f41bf3d062f68b0b05f18edf6a0f1232c895a5ebe.wasm,"address, address, address, address, 89959","Error(WasmVm, InvalidAction)","Error(WasmVm, InvalidAction)",unknown
37b29dbc6407328183c23fa6f795bcbb72e63dd88847b5e0217f1e7a194104f9.wasm,"address, address, address",ok,"Error(Contract, #27)",no
381d58842f4e495b80870f99ada3732ac08556a6e2f6f04ae79fed70b6a938dd.wasm,"address, address, address, address, 129003",ok,"Error(WasmVm, InvalidAction)",no
384c9419b900f5294a71e1025b5da2a867a5313c24798130dae18ac94b8868a0.wasm,address,ok,"Error(Contract, #2)",no
38b3b960415fc94d1aa96e29bed2ff8c0bc4267e4c75114074225a0c09cbf347.wasm,address,ok,"Error(WasmVm, InvalidAction)",no
38b9a94d83620273d588541b76fcf6569b40f5fcfbefbd4645335d895616b1a2.wasm,address,ok,ok,yes
39170a9640dcae6686539944314d9e14692dc6d9c7dd20480aca979d4f57ecce.wasm,"address, 486741, bytes[3], address, address",ok,"Error(Contract, #41)",no
3967b1e7a284bce179272f5f8826d02d73fa1cd0791c8e0764a48bafaaf62f17.wasm,"{admin_fee: 877562 fee_receiver: address funds_receiver: address id: 4 min_investment: 238155 name: moj originator_wallet: address sbrl_token: address symbol: hh}, {admin: address operator: address}",ok,ok,yes
399397fe1a0571b2e02ef02381e2933d9e5cd28a9fe3633a26665a19a2c43df7.wasm,address,ok,"Error(Contract, #2)",no
39e7ab207592e1cb4bf6ce918cc74ac6b49e84ceb7cb97129eb33da0d119dec3.wasm,address,"Error(Contract, #1)","Error(Contract, #1)",unknown
3a0128950bf931b7d0668bd4f7fca9a1823311f108ac409c97df0180a7aab6fe.wasm,"address, address, address, address, 59264","Error(Contract, #9)","Error(Contract, #9)",unknown
3a344136c420be23ecad963f1ce9a2af4270bf934850c9b1636df6802faab11c.wasm,"address, address, address, address, 832297","Error(Contract, #9)","Error(Contract, #9)",unknown
3a6d3db17f5dd76d4c900bda3556d43cd6503e55469e0e93619327e053f2fff8.wasm,address,ok,"Error(Contract, #3)",no
3a782ed856992f9487c40600fdda61791526769e128f998ca0621a29a4de3b90.wasm,"address, 852024",ok,ok,yes
3a8a3209697d26671448ad2de7f069493dcff0abe8bda0abbf2a2fe4735b06d7.wasm,address,ok,"Error(Contract, #1)",no
3a958cd4f685d08bfe6b69bc300615cca905e563f5847265abb2d4df2e6ba32b.wasm,"address, p, [ gi6], [], [{id: szq service_endpoint: m0 type_: [DIDCommMessaging]} {id: rt service_endpoint: j7 type_: [CredentialRegistry]}]","Error(Contract, #3)","Error(Contract, #3)",unknown
3abdbdf37aa7a93b0c9af6f3467fa99e4666ffeff8fbe4b000c907af1b9a2445.wasm,address,ok,"Error(Contract, #3)",no
3ad19403a23fd8002ad3f82e6ba2c0ac595b4f640cb8793010b72c85943b7573.wasm,bytes[32],ok,"Error(WasmVm, InvalidAction)",no
3ae17966258e558bc0a990e52f5d364a066a70f8dd1f13a208eb78c864c4ff9e.wasm,"address, address",ok,"Error(Contract, #2)",no
3b046d031d798a1068bc357892c61a678e1fb4125c3600b997bcf4752c35f25e.wasm,"address, {apy_alpha: 492063 burn_receive_percentage: 278066 burnable_percentage: 235772 dogstar_fee_percentage: 430914 haw_ai_percentage: 853311 oracle_contract_id: address power_action_fee: 722589 power_to_usdc_rate: 180832 stake_interest_percentages: [232281] stake_periods: [47966] terry_per_deck: 718788 terry_per_fight: 546662 terry_per_lending: 703008 terry_per_power: 414154 terry_per_stake: 987992 withdrawable_percentage: 589912 xtar_token: address}",ok,"Error(WasmVm, InvalidAction)",no
3b361e654ad5274321a76b75cb7c509f7ffd1b4d3236ec32e0af052ccddb8fe0.wasm,"address, 718523, 1i, gs","Error(WasmVm, InvalidAction)","Error(WasmVm, InvalidAction)",unknown
3b65f2f1d0bcafbfee1a870dbeab549655b3d596d4a44fd18083320f5b594c6f.wasm,address,ok,"Error(Contract, #2)",no
3bb76e3c5849a8d09bb080583d25a4882667bf0a83bee391e0ce969ab6d852e9.wasm,,"skipped: cannot register: Error(Context, InvalidAction)",,
3bc7997d8f216e3bfa9311893763b488302de7010970bda70847570753fdf0d1.wasm,"address, address, address",ok,"Error(Contract, #1)",no
3bfe17146d697d2e357ade365313e79c94a43f7d697464fe62665dea7d89d8a2.wasm,address,ok,"Error(Contract, #3)",no
3c030c6e93ac973cf26e39947176c85a2bf61210e9c1f98ce638b963da948c96.wasm,"address, [address address address address [address] address], address, bytes[32], [address address], 750947, [799813 407868]","Error(Contract, #2003)","Error(Contract, #2003)",unknown
3c1054716aaf0d60d0898662ddf9a81f36dcb9fa5bb285271b080682ae444605.wasm,"address, address, address",ok,"Error(Contract, #1)",no
3c2e6adf068becdaa7c55e195124ed2ea50b2e6533cdcf30d3ba103b87965ec3.wasm,"address, address, address, 563016, 592347, 296497",ok,"Error(Contract, #1)",no
3c3b4e75a94e9a9cac638b505e2661dca341eddd8484002b309731d16352281f.wasm,address,ok,"Error(WasmVm, InvalidAction)",no
3c8a9b8c5cdee3676dc46953cdf50a9a89b53254d7f669285895f370684b310a.wasm,"address, address",ok,"Error(Contract, #2)",no
3c92ab9087a63bd3ef4035a94be63d9e746df6e4f001ba63f56ccd332c768498.wasm,"address, bytes[32], address",ok,"Error(Contract, #2)",no
3cbc9a0f340582868aae5a7a3171a8049f262b962d00875265c7ed1404210db5.wasm,address,ok,"Error(WasmVm, InvalidAction)",no
3d69970c585285e627babdc2ab69e087e4542bd9ecc07a277b28bcea56912571.wasm,address,ok,"Error(WasmVm, InvalidAction)",no
3d69ca1fd7f2c14acbf60e0005f4327caa9944ebb8d8ad5a7c0269d87482d14b.wasm,"address, bytes[32], [address address address], 868408",ok,"Error(Contract, #201)",no
3e0ef75cbee62cf119eea6e29da01e672010727ea68a88edfd82da98ce8b6bed.wasm,"address, address, address, address, address, address, address",ok,"Error(Contract, #1)",no
3e5dfde1926cb96428498b72596c2ebbe01e60709ff9fb7556bf17e99743a647.wasm,"address, bytes[32], address, address, d3, false, void, 830402, 447417, 957369","Error(WasmVm, InvalidAction)","Error(WasmVm, InvalidAction)",unknown
3ea3cfc5c30efdc08dd505e9ab4df0d5f687f9a371e09dcfe1f00d74efaa4b53.wasm,"address, [address address address address [address] address], address, bytes[32], [], [206600 718208]","Error(Contract, #2001)","Error(Contract, #2001)",unknown
3ecb29bbe5aabf60d914a84f6049c964c76761686ab9fdad06cde3b59f0c4314.wasm,"address, [address address address [address address address]], address, bytes[32], [address address address], 264584","Error(Contract, #2001)","Error(Contract, #2001)",unknown
3f2a02eea6c458c034fa5d2a9c57ce02ea8ade606cac8a8080afa443f6c4319d.wasm,bytes[32],ok,"Error(WasmVm, InvalidAction)",no
3f2d08f3faf2de0289bb6f12a029bab3766a66fc9531c2b5ce9febf483434240.wasm,"address, address, 585186, address, 155882, 896998, 515703","Error(Contract, #4)","Error(Contract, #4)",unknown
3f42cfc31109f0a7db35129c19933cc858e317d359adbd2bb6d9b8ebd563e21e.wasm,"address, 605480, g, fw","Error(Contract, #605)","Error(Contract, #605)",unknown
3f7882ccee842e8010f1ca102f6fae8d49baa3458deec4e534e93196b2c0c26b.wasm,address,ok,"Error(Contract, #1)",no
3f8603433994e0076a8f241e4b8b69aecb977d3907046a6f7bdbe72e9e6c48c1.wasm,"address, address, address, {capital_recipient: address delayed_settlement: false fee_recipient: address min_investment: 644728 min_redemption: 65433 offer_escrow_period: 749577 origination_fee_bps: 558229 payment_token: address redemption_fee_bps: 9890 redemption_lock_period: 170326 service_fee_bps: 367080}","Error(Contract, #10)","Error(Contract, #10)",unknown
3fb6c2ca091168a22951c19acc6e118db88d2953153b1770e01f26fa26b1023d.wasm,"address, 8809, 6764, address","Error(WasmVm, InvalidAction)","Error(WasmVm, InvalidAction)",unknown
403ffb9261e4bc67bbd737faf419239f2cad243167f153b727c1446a96a666a4.wasm,"address, address, address, address, address, bytes[3], address",ok,"Error(Contract, #2)",no
408a30db145877680f9ca40214c1baf5ec905b7c9675fcab09dffe48c22df141.wasm,"address, address, address",ok,"Error(Contract, #1)",no
40aa34ba577fc93b3df0b7cc1d35e965420b69dc25732aa9973d80f3439a1f53.wasm,{native_token: address network_id: 2 sender: address upgrade_authority: address},ok,"Error(Contract, #2)",no
419dd5f0be5fb08dfe387f76e120d1d722d683a0778f807cf6a2b55efcaa667f.wasm,"address, [address address address address [address address address]], address, bytes[32], [address], 18853, 46132","Error(Contract, #2003)","Error(Contract, #2003)",unknown
41ae735d2312f50975f5b7c70c3f71c2a0785113014dc24e474c3f3688e6224f.wasm,"U256(UInt256Parts { hi_hi: 0, hi_lo: 0, lo_hi: 0, lo_lo: 86362 })","Error(Contract, #21)","Error(Contract, #21)",unknown
41b0f2614b2be48f5ed741f3c64c09d0ad64277e427f4dbace477245c1655ee2.wasm,address,ok,"Error(WasmVm, InvalidAction)",no
41bc83102ce89d3fede0bbc2c3895476e9a0a544a48b1d3f2abf0a0107352638.wasm,address,ok,"Error(WasmVm, InvalidAction)",no
41fa1098f20a6d425cb4e67f533d9b27d17fbe0af49dc4b3223de6b456bad301.wasm,"address, address, address, address, 98106, 579045, 659433, 776396","Error(Contract, #9)","Error(Contract, #9)",unknown
4221b6435438dc3fbc901e19018544fc3ae394fc4f304c4cedcbe53f98df3e00.wasm,"address, address, address, address",ok,"Error(Contract, #1)",no
423df6a1b908f9d0a7c3501f98e089a0753a8f9c01f338d0054717255e764514.wasm,"address, address",ok,"Error(WasmVm, InvalidAction)",no
42478c7d30d929252171b277cd8dd9d2e91c3593546acae070eb615546d506ea.wasm,{accountant: address admin: address asset_manager: address config_cooldown_secs: void deposit_fee_bps: 660986 deposit_whitelist_enabled: void downside_cap_bps: 131044 emergency_withdrawal_cooldown: void fee_change_cooldown_secs: void guardian: address initial_price: 741840 management_fee_bps_per_year: 434426 manager: address max_deviation_bps: 976695 max_price_staleness_secs: 822456 max_shares_per_user: 852128 max_total_idle: void max_total_shares: 515803 min_shares_to_mint: void name:  oracle: address price_acceptance_cooldown_secs: void price_update_cooldown_secs: 591232 processor: address role_change_cooldown_secs: void share_decimals: 625502 swap_fee_bps: 182870 symbol: 4d0 system_penalty_bps: 513402 underlying_mint: address withdraw_fee_bps: 118946 withdrawal_ttl_secs: 401248 withdrawal_whitelist_enabled: false},"Error(Contract, #40)","Error(Contract, #40)",unknown
42a37f1ec10e26d3f79e843dec86238367108a9e37c929aea5b909d2fb011097.wasm,"bytes[32], bytes[32], address",ok,"Error(Contract, #1)",no
42af964b741cf2995bf3bb3deef034991b782a610cce1dcdf4bbc25756a2ad74.wasm,"address, address, address, address, address, {downvote_ice_token: address govern_ice_token: address ice_token: address upvote_ice_token: address}, address, 940092",ok,"Error(Contract, #2)",no
42d0ebea432bdaab8a01b5f728ad557f9f56bb3adf56b8d539facf4e2ecb6264.wasm,"address, address, address, address",ok,"Error(Contract, #2)",no
42d722e07d9e3af69922854bdccd62a1221d64df18b984b972f69aae30355738.wasm,address,ok,"Error(WasmVm, InvalidAction)",no
42f8112094c963ba4450d948a90038fc88a13840b29b8909674d39db597ddd8a.wasm,"address, {address: address decimals: 883414 name: kgy symbol: n}, 376841",ok,ok,yes
433ef1c1766bec18b902cfbad2ac74371ef19600697b895ba48854155e7a7aef.wasm,"address, address, address, address, address, {downvote_ice_token: address govern_ice_token: address ice_token: address upvote_ice_token: address}, address, 27300",ok,"Error(Contract, #2)",no
435fd892707dbc8470e9dd0b0f71ac0688c413a4c10cf2a0d0d70d587804388b.wasm,"address, [address address address address [] address], address, bytes[32], [address address address], [983287 670127]","Error(Contract, #2001)","Error(Contract, #2001)",unknown
4386cdf222d1b98faedb5be6e8a6d65a471a27391b7611e532de09d782e56c07.wasm,"address, ","Error(Object, InvalidInput)","Error(Object, InvalidInput)",unknown
438a5528cff17ede6fe515f095c43c5f15727af17d006971485e52462e7e7b89.wasm,"address, address, address",ok,"Error(Contract, #3)",no
43a1cd087115c76dc880b0e07e171298b4f55dfc333c03df1b06266cf229199c.wasm,"address, 939422, d, u","Error(Contract, #605)","Error(Contract, #605)",unknown
43bdadf5027c8a675d53cc920f5cfb9d1570ef41d920cca332e7862fb61dfb15.wasm,"address, address, address, address, bytes[32], address",ok,"Error(WasmVm, InvalidAction)",no
43c74d653dbc876ce95571b36b1e2d66939bba3cc7f27de7d793254569ecdca0.wasm,"address, address, address, , 8, 944002",ok,"Error(Contract, #12)",no
43d8123c74240383636c61189d753c0cfd1980972d5b2126aa5738063bcb6c62.wasm,"address, 151556, address, bytes[32], address, bytes[65], {bytes[65]: true}",ok,"Error(Contract, #1)",no
43d961f27c617e100fe07f2a7bc8e7e6887950e6973e6c11105b093cab9380ff.wasm,address,ok,ok,yes
43f28ef9c36e5387396650beba57aa1f924acdb738f831565392e0952fa1204e.wasm,"address, address, address",ok,"Error(WasmVm, InvalidAction)",no
43f80026ed37ba7a317808ac0fb5d848877810ba0deec69afe9cd5bdbc09d4bb.wasm,"address, bytes[32], [], 635936","Error(WasmVm, InvalidAction)","Error(WasmVm, InvalidAction)",unknown
443c83cb10765e1a132bca559c26c3a60212a50a6c0cea971e91f43ac8731c32.wasm,"address, address, {icon_asset_manager:  native_address: address upgrade_authority: address xcall: address xcall_manager: address xcall_network_address: 1b6}",ok,"Error(Contract, #3)",no
44647fcfe0b51bc742d79dbf8d7e68faf644194087d7b76c158cab5af0d0abfd.wasm,"address, address, address, address, address, address",ok,"Error(Contract, #9)",no
44797e81951b6047c771a0716be2907b41680723084b113b9c17c42862bd2ba6.wasm,"address, address, address, {capital_recipient: address delayed_settlement: true fee_recipient: address min_investment: 827078 min_redemption: 317438 offer_escrow_period: 642963 origination_fee_bps: 206983 payment_token: address redemption_fee_bps: 676126 redemption_lock_period: 487656 service_fee_bps: 975301}","Error(Contract, #5)","Error(Contract, #5)",unknown
44b79808ea1ed56ce371a9afcd056ecbfc7289915d9ad458ce66fad7360fce09.wasm,"address, 7557, 251769, 420934, 774122",ok,"Error(Contract, #27)",no
44fca27f6cb647db65cb466296c51c93b0545f26c8c8c50ac5391b62608b04d9.wasm,"address, address, address, address, address, {downvote_ice_token: address govern_ice_token: address ice_token: address upvote_ice_token: address}, address, 945123",ok,"Error(Contract, #2)",no
453d43574d387319d477c387d6452d6862305fa0ccbcc29b0ca5b68e2f6ff87a.wasm,"address, address, address",ok,"Error(Contract, #1)",no
4543550801aa3abc720fefef77df55d0c04f227aea569e280fefe709bb63bf8a.wasm,"address, [address address address address [address address] address], address, bytes[32], [address address address], 896896, [906294 398290]","Error(Contract, #2003)","Error(Contract, #2003)",unknown
45b1f45a68523a70bc39910fb5ba1a09b0d29c04fd56841b26fa6f2535af9a2b.wasm,"void, void, address, [ ], [address], [406526 959473], [816434], {duration_days: 221142 im_apy: 154955 mature_days: 295361 pool_apy: 908563}","Error(Contract, #501)","Error(Contract, #501)",unknown
45b6f92e9044ebe2e3282744eda333ab729cf8e340e12ac878c269c18cd23ad6.wasm,"address, address, address, address, address, [address]",ok,"Error(WasmVm, InvalidAction)",no
45d1d70275fd46fd3159559f17ddf8aca5ffa02841769fc9c67688926f58d23f.wasm,"address, 754620, address, 212794, address, 577221, address","Error(Contract, #409)","Error(Contract, #409)",unknown
460c319b8b5019fa631ef22825255940ca5ea449c3e7651d2cbecf952aeb978f.wasm,"address, address, address, address, address, {downvote_ice_token: address govern_ice_token: address ice_token: address upvote_ice_token: address}, address, 878423",ok,"Error(Contract, #2)",no
461f06c4c0aa2069ed7c4c9fab88379a3e8e4773e5246d03c52754b9298d9311.wasm,address,ok,"Error(Contract, #1)",no
464c7cf3fb3cd426e700973c98ae63dee903e83d411491b691dad72c035dcd7d.wasm,"address, 123244, 3ie, u53","Error(Contract, #605)","Error(Contract, #605)",unknown
465482666d03a759b3a035d7ac34bc35b68c8da495341295508c88e22fe4be73.wasm,"address, address, 823764, address",ok,"Error(WasmVm, InvalidAction)",no
46cdf5a1ad8658da782bd7229f815455dd15fad5df345334596d5178bf0c5ef4.wasm,"address, l","Error(Object, InvalidInput)","Error(Object, InvalidInput)",unknown
46d57af43dbdb228a6eea4f2fb5144e240927109dc993e91048e7cab34e3e189.wasm,"address, address",ok,"Error(Contract, #2)",no
47d94f520bede00f21724a3fae31770142cef3567f8c0b1101abba1482363e89.wasm,"address, i, 1f",ok,"Error(WasmVm, InvalidAction)",no
486199a623c505f4a9c4c040106c359a50d9b79c4ebdeedc9e00ab8b21cc5e30.wasm,"address, bytes[32]",ok,"Error(Contract, #500)",no
4868dd213817a72db033a9f042c8ab27e80a08add7915b60c220b1a4dc267b94.wasm,"address, address, bytes[32], [address address], 24518","Error(Contract, #2002)","Error(Contract, #2002)",unknown
486eace687feaf5c54dce048e0992744c75f85881b44839d408332ab3ee7142b.wasm,"address, {alpha: bytes[64] beta: bytes[128] delta: bytes[128] gamma: bytes[128] ic: [bytes[64] bytes[64]]}",ok,"Error(Contract, #1)",no
48b28121451497952c1c35d58d4556f315a5b468ccde9fcd03f510aefa07c117.wasm,"U256(UInt256Parts { hi_hi: 0, hi_lo: 0, lo_hi: 0, lo_lo: 957701 })","Error(Contract, #21)","Error(Contract, #21)",unknown
48da9953f231476277de087172d11e0f304cbd47cd8b56f15b0c9eeedb6262c8.wasm,"address, address, address","Error(Auth, ExistingValue)","Error(Auth, ExistingValue)",unknown
494d1bfc593aa0c097407a4b0f13637b50e7dc9df31cd0ce7e4f4cbece0fd369.wasm,"address, address, 543492",ok,"Error(Contract, #410)",no
495aedd61bd946908dc481745fc91e58e6ee96796c82196da07ba58be0fd90a2.wasm,"address, address, address, address, 628962, 298660, void, 362961","Error(Object, InvalidInput)","Error(Object, InvalidInput)",unknown
49fad116e89f3c11b96d36adbfd3d9d31c7d6ebda1982072bec868f8ef5d0abe.wasm,address,ok,"Error(WasmVm, InvalidAction)",no
49fb161f73fdf90476f347936bc728618e13f19401bf0a2bf311787bc1082d0c.wasm,"address, address, da, address, sk, dq1, 142353","Error(Object, InvalidInput)","Error(Object, InvalidInput)",unknown
4a4441814cc6beb69692b0d11fe7bf83761146d0ab98a6f06750c2f4c37a12cd.wasm,"address, address, address, 857450, 737020, 794623, 969559",ok,"Error(Contract, #1)",no
4a68ea777817e31433a248d413e64bad581c1e547fe5efe5e42d96ed21cb2b69.wasm,address,ok,"Error(Contract, #3)",no
4aa7d889845894e482539cf834a8dcc0c84534762b0f66eb99a15358f67f0912.wasm,"address, address, bytes[32]",ok,"Error(Contract, #1)",no
4ac0c23958ed4fef91e4dcdb82028afb94b68a153816d40aa62ecb9e2730975a.wasm,{admin: address asset_manager_escrow: address underlying_asset: address},ok,"Error(Contract, #10)",no
4afc62dae512229e7050c29fc3f62d65e2a2dfa0a378a60e1e62ef3a0e2cd39b.wasm,"address, 5, mnp, 958043",ok,"Error(Contract, #1)",no
4b023f8de341bb5a89a3cfd92e32779b79616984ab9659d334a08451534de73c.wasm,"address, 95h","Error(Object, InvalidInput)","Error(Object, InvalidInput)",unknown
4b0c394218a20a76b9bfb0671bf7a8b745b5d5573640c6ceeb91e85dd385d1c2.wasm,"address, address, {deal: bytes[32] deal_manager: bytes[32] deal_price_engine: bytes[32] deal_registry: bytes[32] investment_manager: bytes[32] payout_manager: bytes[32]}","Error(Contract, #1)","Error(Contract, #1)",unknown
4b0d1e4d709caa240ff7329892e9e02e6ab32bb39d2ad29ef19710f292133c95.wasm,"address, address, 164160",ok,"Error(Contract, #2)",no
4bccfe03a204d3086228990c6c0f83d1154c768d548975e7a1a2ea52d3cff425.wasm,"address, ",ok,"Error(Contract, #1)",no
4be7713d31bbc8fdfe201bf41f5e12616aefcb548ad484d5f2bb193678192848.wasm,"address, 881975, address",ok,"Error(Contract, #3)",no
4c3391edc0e03a736383441e624964f3bf9c5927b2e3e6f183c2ed459fb4ca1d.wasm,"address, address, address",ok,"Error(Contract, #2)",no
4c3db3ebd2d6a2ab23de1f622eaabb39501539b4611b68622ec4e47f76c4ba07.wasm,address,ok,"Error(Contract, #504)",no
4c844769c8cd12d32c337951bc47ff273311302db5ad0ac5d014793949644a54.wasm,"address, address, address, address, address, {downvote_ice_token: address govern_ice_token: address ice_token: address upvote_ice_token: address}, address, 322189",ok,"Error(Contract, #2)",no
4caa98eaf6d9f37b21c361e256f10a0af130bc979d08d080bdd9ee3b5a3099c2.wasm,"address, address, address, address, address, address, address",ok,"Error(WasmVm, InvalidAction)",no
4cc70fcdf4d884becaea2855f0e09ad8afd976afa630ff838de040da5e8935e4.wasm,"address, address, address, qqx, s0, 292831, 23618","Error(Storage, MissingValue)","Error(Storage, MissingValue)",unknown
4d195be2a39349df1679d06665c3d32f87837efb9d8396f6ccbb08463e180020.wasm,address,ok,"Error(WasmVm, InvalidAction)",no
4d2fe0da6d50c0f6fd85bebacbd44a1dcca43aad1721cb7826cf5407581d21d7.wasm,"address, 381152, address, 3594, address, 348524, address","Error(Contract, #409)","Error(Contract, #409)",unknown
4d3e47757eeb0f854c8e91e9644fb619e379a73cba784c63c6c3370d1f5d9493.wasm,"address, address, address, 24176, 67230, 588613",ok,"Error(WasmVm, InvalidAction)",no
4d62697bca9ff756bb345c3e609d84b168c4a4fc88693d6d12778bb5336a3138.wasm,address,ok,"Error(Contract, #402)",no
4d70f6b16e4fc25fd20b957323431ade83ce14e2bf653a08aef9c9778cc48da6.wasm,"address, address, address",ok,"Error(Contract, #2)",no
4d7638a0453cc8acf0921487dbfe8100acfca674ae55cec8525261180e1260fc.wasm,"address, address, 546098, 38352, address, address, 468036",ok,"Error(Contract, #1)",no
4d919ea5895c7220c1a69c75c95624e5a4dda435526aa85615efebca4dbd3941.wasm,"address, address, 463687, 373908, address, address, 626570",ok,"Error(Contract, #1)",no
4dffc5c9f217b7e36e8070313fb48864f5883f432edc675b58a960b4273e36c5.wasm,address,ok,ok,yes
4e0e4932dd24fcf434236d09434c18a8f8eb8496c6f70397d823452814d3fc9f.wasm,"address, address, address, address, address",ok,"Error(Contract, #1)",no
4e2d2407db69c2c164efba6d4ca28870f3920b31df802b39b79299879b7b87ce.wasm,address,ok,"Error(Contract, #2)",no
4e66a13045bacd218e33503c0a2d0efb3aba120fcad1769fc077afb1e7cad7e1.wasm,"address, address, address, address, address, address",ok,"Error(WasmVm, InvalidAction)",no
4e74c4227bb16287e3ec5e263665f32362fb68fdb7217209b76ec99509d157c9.wasm,"address, {{issuer: address name: }: 916322 {issuer: address name: n4}: 895993 {issuer: address name: r}: 127374}, rbh, , ","Error(WasmVm, InvalidAction)","Error(WasmVm, InvalidAction)",unknown
4e77d43928874d120e8f7cd0cd985eec43534dd037f2bd32e7b847d9f7c98bbe.wasm,"address, void, address, [l t], [address], [666560], [880489 795240], [554031 794739]","Error(Contract, #501)","Error(Contract, #501)",unknown
4e86f27aa2eb3601e2692dd0ca69fde94dccdde2931e49884e8d5c95a15d8d9f.wasm,"address, address, address",ok,"Error(Contract, #1)",no
4eaeffdcff4cd9d9569fb0fb552c1ac678f0fe2c291dae2b33d33395febb7875.wasm,"address, address, 265978, 562135, address, address, 424454",ok,"Error(Contract, #1)",no
4f080d249700b9a30ca2e1bb828ecb29e47357cd36b122c7744593cef30b7a08.wasm,"address, address, bytes[32], [address address address], 528316","Error(Contract, #2001)","Error(Contract, #2001)",unknown
4f381278f79c01ea6d035165d8e8899eba9ed5429d9e1c85e41e15d627ed90ad.wasm,"bytes[32], address, address","Error(WasmVm, InvalidAction)","Error(WasmVm, InvalidAction)",unknown
4f65ea3d017844f92223bdb5a7f9a1199278fbe5da8324483dbfd215c7b273e6.wasm,"address, address, address, {decimals: 18851 id:  is_open_ended: true max_holders: 656920 metadata_uri: n token_name: n3o token_symbol: 1 total_size: 343535}","Error(Contract, #15)","Error(Contract, #15)",unknown
4fba5f018878a4131a0746a2a7545503975e5738c8486b627d21eacbe0145546.wasm,"h, og, [address address], 271253","Error(Contract, #3)","Error(Contract, #3)",unknown
4ff26fcec203061791fba2c0fff056e07387cac280fc0a7faef4e5794050b312.wasm,"address, address",ok,"Error(Contract, #2)",no
500291974b3a223677e260b060d96d4e2e3a97d43117096dd0fa5ae8fe5474eb.wasm,"address, 303179, address","Error(Contract, #100)","Error(Contract, #100)",unknown
5002b29a4c05a5260370d7d761971ce9c071a578ae2ea8de3af36669f9feddd3.wasm,"address, address, 850, 381582, address, address, 979924",ok,"Error(Contract, #1)",no
50456170a5bc40d4c129ada63f6ef4d90e20a1cf38a54eec34b7cc7ed3986048.wasm,address,ok,"Error(Contract, #2)",no
505516f749e39df90d59455912e48e64f2645fc890ea0f574f8f25452e0ce8e0.wasm,"address, address, 988274, 375185, address",ok,"Error(Contract, #1)",no
509b0364c8cf5c1de604dcbbd51f176514446bc9916d6675ef39d48869aca1d5.wasm,address,ok,"Error(Contract, #2)",no
50a4e415a7f2e851604db17e33bae36f6b8165471754c6aeb3778ea9ebe44dd4.wasm,"address, address, address, address","Error(Object, InvalidInput)","Error(Object, InvalidInput)",unknown
50d34b1c5f174dafcd342d4a1282a7f5a9eb3c0b82bbc60386ea48cb6969e437.wasm,"address, address",ok,"Error(WasmVm, InvalidAction)",no
5159daf4d741d7b68e7100a6ba863b2d86132b540c4f97b55d433317ad627659.wasm,"address, bytes[32], [address address address], 602941, 672366, 421887","Error(WasmVm, InvalidAction)","Error(WasmVm, InvalidAction)",unknown
517b834574a4befe3390bbcbed1782984d335b2147ce969ae8b7049c8eb1ec44.wasm,"address, address, address, address, address, address","Error(Contract, #9)","Error(Contract, #9)",unknown
518aea4b541aed2c3eefc5c01456e298f5ceeb76f5c0c2480456778ad586412f.wasm,"bytes[32], bytes[32], {admin: address default_slippage_bps: 136219 fee_recipient: address max_allowed_slippage_bps: 702127 max_allowed_spread_bps: 684641 max_referral_bps: 264327 stake_init_info: {manager: address max_complexity: 240645 min_bond: 150364 min_reward: 629448} swap_fee_bps: 161154 token_init_info: {token_a: address token_b: address}}, address, 426401, x4n, , 894123, 44573","Error(WasmVm, InvalidAction)","Error(WasmVm, InvalidAction)",unknown
520fc09a2fe6f9371bb5634b3f09f7ac1cbfc95a5d7cbc2822e92a4c421c2851.wasm,address,ok,"Error(Contract, #3)",no
523630b74d575eaa82ce50d2ffad67c719e507578f4819ce182cbd113bdb7cc3.wasm,"address, address, 443186",ok,"Error(WasmVm, InvalidAction)",no
524c879277125d6ee6752b54a60ad59d1b348ae257f6aa5d6a1f37f795d77c89.wasm,"address, address",ok,"Error(WasmVm, InvalidAction)",no
524d179cd9d5dba6d6eec897559ffc50e3826a0c5de444918302ff69bbac45a2.wasm,"address, void, void, [ bj], [address address], [615706 901835], [], [547489 412520]","Error(Contract, #501)","Error(Contract, #501)",unknown
525967eab1f50eb92392895b32b443d80fb14edd14b168a05d5ca6d991d032f2.wasm,address,ok,"Error(WasmVm, InvalidAction)",no
52973924d89af00627864ec486b4989f20521287ef80ca60738f3cb5901ca260.wasm,address,ok,"Error(Contract, #1014)",no
52d91175b20df1dd52081cf5cc17da8c01fb45e5f5d10f254e1bec43edf68853.wasm,address,ok,"Error(Contract, #2)",no
5363c6e3c37ef29dbce43bf6ac61c849f5c15f0404478f769a4e37d2b348a2f3.wasm,"address, {address: address decimals: 412865 name:  symbol: s}, 319235",ok,"Error(Contract, #31)",no
53985f16803f047fc075e9b00c763f9ff66551d21922848d7df77db7b746dd3f.wasm,"address, {address: address decimals: 334126 name: 6gs symbol: e}, 754796",ok,ok,yes
53c0c51c9d8245c9f97ec2cabea5454cc7e2e2ae1fe315edf870b96f9a43a592.wasm,"571323, 7go, 6z, address, address, 95172","Error(WasmVm, InvalidAction)","Error(WasmVm, InvalidAction)",unknown
5438f7a9df755d0fac4e85235cb3f00d4e70d6eec45b840737fe2f18453dfa70.wasm,"xo0, address",ok,"Error(Contract, #402)",no
543a5045fea758ea37e4a6ee05ff61d4b97d4113c1b9bad0428238b9a89500c1.wasm,"address, address, address, address, address, address, address",ok,"Error(WasmVm, InvalidAction)",no
545fa98265229964bde51e2a2d3dd6b9ddd942cfc1112ed9a636c4dbaf702d99.wasm,address,ok,"Error(Contract, #1014)",no
54702372e6abfdc84af590e619d72b8bf1c2fc0d0c612eb19c43d9a1ac1f46d4.wasm,"bytes[32], bytes[32], {admin: address default_slippage_bps: 317894 fee_recipient: address max_allowed_slippage_bps: 970454 max_allowed_spread_bps: 805137 max_referral_bps: 635624 stake_init_info: {manager: address max_complexity: 672023 min_bond: 398603 min_reward: 544452} swap_fee_bps: 511000 token_init_info: {token_a: address token_b: address}}, address, 660068, wxu, g, 631937, 732133","Error(WasmVm, InvalidAction)","Error(WasmVm, InvalidAction)",unknown
5476e9ddd17811045889f072c6e212886c0f402104013bb97f431622366c059b.wasm,address,ok,"Error(Contract, #2)",no
5476efd14f2edbaff780565fed0c33612d503daa2fa15efb21fd88ca1389a592.wasm,"address, 769987, be, b",ok,"Error(WasmVm, InvalidAction)",no
54ae3bde3cb3ab3d23fdda4aac7b3e2e08e6899fbaf28642b9764f7d000703b4.wasm,address,ok,"Error(Contract, #2)",no
55008af516d6b91df0230014987b2249b0286859fe7cff345382dc2eb6b147b0.wasm,"address, 35334, , w86","Error(WasmVm, InvalidAction)","Error(WasmVm, InvalidAction)",unknown
552024b2eb69e1db20a71a52407fa975dd737f55372b7a3cfb6ced29669805ff.wasm,"address, address, address, address, address, address",ok,"Error(Contract, #27)",no
5564d0ba556444e5111f878391835b477eae40edf864fae1fa84d940b65efeb3.wasm,"address, 51009",ok,"Error(WasmVm, InvalidAction)",no
55b49798574989734e1173b2e62ace150d30f9787ebcbbe3224edc95a2dfaf55.wasm,"address, [{address: address paused: false protocol_id: v} {address: address paused: true protocol_id: } {address: address paused: false protocol_id: ex9}]",ok,"Error(Contract, #602)",no
55b7983a932207d4fe9a134b93fdeddfa59da3b05fe19d988874972eebeba38b.wasm,"tf6, address",ok,"Error(Contract, #402)",no
55d32eba6a003a19c8b976a1b64ffa1a69a3cea821904f290a473221af101c34.wasm,"address, address, address",ok,"Error(Contract, #1)",no
55ddf707650bbdb6c08448972866d2b508965d671c396e284c66a524d5bc0334.wasm,"address, [Stellar address], 870310, 491402",ok,"Error(WasmVm, InvalidAction)",no
55efc170d32f5c0b5d326173cab6425c9cf011f99b48506411ff9aae3913c318.wasm,"address, address, 880351",ok,"Error(Contract, #2)",no
55f2d22fd4dc238a4d3935c8d14f7f77f585b3713fdead02b931d3bbe7c1471c.wasm,"n1, tj, [address address], 35147","Error(Contract, #3)","Error(Contract, #3)",unknown
562478666d043563da4ddd84b25613a974923136eb42cd281b129b7dd01dd609.wasm,"[address address], [], [FixedSeniorYield]","Error(WasmVm, InvalidAction)","Error(WasmVm, InvalidAction)",unknown
565bf705b56cf0e6790b7734c26ced74631ce24c19e4e2f416644ebf45e744cd.wasm,"address, address, address, address, 53790, 710489",ok,ok,yes
5666c90818e5ad5f59c700f70212ff9fef512a6e5ba06330f97172bcf62915df.wasm,"address, address, address, address, 30190","Error(Contract, #9)","Error(Contract, #9)",unknown
566a9cdc5f6632efd61226765fad47e2d63cd2fb96574e96c8eedc49f1e3db15.wasm,address,ok,ok,yes
5715fbed22165e548f54fc3b1285d9d010a5fdc130cd1b619c0d336376bd2f46.wasm,address,ok,ok,yes
573b185ed8851efb48590b55b6f2bd97bd64f1890f1b8bbf20a6cf32951f4066.wasm,"{admin_fee: 717947 fee_receiver: address funds_receiver: address id: wse min_investment: 757854 name: b originator_wallet: address sbrl_token: address symbol: ta}, {admin: address operator: address}","Error(WasmVm, InvalidAction)","Error(WasmVm, InvalidAction)",unknown
5751fa12b4e51d689cee32207961f6b26cb84b51273a5de108db4e893eb21b55.wasm,"address, {address: address decimals: 42931 name: vn2 symbol: 18e}, 174270",ok,"Error(Contract, #31)",no
579fc1235e3a3d5db5726ab6cb4a5d2f64c90702a404309265b4bdef9a06b663.wasm,address,ok,"Error(Contract, #2)",no
57ab5aaf06f3fa0647ef1dd293a595588f1e5d5c091b92cedd9752d0a9483502.wasm,address,ok,"Error(Contract, #101)",no
57b9f8e3f6f3ca6def429b70572b0b27db49286f605e41feced78d3b2c26427b.wasm,"address, address, 273210",ok,"Error(Contract, #1)",no
57c7a9d243c54f1bcb65d7fb0c83b1b339b25e6f33832f04c71f8b8972400333.wasm,"address, address, address, address, address",ok,"Error(Contract, #1)",no
57cfc2d4f5990f593f9543206798aa004947dda908f07e5a4cf4f447fcc9ab14.wasm,"119003, 553466, 755321, 683331, address","Error(WasmVm, InvalidAction)","Error(WasmVm, InvalidAction)",unknown
57fafc640bd221d5fa43621db9b6cfbaeea6996902df84b0b597d20c7cfe0d1e.wasm,address,ok,"Error(Contract, #2)",no
581a6401e17ec217988954ef107b58ef09c3e6e9b3141712c2f33394191cc6dc.wasm,"address, bytes[32], address, address, j, true, address, 940146, 373671, 101010","Error(WasmVm, InvalidAction)","Error(WasmVm, InvalidAction)",unknown
582a5b626075d0a8a4a031721e0af8383a7a62640d3183dbb699f4f14120e0b8.wasm,"address, address, d, address, jeq, , 255827","Error(Object, InvalidInput)","Error(Object, InvalidInput)",unknown
583db66d58f32cd59925ca731ccef2f78143d3a744ae8d4c6f63ee8b16e91950.wasm,"address, address, address, address, address, address",ok,"Error(Contract, #9)",no
585ee96a14a871f2ed06085dcc1de69663a64b58a0700c3a1cd116aee84eaf32.wasm,"address, address, 333632, 215336",ok,"Error(Contract, #15)",no
58ca04ba61cdd5b393228ff135de8976c8f2c0841e7dd8e3ec21b8383d652c3e.wasm,"address, address, address, address, address, address, address, false",ok,"Error(Contract, #2)",no
58cd38e9b35df999b37877358faef5587db6d1e2eaf2d71e5f65bcacdf0c7f43.wasm,address,ok,ok,yes
58efcad74b3c8a190ebc6c3e18daa0b7ee2a268bd2331fd2a4c954fbe52951cd.wasm,"address, address, 976615","Error(WasmVm, InvalidAction)","Error(WasmVm, InvalidAction)",unknown
58f7a2be128724e708d67b9d05eab416f69b42eff53f5346ac96d34c75af0386.wasm,"n5w, , address, address","Error(Object, InvalidInput)","Error(Object, InvalidInput)",unknown
591687ef484574f148f99380dcc39ccc41c217ae2fe80f67877fd24d43d60953.wasm,"address, address",ok,"Error(Contract, #410)",no
59323fdd0bcc2b41d2a0f962b5f2e10cf8a69784fa0e4d1784639630e66c9ff7.wasm,"address, bytes[32]",ok,"Error(Contract, #1)",no
596ace8b855436478512821a2e0ecb02973b1bad0a4057dc541fd0ca4d7cf037.wasm,"address, 494090, 8, ","Error(Contract, #605)","Error(Contract, #605)",unknown
59abe7b0ec5fcc8284a82e7c36662828379f3a1777995d5222ce811328b25864.wasm,"address, 441078, dpl, b","Error(WasmVm, InvalidAction)","Error(WasmVm, InvalidAction)",unknown
59f947219edeae772f46b7371151a4d07e6d09228bdc506b1913d054d9945df5.wasm,"address, bytes[32], bytes[32], bytes[32], bytes[32], 142772, address, address",ok,"Error(WasmVm, InvalidAction)",no
5a0b997df68146ed258c2d781aff3a6579cf97f8c0e7341895e5df425b28aeb8.wasm,address,ok,"Error(Contract, #3)",no
5a18396ce92fcd207d47f3efca7e17531a6801c45f8cfcd9fa1fb7bb85ea8a86.wasm,address,ok,ok,yes
5a3df1604de0ae75d29efd1e4057c827fa8813944f7ecc9b8a603e8d14ba502d.wasm,address,ok,ok,yes
5a7cd921c7a54bfe4392ccf5013adab4008296c30971b94ea58815227fb1ef0e.wasm,"address, address, 438132, 910756, address, address, 666065",ok,"Error(Contract, #1)",no
5a8560c0ea21f927a240b78f0b11504301523199429c045ebcc4d1184c611e99.wasm,address,ok,"Error(Contract, #3)",no
5a8d40377631e00cf68049d0492bbc19ef9807e26106651f3a7a4efc79fdfd5f.wasm,"address, {apy_alpha: 751292 burn_receive_percentage: 808516 burnable_percentage: 662999 dogstar_fee_percentage: 10194 haw_ai_percentage: 134621 oracle_contract_id: address power_action_fee: 412976 power_to_usdc_rate: 573445 stake_interest_percentages: [207132] stake_periods: [] terry_per_deck: 689556 terry_per_fight: 273752 terry_per_lending: 507951 terry_per_power: 294417 terry_per_stake: 324630 withdrawable_percentage: 276751 xtar_token: address}",ok,"Error(WasmVm, InvalidAction)",no
5ade24722844ae77d2266f1f3b21fc5ea71ca256149c1ee185d2e8eed6db56c7.wasm,"address, address, address, address, address, {downvote_ice_token: address govern_ice_token: address ice_token: address upvote_ice_token: address}, address, 2343",ok,"Error(Contract, #2)",no
5b22c9441926f69988739aa9b398321ce74e2f5efba5001434433d6d8f17d36e.wasm,"address, address, address, address, address",ok,"Error(Contract, #1)",no
5b40f7361366d795bb8b91dda623741bab310c018230a10361d2004b8b64b525.wasm,address,ok,ok,yes
5b4d43fbfc709ab0344cacb007fe3e78e7abd51767f3b7b5c53f86eabbef6518.wasm,"address, bytes[32], [address], 279929, 599620, 9468","Error(WasmVm, InvalidAction)","Error(WasmVm, InvalidAction)",unknown
5b57b11e8bb90eb4870a887cd4b272094e60221d83fd2c38a29dc8749d38f533.wasm,"address, address, , 7s9",ok,"Error(Contract, #1)",no
5b5ca5485729fdd7bf542f34e805f6e1ffb7fae443d9398dff4a7967ff72fbfa.wasm,"address, address, address, 53325, 678398",ok,"Error(Contract, #2)",no
5cd3db1eca19b2829b1b5fa2e25916062d34a4c9dabc5211618816b60c5cd8e1.wasm,"address, address, address, address, address, []",ok,"Error(WasmVm, InvalidAction)",no
5d34e7d64a95c4c9d23140de8459581345858edfa1045b3157ae6241034dedeb.wasm,"address, 620229, a3, ","Error(WasmVm, InvalidAction)","Error(WasmVm, InvalidAction)",unknown
5d69995a76fcd345f216195906a041617c603d39d735ce6117405b84cb5ddac0.wasm,"address, address, address",ok,"Error(Contract, #1)",no
5d9afb4e7c44a1cd0f5d232012c9109b917ab005ff34a5299cc7c76e8c08a851.wasm,"address, address, address, address, 475429","Error(Contract, #2)","Error(Contract, #2)",unknown
5db738b05d9148128a240b0e2c1cb935c2805192bf98a579421aacda364c8dae.wasm,"address, bytes[32]",ok,"Error(Contract, #204)",no
5dde0115b085976a1b45c4366c7b0f90364e0289c5119ce84d4fdcdadf703943.wasm,"address, address, address, address, address, bytes[32], address",ok,"Error(WasmVm, InvalidAction)",no
5df0a59c957c2fca54b672c7be2613886d88d560e3ad475e0634bac45edb9129.wasm,"address, bytes[32], address",ok,"Error(Contract, #1)",no
5e0bff5a29e2473b5289fe96aeb59b48ac335e5e87c46632b53be1f662447d2c.wasm,"address, [{paused: true protocol_id: 1 router: address} {paused: false protocol_id: 1 router: address} {paused: true protocol_id: 2 router: address}]",ok,"Error(Contract, #502)",no
5e23820ef39d9eeb42b5e7f0833b0303a9a4b11b55e43b05584355e173c411fa.wasm,"bytes[32], address, address, 42316, 56769, 983734, address, 698568, 070","Error(Storage, MissingValue)","Error(Storage, MissingValue)",unknown
5ecedfd009f076eb26e32cebed132f43fcdaef1c1afc873759a0e13f7e4f918e.wasm,address,ok,"Error(WasmVm, InvalidAction)",no
5f282727241236895dcb33542ca855badf0b5c7027b05ad9a3f19bf28e185afd.wasm,"address, address, {icon_governance:  upgrade_authority: address xcall: address}, [43], []",ok,"Error(Contract, #3)",no
5fb4102e0e08593eb91c7c6139efb0bdbc8302ab3012f253d06c39168773bae8.wasm,"address, address, 316646","Error(Contract, #12)","Error(Contract, #12)",unknown
5fc4441a1f114f0d2e52578bafd95f56f2f2b67751cc08961a690b80e6fd61f9.wasm,"address, address, address, address","Error(Object, InvalidInput)","Error(Object, InvalidInput)",unknown
5fd9b2dff5d1273980f75c1dad48aff77ad95eff3d7278994bfb59803fdbad04.wasm,address,ok,"Error(Contract, #3)",no
60332ba12801eda65874e9afdbfdf8d114f56011fe7d1f902103cd7767c547d4.wasm,"address, address",ok,"Error(Contract, #1)",no
603cf5fcd9a116855e530bab77877b0e6fbd48f767824908f8eed7b3491bee47.wasm,"address, address",ok,"Error(Contract, #2)",no
606b6c95ae37aa0d0dc763d67f3073e1ee58371222715ab6e3c55fd62af61659.wasm,"address, 520765",ok,ok,yes
6086307a98dfe02cf67874c8bdfa5fcdcb3354ecad2cf23eca0add65bb4ff9ca.wasm,,ok,"Error(Contract, #2)",no
60e5a17111ae7f33b3c626e0f9e1cdf0b609e0e8bd77e8bcf3578a6ebcbd6543.wasm,"address, bytes[32], [address address], 843810","Error(WasmVm, InvalidAction)","Error(WasmVm, InvalidAction)",unknown
60eb6b4b9159841d074b81d8555c20a94db4c0473ef405eee116f2f072f88416.wasm,"address, address, address, address, address, [address address address]",ok,"Error(WasmVm, InvalidAction)",no
61079ef75168714c8472d492313197c7b8f8375832f060c0e186d140b13c5c6b.wasm,"address, address, 667927, 76055, {alpha: 174443 initial_rate: 725646 max_rate: 801630 scaling_coeff: 131372}","Error(Contract, #401)","Error(Contract, #401)",unknown
6157296d6d43c9a66d1be3d9c20439a1aa98a34ba9cd9e62177709aecd79a56e.wasm,"address, address, address",ok,"Error(Contract, #1)",no
617e436d99269ef361e2dbcce398a4fffc6b170a5d110ef84fbd99716504239b.wasm,"address, [address address address address [address address] address], address, bytes[32], [], [647331 210587]","Error(Contract, #2001)","Error(Contract, #2001)",unknown
61a8c28007732dc52bbbb2c8aa3b880c839594ad45ab85de1fab671bbcae9b0e.wasm,address,ok,"Error(Contract, #3)",no
61dcbacf1b941740ae2f332ba25f9d6c924092f47ece5302e0ec518d1f322ed4.wasm,"address, address",ok,"Error(Contract, #103)",no
61fcaa95e0aee0d9b0c0cc4c1247e1088cb961f3f557fcdf7ab3f7abe97ad43b.wasm,"address, address",ok,"Error(WasmVm, InvalidAction)",no
6203d68fa729d303b69113e8d95d2ece3c0aeebe8f6eb2542500afc0efbd838a.wasm,"address, address, jk, rq","Error(Object, InvalidInput)","Error(Object, InvalidInput)",unknown
622739940e49192c25287ae4a4a54b95bf595d51b3fc46184772b978b77ae33d.wasm,"address, address, address, address, address, []",ok,"Error(WasmVm, InvalidAction)",no
62390cd3fba43a2ee0cf349da3e186b59e8e5338c71d57114256e184e418ca45.wasm,address,ok,"Error(WasmVm, InvalidAction)",no
62725bc1eca1a53f9120caff6590a6f354ea7d7fe7bb0877318111085eefd982.wasm,address,ok,"Error(Contract, #2)",no
6273b6eee1ca533dc40ed557e90dd81825d15ed0a79317bceea79940ade0acaa.wasm,"address, address, address, address, 557606","Error(Object, InvalidInput)","Error(Object, InvalidInput)",unknown
62b298663e3e1a906ff35d7647095de3129c689f60bcd651d1a3fa64d70e63d8.wasm,"address, address, {icon_governance: ktw upgrade_authority: address xcall: address}, [g m i97], []",ok,"Error(Contract, #3)",no
62f61b32fff99f7eec052a8e573c367759f161c481a5caf0e76a10ae4617c3b4.wasm,"address, address, address, address, address, []","Error(Object, InvalidInput)","Error(Object, InvalidInput)",unknown
630bc19134e656667f059971536ad90e43b2499804aeab8aec5c7c5690614e83.wasm,"address, address",ok,"Error(WasmVm, InvalidAction)",no
630d8880b70b7811ee756fe6a3212022e970b0d18fdef370c516ffe98d30b4aa.wasm,"address, address, address","Error(Contract, #1)","Error(Contract, #1)",unknown
637df77d12c8e666032990e94158ccf133369fc1f04569a87d252622e1accf33.wasm,"address, address, address, address, address",ok,"Error(Contract, #2)",no
63a0f2a7d1b44b029cbfffffdedaf5d0466f7666f5e122eadc20d902c2f1a0f8.wasm,"address, [address address address address [address address address] address], address, bytes[32], [address], 578573, [347044 569875]","Error(Contract, #2003)","Error(Contract, #2003)",unknown
63d95c0dd0c042c283a09013cec8e36a0731fe75a97165c98954928122bd11a8.wasm,"address, address, address, address, address, {downvote_ice_token: address govern_ice_token: address ice_token: address upvote_ice_token: address}, address, 283256",ok,"Error(Contract, #2)",no
64ef0bc6962f06546c0e00a11877c869d78c08043f79d50ee2c09cb1b837c477.wasm,"address, [address address address address [address address address]], address, bytes[32], [], 113161, 320004","Error(Contract, #2003)","Error(Contract, #2003)",unknown
651d94293fba14b5534fad59d7d30dec4f8abff50489dbf418b21e03e5b7fdc6.wasm,address,ok,"Error(Contract, #402)",no
653ec64cecdcb96308de4b8e2367606ca43c30529312f0e7a2e6fa95d0478d60.wasm,"address, 325123, am4, c","Error(WasmVm, InvalidAction)","Error(WasmVm, InvalidAction)",unknown
66941a8ceb262cf8e8227e573dfd80486820abf2a89423b7fc06c10be4ec723e.wasm,"address, 111979, fta, 3zl","Error(Contract, #605)","Error(Contract, #605)",unknown
66b3c51dc6e3c4250e6e5e45cf2bef463df6895f4deffe99f3a6eb52d8cad964.wasm,"address, address, address, address, address, {downvote_ice_token: address govern_ice_token: address ice_token: address upvote_ice_token: address}, address, 316501",ok,"Error(Contract, #2)",no
66d27fbdd4477eecd2a8d60752b19e3c78056e4216afcf4ba9446243941b75a8.wasm,"address, address, address, address, address, address",ok,"Error(Contract, #9)",no
66e25b075aac163445934c3d197965d4ad3ad332ae934108173a0ee83baf25a2.wasm,"address, address, address, address, address, address",ok,"Error(WasmVm, InvalidAction)",no
66ee47c4c9d92d4e92eebc1971fb635d769dd8812744e2b651ef48c3f8bcaecd.wasm,"address, address",ok,"Error(WasmVm, InvalidAction)",no
67198f14bac70b8ceaefa761b7b811a16e4615e98cfdd40d5776519b7ba8da0e.wasm,"address, {alpha_g1: bytes[64] beta_g2: bytes[128] delta_g2: bytes[128] gamma_g2: bytes[128] ic: [bytes[64] bytes[64]]}",ok,"Error(Contract, #4)",no
67338d2e0e987936a5b718a3fabf40dec74c9334cd9982528503d486510d90be.wasm,"address, address, 915626, 69372, address, address, 16085",ok,"Error(Contract, #1)",no
6737c2d687a21643495d20f84fbcd10e76ca08c92d4c2e494c24829456abb837.wasm,address,ok,"Error(WasmVm, InvalidAction)",no
6762274af104a393279fec043126682779654c23d35314b59f1508b55f080da1.wasm,"address, , ",ok,"Error(WasmVm, InvalidAction)",no
676b4c9260b694aaf448639f581de3bd4dc71b4553d03fc457b63fbc9a9d55fb.wasm,"address, address, 942923, address, 698763",ok,"Error(Contract, #2)",no
67a5d3f216b4ad95bbe63514935a2346b0e3db69cc8ae02cfe81f5ab21b0bb84.wasm,"address, r8a, , address, 623423, , 953806",ok,"Error(WasmVm, InvalidAction)",no
67a5f23155040d633384e146e5f59ac10b9e68a6ff46cec983e4b05a9e027c77.wasm,"address, address, address",ok,"Error(Contract, #27)",no
67d066d9daf1fa6e33191548a61068d1e20f5427482ae923d4a7c8b0d51efaf2.wasm,"address, address, 168646, false, address",ok,ok,yes
67f18d2e5acbc1d316fd16698a887cb732386c6a8d606638fda3f840759f4823.wasm,address,ok,"Error(Contract, #2)",no
684580d7c3c2f2f7e2d85072ad695be32787570be0e3aaccee9f19c8b1756c48.wasm,"address, address",ok,"Error(Contract, #4)",no
6852adf6f78315fa368c77f260d4943d3f0ae7032f63267426639d499bc5a39f.wasm,"address, 999784",ok,ok,yes
68751cc711c68f2f41ae3690d8975107e758f8ab0fec63780e0bf60a5ab9ee06.wasm,"address, address, address, address, address",ok,"Error(WasmVm, InvalidAction)",no
6879e50db141f6a2b281375e871869dcff02c935f32da13330aa2ed7738b1f19.wasm,"address, address",ok,"Error(Contract, #8)",no
687c1c4ff91e363c65343b0ba748179ac24e1d62ca77e8813476cb70aaa3458d.wasm,"address, address, address, address, address",ok,"Error(Contract, #1)",no
6890f00ee44367eb94f390c7d93ea5c92825313e3716784a9dc26b86b2d45188.wasm,"address, address, address, address",ok,"Error(Contract, #1)",no
68ee3f8fd6c153ba96fc6fdd0fbcab80fd16d301c231928307acc51903885fc3.wasm,"address, 574941, t, soi","Error(WasmVm, InvalidAction)","Error(WasmVm, InvalidAction)",unknown
68fa8f09c7b16b08d043f7e4fb1edffb47fe0aaffcb37c3cbc8b86d1be4fd515.wasm,"address, address, 963420",ok,"Error(Contract, #1)",no
693c54a3acb11cd87fd707805c9ef5ef967c874441b2431ab7fce60a6b7677b0.wasm,[{address: address index: 378770 share: 401974} {address: address index: 510514 share: 225752} {address: address index: 246131 share: 408972}],ok,"Error(Contract, #402)",no
695da0050d5481fe1a1dc0edc94792223b4a152b80f8a1e360ec05a773c06196.wasm,"address, address, address, 81649, address, address",ok,"Error(Contract, #5)",no
697ae975fc32a2f25092b0979a3fff887a631a114044bcc90085b7f9c632076f.wasm,"address, address, 539999, 784470",ok,"Error(Contract, #13)",no
69da8179d8caa50bda8b51c3698e502bf65f03b080c550454159b448b853cfa9.wasm,"address, address, address, address","Error(Object, InvalidInput)","Error(Object, InvalidInput)",unknown
6a2feb8065c1858db5e767139f71b75cf5f6ae1c157141377411e02f2a98ff6c.wasm,{admin: address collection_data: {fee: 143059 fee_asset: address wasm_hash: bytes[32]} open_edition_data: {fee: 418910 fee_asset: address wasm_hash: bytes[32]} platform_share: 93310 safe_transfer_contract: address vending_data: {fee: 25776 fee_asset: address wasm_hash: bytes[32]} whitelist_data: {fee: 229249 fee_asset: address wasm_hash: bytes[32]}},ok,"Error(Contract, #1)",no
6a433cd05fd11dabb3e712efbbc1fd017791b1507d7c9e9b5c6cc96a4b9492ea.wasm,address,ok,"Error(WasmVm, InvalidAction)",no
6a4e054cac529c7049803bf751394a06fe9b60e13e9031dff454c56eefe307a6.wasm,"address, address, address","Error(Contract, #2)","Error(Contract, #2)",unknown
6ac2f94e19146bedb76c356ccd5af6450f1073891e5915457076836b8f887cca.wasm,"address, address, address, address, address, address",ok,"Error(WasmVm, InvalidAction)",no
6ad1439a0e8a63f2054dba8caf49209285a264495df5ef501b22c618b220d470.wasm,"address, address",ok,"Error(WasmVm, InvalidAction)",no
6add8b6ae6d23f23de1b40a6ca52d7dd572f2b2ddee46e029ed8713c528389d3.wasm,{accountant: address admin: address asset_manager: address config_cooldown_secs: void deposit_fee_bps: 959390 deposit_whitelist_enabled: void downside_cap_bps: 667834 emergency_withdrawal_cooldown: void fee_change_cooldown_secs: void guardian: void initial_price: void management_fee_bps_per_year: 119119 manager: address max_deviation_bps: void max_price_staleness_secs: void max_shares_per_user: 664411 max_total_idle: 874875 max_total_shares: void min_shares_to_mint: 587225 name: 8et oracle: address price_acceptance_cooldown_secs: void price_update_cooldown_secs: void processor: address role_change_cooldown_secs: 846126 share_decimals: 917718 swap_fee_bps: 84475 symbol: em system_penalty_bps: 861736 underlying_mint: address upgrader: void withdraw_fee_bps: 704114 withdrawal_ttl_secs: void withdrawal_whitelist_enabled: false},"Error(Contract, #40)","Error(Contract, #40)",unknown
6b1e7b98bd136e5482654d14e365ce633573ef9c3e83e8f67b006cbf7645ff1c.wasm,address,ok,"Error(WasmVm, InvalidAction)",no
6b35ee2504b4781dd8eefab0920968485fcffabeb02b768d9eb6da3c2821f215.wasm,address,ok,ok,yes
6b486eb3a11fb9852821e82eb01b894121bf3fcd534d41b3f76f73ab17246324.wasm,address,"Error(WasmVm, InvalidAction)","Error(WasmVm, InvalidAction)",unknown
6b6c191902bc48bbe4b4611ff87c9906c2ff15630fa2c32f8497833da2b86783.wasm,"address, 546557, 533614, 865680, 728301",ok,"Error(Contract, #27)",no
6b870017bca9322c8121ff0ac65f7175f7b18ff0f0a702902ebb938ab1ea12f8.wasm,"address, address, address, address, address, address","Error(Contract, #9)","Error(Contract, #9)",unknown
6b9ef0f570e482869fc5b42bad0e045a20c0c813bdd9e2fd25849dcf62919535.wasm,"address, 900781",ok,ok,yes
6ba93bf4a5b385b6d0846e2679a53b6627c678492165b006afcae06cd57b8820.wasm,"address, address, address, address, address, bytes[32]",ok,"Error(WasmVm, InvalidAction)",no
6bb812ad7afd52c363fafdc05fb7d4c996051113037261341702e9e737e29b4d.wasm,{content_type: 0 content_url:  created_at: 873020 creator: address deadline: 915700 metric: 2 min_bet: 859148 oracle: address platform_fee_bps: 103209 resolution_deadline: 808955 threshold: 88006 token: address},"Error(Contract, #13)","Error(Contract, #13)",unknown
6bcd873c62564c2872dc60e833fb90b49882e76a4e31161b6314744b81c6d3de.wasm,"address, [address address], 446731, 712290, 140744, 489595","Error(Object, InvalidInput)","Error(Object, InvalidInput)",unknown
6beba0da35a8458b5d0b819f5db98d3aed2a1489e2ec9ea0441c3ed565ca665f.wasm,address,ok,"Error(Contract, #2)",no
6c080f2f541bd4117f7480f20ad0ffc94abac1bc6fbf05bbb3e1c7eef9cce77e.wasm,"address, 833941, , vd","Error(Contract, #605)","Error(Contract, #605)",unknown
6c23f6ffb33a207b54043a9b255313be228702dea4b82a76b57d292272f335cf.wasm,"address, address, address",ok,"Error(Contract, #12)",no
6c3436c781e84d1f50221c50d8344e3710c446fd74515aeef0fad1a3193eb9bc.wasm,"address, 476738, bytes[3], address, address",ok,"Error(Contract, #41)",no
6c3707e9ff8a9ad0ecf595aeebb531b97c1d53351b82a694186707dde1f1d0c8.wasm,"address, address, address, address, address, address, address",ok,"Error(WasmVm, InvalidAction)",no
6c47b86b587e898b527c93c75bfb13956a3a791b321ec98de6a781951fc175b3.wasm,"address, address",ok,"Error(Contract, #1)",no
6c49b117008fc835a24fe932c85228c63ca6f5c2fd4511d728a164a913067d21.wasm,address,ok,ok,yes
6c591b8fe50ac60c2959f0ede4c3e430c74aa297abc69234d6383076712d4f7d.wasm,"address, address",ok,ok,yes
6c6224428fdbfd6194d861f5948298183630985eb9dac67646b7bf63b8f793fb.wasm,"address, address",ok,"Error(Contract, #1)",no
6c78a6b1ced100fdab17b249808b371b2c2ba49d2bd25843a2e9b51b80379658.wasm,"address, 3105, address, 666980, address, 687338, address","Error(Contract, #409)","Error(Contract, #409)",unknown
6c83fa459352917c32ba2877a4f2e9c887ff866ec10b4a68c968d0aefd5dc8b3.wasm,"address, address",ok,"Error(WasmVm, InvalidAction)",no
6ca534f4b6fa978460b9259d3c5b3168b92315bfee7cc38d799d8cdb88910701.wasm,address,ok,"Error(Contract, #3)",no
6d6567610a6e51124707b379b7dbe14f2a60fb81669321272a203140dc4674ec.wasm,"address, address, address",ok,"Error(Contract, #2)",no
6dba0f1f8be9035fe448ac415b3b5ec2c86a0c969c271d09c0afd328249a0529.wasm,"address, qsi, 058",ok,"Error(WasmVm, InvalidAction)",no
6e00a774d7ad80e70d4243049c23be3a8f7159dcb2a1da540140c0fee9fa6fa1.wasm,"address, address, address",ok,"Error(Contract, #2)",no
6e2d8d51b66b6ec7d136dca948d8fc0c550eb18a7d6b4d10be8e2cad2e93ee67.wasm,address,ok,ok,yes
6e370b607e3ce105ae9280aa5d4953c9a08c9ef29e22d59bc6dcc58d719dce63.wasm,"address, address, address, address, address, {downvote_ice_token: address govern_ice_token: address ice_token: address upvote_ice_token: address}, address, 325246",ok,"Error(Contract, #2)",no
6e3ed4df39ddd1c4992dcb71a5ce7c65a166ef6477b839108384a5124402c171.wasm,"address, address",ok,"Error(WasmVm, InvalidAction)",no
6e9897a0d084a6b0fb13bc719263ad808718b4417c12b6b314c1536297a46f71.wasm,"s, address",ok,"Error(Contract, #402)",no
6edb49620c7bb90745dac6645f17f2adb6b03ab00359897d8bcb93da58980479.wasm,"address, 712121, address",ok,"Error(Contract, #7)",no
6f1e0e6673fa7e200ba67e2aedb0776eae831d87a4d926ea34dbfb9cd472d2d2.wasm,"address, w7","Error(Object, InvalidInput)","Error(Object, InvalidInput)",unknown
6f6514d775b00c37af674b80e9c8f54505c631f10366a95c5a2c33c43517080c.wasm,"address, address, address, address, address, address","Error(Contract, #9)","Error(Contract, #9)",unknown
6f90cb9a0ee81cff03ef4aec7dbbea75eb065e79e6718d9ec27830459531e396.wasm,"address, address, address",ok,ok,yes
6f9bcebefe68ff5ad6a25c45eae9cf26f0f160887c4dc04887c3c9b31ce5f86a.wasm,"address, address, address, 505439, 933955, 180147, [545317 544849]",ok,"Error(Contract, #103)",no
6f9ffff186d9a15c293a08355dd576d9ad3198aa8f0f2c8bbbeaf3e522882c30.wasm,"address, address",ok,"Error(Contract, #2)",no
6fd2e807c8b3c046420813b263f6476b35760908bcd656f5ee22c563d86000ba.wasm,"891650, 950134, address, 915615, 77833, address, address, l, pi, address","Error(Object, InvalidInput)","Error(Object, InvalidInput)",unknown
6ffe4269e914944be872263d34cfde5b48b405673e569cd15407b7e7f25ffad9.wasm,"830861, 393154, address",ok,"Error(WasmVm, InvalidAction)",no
701026cce8d7f6fed4166eefc934be7dc104ed5a4c6d063064e68d3ef6ea93a2.wasm,"address, address, 519303",ok,"Error(Contract, #1)",no
7033b8d936f3ba50cf294bb3388afffd18a404201c972e404d14dcf789636123.wasm,"address, address, w8, d","Error(Object, InvalidInput)","Error(Object, InvalidInput)",unknown
70476567ae54585647c305036b2a8e375fff492ad06e38c3687d0cbbed136433.wasm,"address, address, address",ok,"Error(Contract, #1)",no
7086ee641b3e5ffc0259d95eb560f0c540dbeb13ea05892eb2af6f0236785ebf.wasm,"address, address, address",ok,"Error(WasmVm, InvalidAction)",no
708cc40d6e46fc5134a76b914220b4694bee8f13e0b8b2cccd7aaadea19b457c.wasm,"address, 886827, 9c, jtk","Error(WasmVm, InvalidAction)","Error(WasmVm, InvalidAction)",unknown
711d045cec39bfd1e697ec9170f46213d59703e8fb241333f1eac41c20f22d64.wasm,"address, 744785, address, 743141",ok,"Error(Contract, #8)",no
713a288d91e84897d48a42bfc56aa67874c2b91a18470136bb7064808e660d88.wasm,"address, address",ok,"Error(Contract, #2)",no
717d58eea5f3c7c81f9d11b47a329fb958472e78fb52d549fd8ae30497eeaa34.wasm,"address, y, o",ok,"Error(Contract, #1)",no
717ee2cce34c980317646c6631933e508ed93ac43f28878ee41b23a9b48df028.wasm,"address, address",ok,"Error(Contract, #2)",no
7187ca902c58f14fea132ddf77316aa62924b1680d450930b15ea4e33f0a57ba.wasm,address,ok,ok,yes
718cdb86a1fc7371720032795f849a28223478e08e5405896aaa63d59ce0eacf.wasm,{admin: address base_token_uri: ut collection: address minted_total: 960770 num_tokens: 101492 payment_address: address platform_fee: {payment_address: address share: 961990} safe_transfer_contract: address stages: [{access: [Whitelist address] asset: address duration: 960323 max_per_wallet: 416093 price: 648752 title: }] start_time: 584927},"Error(Contract, #2)","Error(Contract, #2)",unknown
71dce837c7f53131d16c744a78705bb5794bfe13da2954f8e8cb41ee8526a77b.wasm,address,ok,"Error(Contract, #2)",no
721badb85470a81d9d0a1c72dd0debb37f5f268419d4b94d125e546cc32d350e.wasm,"address, bytes[32], bytes[32], bytes[32], bytes[32], bytes[32], [address address], 590648","Error(Storage, MissingValue)","Error(Storage, MissingValue)",unknown
727192d1a0dd42342cd1aa7a2f8832688a578d28a8d486c01b715d7a48a76008.wasm,,"skipped: cannot register: Error(Context, InvalidAction)",,
7273bcec1841fc67bdb486aac92d76ca8d0f339b4d916b5e1c7a818d5ee9bc41.wasm,"address, 576954, , exo","Error(WasmVm, InvalidAction)","Error(WasmVm, InvalidAction)",unknown
728deb80a6064c035edb7c30b3acc990915208d39c0603570077a39fb9985fff.wasm,address,ok,"Error(WasmVm, InvalidAction)",no
72acff3c98c3670a06bd20c7a6f04b6676e1e12a06dad46d7e588ab55c3765c4.wasm,"a, fx, 210701",ok,ok,yes
72bc9922dfcd0cc4fb825bf7f6e28358a33b8cc743586717b8687923f816670d.wasm,address,ok,"Error(WasmVm, InvalidAction)",no
72bd2987e304a02d6ac9f0aba414a71a99849e2e5eebbee6458e894fa6544488.wasm,"address, address, address","Error(Contract, #1)","Error(Contract, #1)",unknown
72c7c2c8d832324060d14e02ec50a942a40e669a39429c351b04b8eab52a38b9.wasm,"address, 292331",ok,"Error(WasmVm, InvalidAction)",no
730cc0b884e5f04525f2d90f484fdd4bb1535f0ffd54fa6540fa7b2aa062c02b.wasm,address,ok,"Error(Contract, #2)",no
7360813fbb625d0a1566053dc9deb8c3bbdfc1272b5e46ac1f129aef0215e0cf.wasm,"address, 135969, address",ok,"Error(WasmVm, InvalidAction)",no
73cb2ed6ab42eaf7d57304adee75962623084269d9daa6c15cf322b5489d6788.wasm,"address, address, address, address, address, address","Error(Contract, #9)","Error(Contract, #9)",unknown
73e376524114583300199a27c5c79bbfc287d878967aa1c73033605ece31ad77.wasm,address,ok,"Error(Contract, #4)",no
73e5ab1f971e5effb5b25989dd986b1ce5b1691f6d0aa3996b803754a7f23826.wasm,address,ok,ok,yes
7469dc27e3eabe2506ff51b49a9e430995270fa2a9d28723d9939a8be124b0ec.wasm,address,ok,"Error(Contract, #2)",no
756d8a64cbeb7b1c9b4ac80ca1bbe8b1300835200b748bcadcd85fcbfbae6e41.wasm,"{admin: address asset: address compliance: address max_total_assets: 378581 rate: 240279 token_name:  token_symbol:  token_wasm_hash: bytes[32]}, {init_accounts: [address] init_mint_amounts: [232376 61356] last_time_accrued: 420225 total_assets: 416203 total_borrowed_assets: 337348 use_data: false}","Error(WasmVm, InvalidAction)","Error(WasmVm, InvalidAction)",unknown
75a5aa8387bbdb27090bd376b6d288484c54dcb258c27a38daeb2201c6e6ab36.wasm,"address, [{address: address paused: true protocol_id: 10f} {address: address paused: true protocol_id: f}]",ok,"Error(Contract, #602)",no
75b8f531e6eb321b9d45f253cc0bbf24054439df0efe70b3d02785c982e9b14e.wasm,"address, address, address, address, address, {downvote_ice_token: address govern_ice_token: address ice_token: address upvote_ice_token: address}, address, 110837",ok,"Error(Contract, #2)",no
75c0304177d345e2dae5032e65cb9bcc5928b9c8a8b89b1cca43db9677515a2e.wasm,"address, address, address, address, address, address, address",ok,"Error(WasmVm, InvalidAction)",no
75cf3a582b622db2c77d54a3c3e85c9b18c857e37daf2bab76cc81f2931771b0.wasm,"c, 4c, [address address], void",ok,"Error(Contract, #1)",no
75d17093cbc4224f8688976bbdaf830e53d0f062aa931efd4dde1bc215cc28d2.wasm,address,ok,"Error(Contract, #3)",no
75de44fc7f75f26d9fcc25c5e3fe15822afc94ad0074b6c35998a7b703ad153b.wasm,"address, {base_asset_address: address base_asset_decimals: 473660 flash_loan_fee: 391024 grace_period: 663607 initial_health: 724208 ir_alpha: 694355 ir_initial_rate: 543422 ir_max_rate: 343740 ir_scaling_coeff: 80340 liquidation_protocol_fee: 866529 min_collat_amount: 712263 min_debt_amount: 883799 timestamp_window: 719730 user_assets_limit: 531654}","Error(Contract, #401)","Error(Contract, #401)",unknown
75e5cb71647a3ea3e2cae7ce14afad991c647e0fd938fe09887aaaea4dded2bf.wasm,address,ok,"Error(WasmVm, InvalidAction)",no
760468d232013dde9bbc9b98ce0b29b3dfcb4546e34081dda9d9e0947c1eef67.wasm,"address, address, address",ok,"Error(WasmVm, InvalidAction)",no
76132a548c90760f746437d39ae327501d857ae8809c5b6a43b97ca0823f2069.wasm,"address, address",ok,"Error(Contract, #2)",no
762543cb0ef4e0304cc8ce2d1c79e0e8037452a30e10635d67e1a6fc12fe495c.wasm,address,ok,"Error(WasmVm, InvalidAction)",no
762c4fd476047334aedd24204d9abe9898174ef0c1f1f170827318b02e7f3d10.wasm,"address, 741564, , m6","Error(WasmVm, InvalidAction)","Error(WasmVm, InvalidAction)",unknown
7682878b8ce627360bd8829677d4bd77b71c5766958865fdceedfa74dade822e.wasm,address,ok,"Error(Contract, #410)",no
76ba0b652289305b69e5f212401829a07448e8657710aee5f6ca1efd8dc60fe5.wasm,"address, address, address",ok,"Error(Contract, #1)",no
76ebcea354d5959c5b0d38818ddf1524c5af16970231b532f5caa63121930861.wasm,"address, , address, 724614, 364543, address, address",ok,"Error(Contract, #3)",no
76ec899301b04f2557b80abd925e20926aed906db683ab5852c036d2d039513a.wasm,"address, address",ok,"Error(WasmVm, InvalidAction)",no
76fd3726f153a8fb18301bdececed1af08f4109841389a59f0aab9dc473eeb08.wasm,"address, bytes[32], [], 704732, 83614, 493833","Error(WasmVm, InvalidAction)","Error(WasmVm, InvalidAction)",unknown
7700bd263a84137f1ee307914f36a11101d9062c135429b8b440d2863e5b9a26.wasm,address,ok,"Error(WasmVm, InvalidAction)",no
773655d8d70e06a29e3e361f9c0de56f654f8ba4e5e6dc5171b5b88251e70bb0.wasm,"address, g, ",ok,"Error(WasmVm, InvalidAction)",no
77408ed3aa3ba863faa2863bd82a5c019b3f8c67f2da08e10781e074e0a9eae3.wasm,address,ok,"Error(Contract, #2)",no
77bd198231c6d3eeb4c1390d550e15f09a31c5db51403b10641d4b8a0339844b.wasm,"address, address",ok,"Error(Contract, #4)",no
77c1a251e1449bf916975e5d4007a4bb27ac22dc4a7795a996527e4bf358cb8c.wasm,"address, gx, bie, bytes[32]",ok,"Error(Contract, #410)",no
77d2b6826c791f07d54d7a89e989e3b1f282206f11c5516c34b4c680829bb374.wasm,"484846, 11r, cxz, address, address, 775492","Error(WasmVm, InvalidAction)","Error(WasmVm, InvalidAction)",unknown
781e2616387a68e4f90f96011f72574862fdbf96edcc8f8661970b921b47ccfe.wasm,"address, address",ok,"Error(Contract, #1)",no
782da988a06ef049c709e5a1d505b86f3f856616bb9c45b203eb345c0f095253.wasm,address,ok,"Error(WasmVm, InvalidAction)",no
7863108598b13bfd62c378af538806d470940bbb7bd48c8b74079b2878cef9bb.wasm,address,ok,"Error(WasmVm, InvalidAction)",no
78bee632a64720dc8a9c28aa2d34ec2bb4f1d28974888841a133ca1a5db0cf96.wasm,address,ok,"Error(WasmVm, InvalidAction)",no
78fb45ca41b18acf4e7de7b142b7338b8ca8571d4862733666c41d980911af29.wasm,address,ok,ok,yes
7915019aedb473cf7a2d9de399385c89f006ea28e3189015660c784b8accbf84.wasm,address,ok,"Error(Contract, #2)",no
791feb3519e92dd8d234a0b95ebeccd232025da85040c0feb13f686237933a35.wasm,"address, address, address, address, address, address","Error(Contract, #9)","Error(Contract, #9)",unknown
794057dabcdbcf57e9aad859c45cb07bade68d8dbce4aa5355abb47f73dc141f.wasm,"address, address, address, address, 685812","Error(Contract, #9)","Error(Contract, #9)",unknown
794714cd62578e33a337a394f9f41ef9b65816df52611934e0bbac7ca37436e2.wasm,"address, address, address, address, address","Error(Contract, #2)","Error(Contract, #2)",unknown
7962e9688dac17d8249d28af2e3817b88a8fde5c0c2d7e1624b0af79276a36ee.wasm,"address, address",ok,"Error(WasmVm, InvalidAction)",no
798286f090725b03aefe51f90766c858a2e87f3aeca72d218539d8ec6a3371b3.wasm,"address, address, 816489, 60716, 362557",ok,"Error(Contract, #0)",no
79ddb90c9086aee548ef6f55ff207a380a25e3c43217a047863c16061da5853d.wasm,"address, address, address",ok,"Error(Contract, #9)",no
7a2f0c363060e0f3698bd784cef165f92a7f9c6e20fc3c3d7b389cd9c7ef36f0.wasm,"address, address, 253143, 764837, address, address, 42816",ok,"Error(Contract, #1)",no
7a6fdfb8c8be0c4a7a70613ca68db27d3d83b4abfc1d6930655a0b320d2aeb72.wasm,"address, address, address, address, address",ok,"Error(Contract, #2)",no
7abce6486a24abde33fefb962c957e328c3975b59afd5aaaf20c383306d7d1b0.wasm,address,ok,"Error(Contract, #2)",no
7b03eed4c531b5d647d68d236d9078028e28780dc02fbf4daf169d0c18feb51c.wasm,address,ok,"Error(Contract, #4)",no
7b2ec5a435b3995eee29f54a8a776e1edb347f8270ea3bce958a18ca994a3f83.wasm,", asn, 194397, address, 197054","Error(WasmVm, InvalidAction)","Error(WasmVm, InvalidAction)",unknown
7bab31002358c3fe3a842991187369462bd679b1a2dd84d89e61a836e987d926.wasm,"address, address, 788730, 865748, address, address, 680622",ok,"Error(Contract, #1)",no
7bc43d8486dfdcbee15979a288bd850cce12fb8b2aa1a5b088afbf7457bad3a6.wasm,address,ok,"Error(WasmVm, InvalidAction)",no
7c20b0099c937806de32d30f4013e8e0fe3c229652ca0506536770e8ec899b02.wasm,"address, 343826, 811815, 873951",ok,"Error(WasmVm, InvalidAction)",no
7c381b6dc5642229682e698a35ac90e3e23392c0bf386ae0a59dab9500039468.wasm,"address, address, 89864",ok,"Error(Contract, #2)",no
7cecf23b7c8cd6f7768d272f89fd59bf71a8eff0eed07f251c5f47d9570ed435.wasm,"address, address, address, bytes[32], [address], 328972","Error(Contract, #2001)","Error(Contract, #2001)",unknown
7cff09b348bc2f69ae213f94874289da8ab777ab4761eee2c5d472dd0d2fa64d.wasm,"address, address",ok,"Error(Contract, #2102)",no
7d0a101931e1321c8a9f54b616610b7b301d1930251d611c22b08d0cac8e1a5d.wasm,"address, address, address, address","Error(Object, InvalidInput)","Error(Object, InvalidInput)",unknown
7d1d71553f68aad4f3348429563ebccc7c312e04c17c1f2883b8473e68fd43a1.wasm,"address, address, address, address, address",ok,"Error(WasmVm, InvalidAction)",no
7d41b2b48b58c03c31c580a2f6791aae7ea602a699711e8d2009300bd4815667.wasm,address,ok,"Error(Contract, #1)",no
7d49e01465b67a4d9188f2e2f501f2821c66fe667f4f3002a6e7a646db720f98.wasm,"address, address, address, address, address, bytes[32], address, void, bytes[32]","Error(WasmVm, InvalidAction)","Error(WasmVm, InvalidAction)",unknown
7d9a6d57c1404392c1a269b21f636b08b21d4a51bbed2c7c2bcf242e4e9c360e.wasm,"765561, j, , address, address, 764738","Error(WasmVm, InvalidAction)","Error(WasmVm, InvalidAction)",unknown
7dae554de6c9ba21ffb9acd9b9ed6661fd6179ff9038a6b29ba6909ae4259802.wasm,address,ok,ok,yes
7db27bf89b058b808d5612b71ad5e2dfd17e19dbf97150ef2e2321f4e56acc2f.wasm,address,ok,"Error(Contract, #2)",no
7dc7a6f9b3a872f027fc1b39d2b1347d15c84a932349fcfcae4cab68d49931a6.wasm,"address, address, address",ok,"Error(Contract, #27)",no
7e0d3810437b3a062dccc99d5343ca2fa7125b0356685dafc26d29182866934b.wasm,"address, address",ok,"Error(Contract, #9)",no
7e571e814399d52bde9bb4667d54c801ff8750f518731094139419019da2340e.wasm,"address, address, address, address, void, 589975, address, void","Error(Contract, #65)","Error(Contract, #65)",unknown
7e5d49809e2c968107d90ef0c2866aa8d5f919f28e28497bdbdbdac2dcc17732.wasm,"address, bytes[32], address, address",ok,"Error(WasmVm, InvalidAction)",no
7e5e4a6bf2517b01ab6606462b15efebc4051d14cd43dbdc36b9d1b0c85042a3.wasm,"address, address, 887405, 331594","Error(Contract, #65)","Error(Contract, #65)",unknown
7e6ca2bc580f621e46d5de69d780384658a45c8c2cbca2d7b46cad9e3809732c.wasm,"address, bytes[32], [address address], 283814, 184093, 729172","Error(WasmVm, InvalidAction)","Error(WasmVm, InvalidAction)",unknown
7e834fa193deacd7fdd28104a58c8a2684b6b6a4e8d2485d37195569d8810888.wasm,"bytes[32], bytes[32], {admin: address default_slippage_bps: 350193 fee_recipient: address max_allowed_slippage_bps: 639250 max_allowed_spread_bps: 568483 max_referral_bps: 671554 stake_init_info: {manager: address max_complexity: 386859 min_bond: 329004 min_reward: 110196} swap_fee_bps: 195839 token_init_info: {token_a: address token_b: address}}, address, 32875, , v, 474796, 190978","Error(WasmVm, InvalidAction)","Error(WasmVm, InvalidAction)",unknown
7f3fce8d23fe828d46cd6cb64391abe5d95f848e59f3aec1e9b0a41ba9b7e3eb.wasm,address,ok,ok,yes
7f487a22b00154beec9fd1669d3e71e5779e290978f8898e29c07ee80f5dc0a8.wasm,,ok,ok,yes
7f6ff650011ffafcf170fc38425dacbbdcd65b6c25332d414de2ed6cc2da1ad4.wasm,"address, address, 136514, address",ok,"Error(WasmVm, InvalidAction)",no
7f7c3e89d2380f6e8e43eb418657436c491581cf2acbaa9ae4853a21c26bf859.wasm,"address, 993647, vak, l, 732009, false, true","Error(WasmVm, InvalidAction)","Error(WasmVm, InvalidAction)",unknown
7f85d1662b28583654c63f75ba52a91f5759bd56834746e67050059b7cc89b0c.wasm,"address, address, 198161",ok,"Error(Contract, #410)",no
7ff2ddfd6762fa777e25f23303a036de44f2ec71f4d6fdbe13cfaf93e4a3957c.wasm,"address, address, address, address, address, address",ok,"Error(Contract, #9)",no
7ff802575fad3648ed19b9f89200396ee8e0b18b1c373524a9c31eb77787bb8f.wasm,"[address address address], 83268","Error(WasmVm, InvalidAction)","Error(WasmVm, InvalidAction)",unknown
8026a2600dc3e706351b30ac99efe834ef3919471c3630f79fdd18f55980d12e.wasm,"address, bytes[3], address, address",ok,ok,yes
80353b9199a71211139dbef2a8cbb4ec144a1c33051a69dd0a7c67ff7783d526.wasm,"address, address, address",ok,"Error(Contract, #2)",no
8055c4aed0e8e449277f4ad2101a8a25a99be05ef72505b31afd4b1dbf57bab9.wasm,"{admin: address manager: address processor: address proxy_asset_manager: address underlying_asset: address}, {adapter_change_cooldown: 199154 cctp_destination_caller: void cctp_max_fee_bps: void cctp_max_finality_threshold: void config_change_cooldown: void emergency_cooldown: void limits_cooldown: void manager_change_cooldown: 327507 processor_change_cooldown: 1338 processor_cooldown: 458322 processor_daily_limit: void processor_max_per_tx: void}",ok,"Error(Contract, #70)",no
806e7de085560e1bb29adc8de32536b541afe4d8ab1b5176661cc430ba362d33.wasm,"address, address, address, address, address, address","Error(Contract, #9)","Error(Contract, #9)",unknown
80bd80b176fbc4b07b37c30720154eeaa07774698e37009db1c6219b4964f6d2.wasm,"address, address, address, address, address, {downvote_ice_token: address govern_ice_token: address ice_token: address upvote_ice_token: address}, address, 968292",ok,"Error(Contract, #2)",no
8100be1db26a3d381f5f1f23917b6ea6ec712c9c41f9b962a4ca7e664dc39b64.wasm,"address, address, address, 352702",ok,"Error(WasmVm, InvalidAction)",no
81040dbc5d90d8d851de967b967c6b2296ae9f8ab3f2369c941d602f86773049.wasm,"address, 676072, 430920, address","Error(WasmVm, InvalidAction)","Error(WasmVm, InvalidAction)",unknown
811068a1be14c83ef55fa0fb6597ddb7dda40bd5141adb2e42d73229a73d98cb.wasm,address,ok,"Error(Contract, #2)",no
81169e69f9dfe3ffdf387b36c30d7134b9560af3fb8d8d5d7c4286e72828eb42.wasm,"address, address, address, address, address","Error(Contract, #2)","Error(Contract, #2)",unknown
815cbef1dc94cce14a794fe03e6f1b27cd837cad0ba134442a1283e5bceb3432.wasm,"address, 772582, 911819, address",ok,"Error(WasmVm, InvalidAction)",no
816413c82e152a87ea9c83dcab201df380561d56936780b3a527f89b468be3fc.wasm,"address, address, address, address, address, address",ok,"Error(Contract, #9)",no
81cd1d5b51ab4678883b0aec3573e89f7c9c9a43d8e4e2507e2813d880853149.wasm,address,ok,"Error(Contract, #1)",no
81ddfb6f28333ef680bc0d9ca29af0c2254a34995836d42fa61695718c50c456.wasm,"address, address",ok,"Error(WasmVm, InvalidAction)",no
821e5d04c4b4d55cf5cd6f444059d826d23dcb8c6bfaa7de8bc5737881bca8ce.wasm,"address, address, address, 314797",ok,"Error(WasmVm, InvalidAction)",no
824c1fbe4ec5e3b79df8fc02f1d899ee6d97975f09c89ae4fea1421415f031d9.wasm,"{asset_token: address borrower: address deposit_deadline: 182188 max_capacity: 130464 min_capacity: 440276 offer_book: address request_id: 294586 settlement_engine: address vault_id: 15293}, p, ","Error(Contract, #9)","Error(Contract, #9)",unknown
82740c72af37084a9d080035bb12e417ba349e570ec10e2b70d37d6cfe52117b.wasm,address,ok,"Error(WasmVm, InvalidAction)",no
8289dd80ef50f3f756639bd6f45e333a433b4c01ff1e6af1d044e3b6e46aae28.wasm,"address, []",ok,"Error(Contract, #502)",no
82fecb49693c94c1390ffbac61850fa94efcc20bc831ea09d326924b0290ffba.wasm,"address, address, bytes[32], [address], 79388","Error(Contract, #2001)","Error(Contract, #2001)",unknown
82fffa61fd1e78e7537b3405a8ef339e9d013a8435162dc92ee9a802793b8d26.wasm,"address, address, [address], [952532 958100]","Error(Contract, #5)","Error(Contract, #5)",unknown
830f160eb13886e348a5687835313cdc041ee398931ac53259aab7031e585adf.wasm,"7ee, , address, address","Error(WasmVm, InvalidAction)","Error(WasmVm, InvalidAction)",unknown
837a8eb20736543069b2417b20e4b40d97fb1a6c4a80efbe783f5f6ac46f998b.wasm,address,ok,"Error(WasmVm, InvalidAction)",no
8387f754401c20c448e51e4ce5fdc097f6dfb4b439041ee17e9edca1d3c0e8ee.wasm,address,ok,"Error(Contract, #2)",no
839b53cb00f82b4fee0abdb3938749f6d162f702374d74872dc2a53a1c5571f1.wasm,"address, address",ok,"Error(Contract, #2)",no
83dcc7b69e6c86ab24d7a63f8255da0f4bf2cd9043d039903d07ea38436f1fbd.wasm,address,ok,"Error(Contract, #2)",no
840a71ca2b1873ac5235e7cffa95d4a17681da57d91b0199f749d61aa9134ac2.wasm,"address, 509309, 303550, 368048, 813002",ok,"Error(Contract, #27)",no
843050da1fca69abae6e0e57a6fab625f8723c8ef0b6650ef2f4e2abc350bff2.wasm,address,ok,"Error(Contract, #16)",no
84430ac8cd15731d4608e0335561b20c452c07f95dfe02a5ae4e1217a3b785e7.wasm,"address, [address address address address [address address address]], address, bytes[32], [address], 843356","Error(Contract, #2001)","Error(Contract, #2001)",unknown
8458d58865622d1500ac28328367761ec825f18209cd98186afdc7a8b0a21075.wasm,"address, address, 760269",ok,"Error(Contract, #30)",no
847af007b07456aafd7a7ceb7080efc0e8460f20446e6a9bae913143db819897.wasm,"address, address, address, address, address",ok,"Error(Contract, #1)",no
84a88013828d4c4f4e4f5d0fa2f686050d69889384a044eab3ec4b1169f810ea.wasm,"address, address, address, bytes[32], address, bytes[32], address",ok,"Error(Contract, #1001)",no
84d7f91a09d004a5f2c014a98cc292123d297e6839497ff26ae7df5e93b15746.wasm,"address, bytes[32], address, address, t1p, true, address, 831797, 519301, 863114","Error(WasmVm, InvalidAction)","Error(WasmVm, InvalidAction)",unknown
84e25f330258e25d67c0e56b1c98cc94a171404c1a0c2046e37b77960cb06832.wasm,"address, bytes[32], [address address address], 150683","Error(WasmVm, InvalidAction)","Error(WasmVm, InvalidAction)",unknown
84eef80b90e1a53eb3af5e3114c6211ce736765506cda195bf6d753c9957ceea.wasm,address,ok,ok,yes
851982c6d66c529279af7db72585381c8fe450816468591247d74a338fecd1e1.wasm,"address, address, address",ok,"Error(Contract, #1)",no
852ea87c6eda368e006aaabd290270d2def92dfce19c88bfbc932d2be4459b48.wasm,{native_token: address relayer: address upgrade_authority: address xcall_address: address},ok,"Error(Contract, #3)",no
8597229abf161531166aefab43afd654d2659e7c9cc0a75274fec2239817f99a.wasm,"address, address, 390593, address, 64183, 270131, 740159","Error(Contract, #4)","Error(Contract, #4)",unknown
8641eb97d36d09bb436b0e15019a159eddfe2980fff82b7b572ee204f7c5729e.wasm,address,ok,"Error(WasmVm, InvalidAction)",no
867c9e08ebd87af9668974f10edc6b4647933c1d8c3a63cb063b5c9437ab3ecc.wasm,"address, address",ok,"Error(WasmVm, InvalidAction)",no
86801782458d4ab4887c8f9dfa048133fdf4137a9b55381a75aa356d9f571017.wasm,"address, address, address, 309784, 882094, 607542, 914137",ok,"Error(WasmVm, InvalidAction)",no
86a831fb9ffc5957505e4ec7e6cebf7f42f166545c818616514ef54bab5f230c.wasm,"address, address, bytes[3], 544010",ok,"Error(Contract, #15)",no
86cbeb87755a82a6c256c11f83bbf31aef0a974f3a9af863de81cb7dbd3fb4a6.wasm,"address, address, 634435",ok,"Error(WasmVm, InvalidAction)",no
86ecec909211dd3f31b351c9dc95be9a75136f1ed524fc9edac9c2368edb6288.wasm,"address, address, 193136, 742157, address, address, 785354",ok,"Error(Contract, #1)",no
870fd9304761816a8659f3b64fb7b66108e9ed292eb09972bea2075eb4231317.wasm,"address, address, b2, pg",ok,"Error(Contract, #2)",no
87226639ea86545d54eaa2c81bf0658647434151ef2688179d76654307549f9d.wasm,address,ok,"Error(Contract, #5)",no
87827804b54949689011b7f0e31db471e737dbe7ba4f1ab972c90ea1536a1dc3.wasm,"address, 569077, cg, f","Error(Contract, #605)","Error(Contract, #605)",unknown
87a6759bae88085fed845aa65fcd3a2635eb332abd448349e97bbdcf8694137a.wasm,"65z, address, address, address",ok,"Error(Contract, #1)",no
88058a06b01086d571e2bf54c6195691a40d22fa9a805dce49c040d3d2bb22de.wasm,"address, address, address, address, 14292","Error(Contract, #9)","Error(Contract, #9)",unknown
8875f0c770fb26d3053648856732a649936aed5db246845fa209f9032001b208.wasm,"address, [address address address address [address address] address], address, [address address address], 366790, 78204, 908818","Error(Contract, #2001)","Error(Contract, #2001)",unknown
887b08be75d275a9760e796f6e96bc297223d7a8018cedc70e0f46d9086ebae8.wasm,address,ok,"Error(Contract, #12)",no
889f5abaccf36ac0a75df9e9da0b9906eaf1bc2d9449f2c8e1500dcb435e6050.wasm,"address, address, address, address, address, 889912, 537517, , q4b","Error(Contract, #111)","Error(Contract, #111)",unknown
88b454022409e5e7b92edf994c4a9d65dd39d5dd5e9e35f197982bdfdb0fd72c.wasm,address,ok,"Error(WasmVm, InvalidAction)",no
88f4e94243ff87627125e8f65853b581d82851346bdbbc72f53271776806ec55.wasm,{admin: address stk_contract: address stk_lp_contract: address},ok,"Error(Contract, #1)",no
88fb527ce0f55d2b68ce74c2edbf7e9f7b938f67acb3268a8363e103f7fee7f6.wasm,"address, address, address, address, address, false, address, 777432",ok,"Error(WasmVm, InvalidAction)",no
88ff0ceceb997692bda00181ef05a001a7921e8c8df97871c490b221290bc79f.wasm,"address, address, address, r, k, 302303",ok,"Error(Contract, #12)",no
893b5ca2a0038bb7d6bbc1b16582520acb6485b57ac441239fead410323767dd.wasm,"address, address, address, address, address","Error(Contract, #2)","Error(Contract, #2)",unknown
89a049787cc9cfa4537c5cf1413574e0690668b0522751181dd32194288a967b.wasm,"address, address, address, address",ok,"Error(Contract, #1)",no
89a79f3a1ccfb5ae89dfa32d7c47050170e0ebd8d8cc568acb709965fba9c259.wasm,"address, address, address, address","Error(Object, InvalidInput)","Error(Object, InvalidInput)",unknown
89bb628dba0b34a05f82354e91f30af99d1802a4fafcc1d54c72b86426fc044b.wasm,address,ok,"Error(Contract, #1)",no
89c9082fe05243d714fd517c883118a11ce3f91d084c139405605db4c9e0dfb4.wasm,"address, address, address",ok,"Error(Contract, #1)",no
8a22bf38966e86ee9c8a4f8b475624e8470ec09458639e2b3888c8af2e5cebb3.wasm,"address, address, 736611, 42314, address, address, 616179",ok,"Error(Contract, #1)",no
8a2ca096cee2fffbf7086a60e82bbf28a9a1c7d20bbaea59151053a32ca61cdf.wasm,"address, address, address, address, address, 15858",ok,"Error(Contract, #16)",no
8a3e5e79babfced57f58b4100267590f7552cd82731cfda653a25794360b704f.wasm,"address, address",ok,"Error(WasmVm, InvalidAction)",no
8a87707d8c197418dfccf6de25f33b389a10589cfc6230b99db29569d41e1e5f.wasm,{admin: address base_token_uri: hv collection: address minted_total: 887065 payment_address: address platform_fee: {payment_address: address share: 214258} safe_transfer_contract: address stages: [{access: [Public] asset: address duration: 849597 max_per_wallet: 177837 price: 347387 title: m6} {access: [Whitelist address] asset: address duration: 957845 max_per_wallet: 690783 price: 848565 title: } {access: [Whitelist address] asset: address duration: 613822 max_per_wallet: 974140 price: 860586 title: 1}] start_time: 117047},ok,"Error(Contract, #1)",no
8a933701fa813752396f554fd37422a1b68eb912601ec438b6fbdf737943e23a.wasm,"address, 941546, n, 427","Error(Contract, #605)","Error(Contract, #605)",unknown
8aa6278bc42ef5b60260a500c5c243a1309f2de7ce9a2c31131a771a0317815b.wasm,"address, nk",ok,"Error(Contract, #1)",no
8ad47bbb67e95408cc289b5ba8032dc5f3d919b545e9b24324e7a018726a7747.wasm,"address, address",ok,"Error(Contract, #3)",no
8af69692a9cd56e42b13bf7a87d659008d24bd19762902d070fde3b9c9f1d229.wasm,"address, address",ok,"Error(Contract, #2)",no
8b0e0ae428e4dd36aabe9a8476c1e4962ff1d2c4e8afbcd66ef2223177e3f515.wasm,"address, 693942, , 61","Error(WasmVm, InvalidAction)","Error(WasmVm, InvalidAction)",unknown
8b140f768d2999fb66dbabcd5344a877cfab016eae9736a05061d243a09fde09.wasm,"address, address",ok,"Error(WasmVm, InvalidAction)",no
8b2a049a84a1bc9b21fe85df6f304a0b65f21d6af915c874fb1d6950db183249.wasm,"address, address, address, address, address, address, address",ok,"Error(WasmVm, InvalidAction)",no
8b310c3a822d4157e327d8805597a53d6919a7c6a18481bded2daf65ff16cce3.wasm,"address, address, address","Error(WasmVm, InvalidAction)","Error(WasmVm, InvalidAction)",unknown
8b31ad8d075f5b300a062d79fb010dfea11a7138f756ecf994499808618e334e.wasm,"address, 48, v0r",ok,"Error(WasmVm, InvalidAction)",no
8b9263f8205eaad2c36dae6e40bd86bc780212532949ba452cdfa08f02b4f357.wasm,{alpha: bytes[96] beta: bytes[192] delta: bytes[192] gamma: bytes[192] ic: [bytes[96] bytes[96] bytes[96]]},ok,"Error(Contract, #1)",no
8bc7894d8a4e46b085d0579e233e3c436bb34e18f9a2a83d4bde8526cde18cb6.wasm,{backstop: address blnd_id: address pool_hash: bytes[32]},ok,"Error(Contract, #3)",no
8c11fd2f6deb730c96881535381ea6e46f5da7e5357fbedac25738096497b681.wasm,"address, address, address",ok,"Error(Contract, #2)",no
8c63faee3539b6c27b087fe1f209c3ffb25cc1e71a43646118ecf0721ba2ac1e.wasm,"address, address",ok,"Error(Contract, #2)",no
8c6a3dcb1643984f4336120d8034428ca97230af550ed869d52787be7ea8e754.wasm,"address, 172438, [], 765839, 94213","Error(Contract, #13)","Error(Contract, #13)",unknown
8c76ffd3505326bbb4f2d60cd6807d5b1fd8730c147b999ee93b4eee352893ff.wasm,address,ok,"Error(Contract, #3)",no
8c7eac15e56fe39b0bbb36c379764471819275c289b30ee4fddb106d33a660ec.wasm,"address, address, address, address, 149558, 629569","Error(Object, InvalidInput)","Error(Object, InvalidInput)",unknown
8d151d7c213d1d72437a4bc17173d93b4fee7150bd7ff111e6e55cf698f9e4f9.wasm,"address, bytes[32], [], 616704, 886499, 576210","Error(WasmVm, InvalidAction)","Error(WasmVm, InvalidAction)",unknown
8d3a30572618b43c442380bfa41d5894e152fd2e75c749a80627643b7cc8984b.wasm,"address, address, address, address, address, address",ok,"Error(Contract, #9)",no
8d557b6258d61e7ca37be7d63a919e917dd495e3af96d9bc973e50533fd12986.wasm,"address, address, address",ok,"Error(Contract, #2)",no
8d88bcb8145d879de40a50adc240f8f6dfc655f742ae02b86b5c2f204fa5af8d.wasm,address,ok,"Error(WasmVm, InvalidAction)",no
8d954489999199e21e677281cc03bc7882764d6c208fb60cdd552e823c224018.wasm,"address, address, address","Error(Object, InvalidInput)","Error(Object, InvalidInput)",unknown
8dc3b09f4fb0ce22def70b4fe9b8b472c27c4106d79301ed77c4d388b0867f7b.wasm,{admin: address stk_contract: address stk_lp_contract: address},ok,"Error(Contract, #1)",no
8dfad874ba76c252a4afc1a2afbb5d8429942d1b26b408252fe222e9671be388.wasm,"address, address, address, address",ok,"Error(Contract, #9)",no
8dfbc6ba300cde6ebe747cf985cf9221bf3594981595b9c26bbd108ff19a5598.wasm,"address, address, address, address, address, {address: 966173}","Error(Object, InvalidInput)","Error(Object, InvalidInput)",unknown
8e06ddce5078661808355f630d47b65772dc2fda4ac1af3c901aa41c9291ba04.wasm,"address, [address address address address [address address] address], address, address, bytes[32], [address address], [192468 125475], [xk jh6]","Error(Storage, MissingValue)","Error(Storage, MissingValue)",unknown
8e37b9149063338d2606522e375aa7bdc133bc7cf17e6aedc10305a270cda304.wasm,"address, address, address, 589069",ok,"Error(Contract, #2)",no
8e848cdfa6478646ed032db3a66c93cc2ba29dc804b870adf9d6ba4dd89f4d2d.wasm,"address, address, address, address, address, address",ok,"Error(Contract, #27)",no
8eac62d83a23008dda6ac6fe4b8ec9700fd2057daea0c304fafafeba49159e35.wasm,"address, address, address",ok,"Error(Contract, #1)",no
8f2090ebb822e22ea389231770c51e7c85dac16c0f63d9620b7f8f48484bb0b6.wasm,address,ok,"Error(WasmVm, InvalidAction)",no
8f70252d8f78ead227b2406de527384ceaf8a93a62e9ad5fd10aa7ce776e1992.wasm,"address, address, address, address",ok,"Error(WasmVm, InvalidAction)",no
8f79e8d49e1513486501c6265ee93f2c177e8f450e2039444646ea6e08ce5de4.wasm,address,ok,"Error(Contract, #3)",no
8fc25276d04bc9deac8812fa0961a1aa7ef24e97c24ff4b5f5263cf0bdab1ac9.wasm,"address, address, address, 497168",ok,"Error(WasmVm, InvalidAction)",no
8fc3a0a8d9438c8bcfc030dae0e5b12e5aeb3d6d656f79d1364e9082246ea777.wasm,"address, address, address, address, address","Error(Contract, #2)","Error(Contract, #2)",unknown
900c33b69cbe34748df4443f7681775a02b30599e3bab9c7c9f8b3225a3b1f1b.wasm,"address, 425979, ipw, t","Error(WasmVm, InvalidAction)","Error(WasmVm, InvalidAction)",unknown
9011a61f9abfe61961383a846a5acf42e7b0be562a9942f11ab80ab8c8050a33.wasm,"address, address, address, address, address, address",ok,"Error(Contract, #9)",no
903bf59c7c6a9733543282e98136806dd4f5a9c775132ff5a42e9fcb4ddb6f2a.wasm,", i2, address, address","Error(WasmVm, InvalidAction)","Error(WasmVm, InvalidAction)",unknown
90697c8a5551539b87a74c0cd928d1574d2cc224e32c5c227a970959d76b6bb5.wasm,"address, 736280, 642941, 140111, 906545","Error(Contract, #4)","Error(Contract, #4)",unknown
90aba0ff9287fb0c856b398325976c1350aa72570e5fee8597e566f68b7f832e.wasm,"address, address",ok,"Error(Contract, #1)",no
90dc5acb211660ff285e6d5eb833cb17541b279a01c4718d209219781eccb13d.wasm,"address, address, address, address",ok,"Error(Contract, #1)",no
90f9b22631a09ec921847b3cfdf68a0734e4c7b9e7c1730f53bdf74515723220.wasm,"address, address, 695438",ok,"Error(Contract, #12)",no
9102087ef2560d517f364113cedc5fd324a3369dfb6bc5828c2e4f6c5d002f77.wasm,address,ok,"Error(Contract, #9)",no
914dc1baa2e7702ca6566245443cc22a1b5db6433943c1d1f662736d28cf0495.wasm,"address, address, bytes[32], [address address address], 277895","Error(Contract, #2001)","Error(Contract, #2001)",unknown
916315045be9861c47b22a8b2502ea266e75659d54fdbd0303ba1b9091c9632f.wasm,"bytes[32], bytes[32], {admin: address default_slippage_bps: 443719 fee_recipient: address max_allowed_slippage_bps: 942586 max_allowed_spread_bps: 755599 max_referral_bps: 511248 stake_init_info: {manager: address max_complexity: 380803 min_bond: 169096 min_reward: 532962} swap_fee_bps: 166397 token_init_info: {token_a: address token_b: address}}, address, 556624, c, , 177789, 87059","Error(WasmVm, InvalidAction)","Error(WasmVm, InvalidAction)",unknown
91f315db02a9be02b13147622aad92beefc61771e72f8aa4f0904ec2c1e10427.wasm,"address, address",ok,"Error(Contract, #1)",no
92aa492a1caaf67dc9e1ab3bba19ca75581b19e0cbe1bb4a8e871b9541090c7a.wasm,"address, address, address, address, address, {downvote_ice_token: address govern_ice_token: address ice_token: address upvote_ice_token: address}, address, 198296",ok,"Error(Contract, #2)",no
92d3f7fa9646624463d3d4d1667b0385d4b91f3e172024ce1d6c803f4aab83a1.wasm,"address, address, address, address, address, 383339, 980044, p5, m41","Error(Contract, #111)","Error(Contract, #111)",unknown
9300128650d6ac0387c5a98cb697637c5e0e5432694e6993d5276fac9b507cda.wasm,"address, address, address, address, address, address",ok,"Error(Contract, #9)",no
93069f45c1f6924093328a76c1285bf70b1b1910be869643f0f85aedd8617931.wasm,"address, address, address",ok,"Error(Contract, #1)",no
9309715ef54a4d35b7d60c3f825702ca7ad6b1ca13d8b949e295c755dc99fb4c.wasm,"address, address, address, address, address, {downvote_ice_token: address govern_ice_token: address ice_token: address upvote_ice_token: address}, address, 737461",ok,"Error(Contract, #2)",no
93162653c1f8ae5f68b8bcf7ee2387313377bdfaf1e768e6608f821c81860490.wasm,"address, address, address, address, address, {downvote_ice_token: address govern_ice_token: address ice_token: address upvote_ice_token: address}, address, 429185",ok,"Error(Contract, #2)",no
93684bf8c8ead19b7c1505f739c43a27a1a321affe7c1b6f993878ed51545bc7.wasm,address,ok,"Error(Contract, #4)",no
939eda257cd15aa6d674ba4e484285ab8d12f48400a6ea56ba860c91e5c1ffcc.wasm,address,ok,"Error(WasmVm, InvalidAction)",no
93b69eaeee665ecc00f608fdf3492c592b551c4d0f61e7ae14ca3be34b22754f.wasm,"bytes[32], address, address, 273576, 979640, 707361, address, 661102, s","Error(Storage, MissingValue)","Error(Storage, MissingValue)",unknown
93c05940680e9d119928276087876d5ec3cfa5063489477d884c4781860fbc59.wasm,"address, address, address, address, 157282","Error(Contract, #9)","Error(Contract, #9)",unknown
93c5e22d071a330e789bc6a62409a87a0c05966273977e22fcabfc57e834f548.wasm,"address, 565609, r, hnr","Error(WasmVm, InvalidAction)","Error(WasmVm, InvalidAction)",unknown
93d19b323410d6cb4373e869a7c0f7711c39d3103fb82c4d65649735b3129607.wasm,"address, address",ok,"Error(WasmVm, InvalidAction)",no
943a7d74c7f3e65c0ff6a61b1b57600ed6957345518169736510d8aed5599a09.wasm,"address, address, address, address","Error(Value, InvalidInput)","Error(Value, InvalidInput)",unknown
9468e03c43bb1c5ea3ff09679ff00bfc54e562d20b39e80e0a4df203d3eaedb9.wasm,"address, ","Error(Object, InvalidInput)","Error(Object, InvalidInput)",unknown
94b3c032a5701c727281c82ede3ec446c7b452bf0387a47daa2606fbcd68f361.wasm,"address, address, address, 735767","Error(Object, InvalidInput)","Error(Object, InvalidInput)",unknown
94cb92e72554da28c77aa57590ee1f53437fe732c4ffffae87c8ba03adb52cbf.wasm,"address, address, 299955, 741398, address, address, 895572",ok,"Error(Contract, #1)",no
94d328b8fb8b31a74c6d316e157b9d427e4f46def0faeffbf426b392fc6020ac.wasm,"address, address, address, address, address, true",ok,"Error(WasmVm, InvalidAction)",no
94da343b4e485efc91b86dff1a5eaf8cbb2081ae7875fef4702b65435ab8ebcb.wasm,address,"Error(WasmVm, InvalidAction)","Error(WasmVm, InvalidAction)",unknown
9511a013acf36d1b3ca26f8628b2fe2c258e70719ac284b46d8f28782861e3b8.wasm,"address, address, {icon_governance: t upgrade_authority: address xcall: address}, [], [1 m4 ]",ok,"Error(Contract, #3)",no
953079207c92828263dce445673bd2e41987cc0ed7acde0304b1a2d0f3c2a702.wasm,address,ok,"Error(Contract, #2)",no
953455cfe371352742ea34134ed6dfefae8844ed44511895fec729edfb166171.wasm,"1z2, dpd, address, address","Error(Object, InvalidInput)","Error(Object, InvalidInput)",unknown
95468d6baff19b53e54ecac4b9b544ff7eb8f2a19366ff99ca55423c8ed187f2.wasm,"address, address, address, address, address, address",ok,"Error(Contract, #9)",no
956aa4ea680c004ce1efb97dd5d147d6d2eada11e11d5bfef6bbf1cf9facff9d.wasm,address,ok,"Error(WasmVm, InvalidAction)",no
958b7c4fea1f8d23c0fe44cec9c88cee7d1d08933e71e560789f51690ecaff79.wasm,"address, address, address, 820716",ok,"Error(WasmVm, InvalidAction)",no
95a8e0018530226701ef8d31c7d4c2fe20ed9d7c303a14a70c3d96848ca4fa54.wasm,"U256(UInt256Parts { hi_hi: 0, hi_lo: 0, lo_hi: 0, lo_lo: 949031 })","Error(Contract, #21)","Error(Contract, #21)",unknown
95e79483a62a1a1aebe8b6d190f793d044cc289e1233d84d800217903af90b30.wasm,"address, address, 742694, 4506, address, address, 422732",ok,"Error(Contract, #1)",no
96696fdad6be7b80ca081ff2d88599f5456ee8724bbf151bd553ce4fa0a2dfa6.wasm,address,ok,"Error(Contract, #0)",no
96c6a73863de6e331d8103898f421bb7af719b87bbd4ac14d5a16f6b2662546b.wasm,"address, bytes[32], bytes[32], bytes[32], bytes[32], bytes[32], [], 117136","Error(Contract, #2)","Error(Contract, #2)",unknown
96f422c38226141f8df1b29a58e4fecd95c23e25f0d4e17c44f462b0c60f569a.wasm,"325159, 982762, 180785, 231334, address","Error(WasmVm, InvalidAction)","Error(WasmVm, InvalidAction)",unknown
9716b6def4137a647580402acdcb4f2d8876614ca33992d236a4045e38bf5835.wasm,"[address address address], [], [FixedSeniorYield]","Error(WasmVm, InvalidAction)","Error(WasmVm, InvalidAction)",unknown
9726d6f1efb0ada9987b1f28f8080804248ab0847b59d5d04b91d2176af6b276.wasm,"address, address, address, 296648",ok,"Error(Contract, #2)",no
976ed5e0c6e995ebf48dcee62d38fdd8022269596c411b7c842099630f619019.wasm,address,ok,"Error(Contract, #1014)",no
977da7a1608550f7f71fc5b8739570070d16cd307dac68d54b313125cc834656.wasm,"address, address, address",ok,"Error(WasmVm, InvalidAction)",no
97c4042c0e38c6850ed42f93615e1b74cff089814a5376385819a6d67eaa08d8.wasm,"address, address",ok,"Error(WasmVm, InvalidAction)",no
97c83287d8fd8f1bfdfdb4c9e3a97f15711cff83093600a37c60d51972af5bc6.wasm,"address, , ",ok,"Error(WasmVm, InvalidAction)",no
97c97c24f5f1158567a130466be4a9a81607e4fa4230d94e1b22c3af108e7c9a.wasm,"address, address, 755708, 840516, 494740, address, address, 952262, 199287",ok,"Error(WasmVm, InvalidAction)",no
97cfe76e69c0f45159e8229a7f2e0d1c289cfefee05a01df92a81d2e7b39bcde.wasm,"address, address, 896604",ok,"Error(Contract, #1)",no
97fd04b189716c491304aa3f7139a9825a57f2981e12d1ee1bd2cd280deb7548.wasm,address,"Error(WasmVm, InvalidAction)","Error(WasmVm, InvalidAction)",unknown
98205bc5f857bc5576f2904d5312c7f1438053e95e92be37ca5d13941817d1d0.wasm,"address, address, 848514, 770116, address, address, 478243",ok,"Error(Contract, #1)",no
98366517421148a7966dfed32961b6d441e0307e838625129b80ffc676a1d529.wasm,"address, address, address, bytes[32], 76853","Error(Storage, MissingValue)","Error(Storage, MissingValue)",unknown
98563fe11c3e567c3bcae17026e09ea7650c662d2a797f8b04bd0b00dce1bb51.wasm,"address, address, address, address, address, address, address",ok,"Error(WasmVm, InvalidAction)",no
98b8a8bb1f29ec8bd430d9885a6785335f38c2eba41fcd66c6030dd4ab009c1e.wasm,"address, address, address, address, address, address","Error(Contract, #9)","Error(Contract, #9)",unknown
98d06f5676debc0d43e1056c76acdcafb5afc4b44860b56b6704adda85e05765.wasm,"address, address, address, address, address, address",ok,"Error(Contract, #9)",no
98eda5f67e4a35d965abb2b254dd5c861536407dd2caca535a4b77825ebb3bfb.wasm,"address, 50217, address, 916619, address, 498459, address","Error(Contract, #409)","Error(Contract, #409)",unknown
98f55116d6846fec7051717cef62424786e79a4e2f6495a92d499621f5127040.wasm,"address, address",ok,"Error(WasmVm, InvalidAction)",no
9937086f1222a6306f32b30f2a273dd3dd50d1b4cbe8f2c39735e61c48b84172.wasm,"address, 544021, 83384, 77407","Error(Contract, #8)","Error(Contract, #8)",unknown
995390297e885b9e789a728665908cf557a9ce327ca757d2201e20eeeece79ee.wasm,"address, address, 184792, 266491",ok,"Error(Contract, #1)",no
995a77962258898fa3f574a5729a69831e0cabeaf43a43987ca8829acb59715b.wasm,"address, address",ok,"Error(WasmVm, InvalidAction)",no
998bd960724fc7eda978da9dc6764f70810f3d731566f035f9eb172e3332a8ba.wasm,"address, address, address, address, address, address",ok,"Error(Contract, #9)",no
998e1a42589b06a2345d08ff51e730a4f45cb9828e2258610227b887e6bf265c.wasm,"address, 450592, t9m, 1","Error(Contract, #605)","Error(Contract, #605)",unknown
99951f5c02fcccda576bfccf3b7ad77cb192fecf742132b04c93d02660a7c734.wasm,"address, address, address, address",ok,"Error(WasmVm, InvalidAction)",no
99a186f4abad418fb0bc4c613a13a70c634589c2f22a712cc7ed4123bda04250.wasm,"address, address, p56, address, wp5, 5, 418865",ok,"Error(Contract, #2)",no
99e5d3fa955bc5e07bba3d87aadf87f4520d571c762d70517e0fe8e2e9603d19.wasm,"{admin: address manager: address processor: address proxy_asset_manager: address underlying_asset: address}, {adapter_change_cooldown: void cctp_destination_caller: void cctp_max_fee_bps: 219168 cctp_max_finality_threshold: 478906 config_change_cooldown: void emergency_cooldown: 71584 limits_cooldown: void manager_change_cooldown: void processor_change_cooldown: void processor_cooldown: void processor_daily_limit: void processor_max_per_tx: 430304}","Error(Contract, #48)","Error(Contract, #48)",unknown
9a2efbee9f3be796a600a8c288eaad2e709dde25e376dcaabf49e59a9643f872.wasm,"address, bytes[32]",ok,"Error(Contract, #204)",no
9a525da0c58ef0aefb641c1f38956af3b29710e3078ed91ea462f1a65ede623d.wasm,address,ok,"Error(Contract, #2)",no
9a6ff5a0c0ea53198114097fdf6971f9c8a7caf41cecb8efda75c04c684bfb4a.wasm,"address, [address address address address [address address] address], address, [address], 163451, 520035, 190198","Error(Contract, #2001)","Error(Contract, #2001)",unknown
9a9bec8073a63918ee7242461fa5635dbdceb0e8deb5aae774367c5240370067.wasm,"address, address, address, address, 944321, 492867, 948753, 437432","Error(Contract, #9)","Error(Contract, #9)",unknown
9b227de657aa47091be6e9a75d42356ada137ffb9e923a714564e9ec5170a1f1.wasm,"address, address",ok,ok,yes
9b274ad09bec5d7b63e5c0d5a4bb5d78b6a3c2e2fa1098dedcf606f8989dcc2e.wasm,"address, bytes[32], [], 291891","Error(WasmVm, InvalidAction)","Error(WasmVm, InvalidAction)",unknown
9bb325fa66a70f79a58e29b60cd0b10ae9daa3056775bba8ea7071db02e9db2a.wasm,"address, address, address, address, address, address",ok,"Error(WasmVm, InvalidAction)",no
9bcdb4f45c20bb21575ec4fb9aeda4bdf9368d3afd250013ce0bd0a683bc2dc8.wasm,"address, address, address, address, address, address, address",ok,"Error(Contract, #1)",no
9c3f09d7a8441c8bfbe11871f8354128f57a71d4d5e70b2830452107392dc977.wasm,"address, address",ok,"Error(WasmVm, InvalidAction)",no
9c4cb0e5941247f5697dc3d8c819f2a6383e4de8a96f23342f591116d3f3d9e7.wasm,"address, {apy_alpha: 701786 burn_receive_percentage: 390271 burnable_percentage: 936348 dogstar_address: address dogstar_fee_percentage: 292921 haw_ai_percentage: 201929 haw_ai_pot: address oracle_contract_id: address power_action_fee: 275483 power_to_usdc_rate: 673974 stake_interest_percentages: [110566 972019 807236] stake_periods: [836726] terry_per_deck: 791958 terry_per_fight: 257347 terry_per_lending: 73549 terry_per_power: 190896 terry_per_stake: 241169 withdrawable_percentage: 375109 xtar_token: address}",ok,"Error(WasmVm, InvalidAction)",no
9caf42f4d410e95f648e3ce7494c555933329abe2fb20f1eaeea1c4a6d230ee9.wasm,"address, address, address, address, address",ok,"Error(Contract, #106)",no
9cc0613cd610bb623be169d6face8b1921d0406f88b17e15c3a1c0679f092e90.wasm,"address, 779432, 35204",ok,"Error(Contract, #1)",no
9d4626b8d2dae4c411d7bee6e2b107780bd9e229bcab8b80f08d6262cf2a15bf.wasm,address,ok,"Error(Contract, #3)",no
9d93be2e0c2ea02291828d84e6a8b8ea224551d5a37c22ad59da22b3c5490307.wasm,"address, address, address, address",ok,"Error(Contract, #10)",no
9e0de027693fcc6ce522246c54643103b3c78b14a205dc53f1033ab4173a30d9.wasm,"address, bytes[32], address, address",ok,"Error(Contract, #2)",no
9e2c6e045b3eb0a08809050cd356e12ebf8c5cde41328aa5331edd6a93a76b09.wasm,"address, address, address",ok,"Error(Contract, #27)",no
9e329f20fb6e9a3473aebfaf01ce68c2df7c56607282f6092641db2d6bf0ef58.wasm,"address, 568574",ok,"Error(WasmVm, InvalidAction)",no
9e398ab7ca651b4277df9ed390f4e012465c21447bad21ed6a0e9c6b975fd532.wasm,"address, address, 534422, 112738, address, address, 647904",ok,"Error(Contract, #1)",no
9e6821a5885532745682bbf649163712065a0058dc5dddf56f8084566c0e6617.wasm,"address, address",ok,"Error(Contract, #2)",no
9eacbd2d0fdd197bae3959e474b71d22a1664bbc7ebdf600f0d824d591ac42bd.wasm,"address, address, 302011, 655727, address, address, 900370",ok,"Error(Contract, #1)",no
9eae5faac651b3921fae4fd1760bd96676c065b4b0023d7692117c260595e7e3.wasm,address,ok,"Error(WasmVm, InvalidAction)",no
9f0e0f7fc996ece51a7baf17886159e1a7c90491c7e72da4cf2ccc6fd3677df8.wasm,"address, {alpha_g1: bytes[64] beta_g2: bytes[128] delta_g2: bytes[128] gamma_g2: bytes[128] ic: [bytes[64] bytes[64]]}",ok,"Error(Contract, #4)",no
9f10e0527cd180e53ab3da55484eca00c004333309fbff81b5ba8a52d8909f26.wasm,"bytes[32], bytes[32], {admin: address default_slippage_bps: 902500 fee_recipient: address max_allowed_slippage_bps: 823562 max_allowed_spread_bps: 909653 max_referral_bps: 866872 stake_init_info: {manager: address max_complexity: 766548 min_bond: 920858 min_reward: 748990} swap_fee_bps: 845364 token_init_info: {token_a: address token_b: address}}, address, 466515, , na4, 925926, 777953","Error(WasmVm, InvalidAction)","Error(WasmVm, InvalidAction)",unknown
9f22d21455d9b5e52540a97046229290491fbc996a6ae6896bdea8d545466119.wasm,"address, address, address, tu, true, address, 423342, 567535, 108609","Error(WasmVm, InvalidAction)","Error(WasmVm, InvalidAction)",unknown
9f88e195c1dae60a9a47c380c1bffe48eec883bf331607f528ad0eda920cab09.wasm,", address, address, address",ok,"Error(Contract, #1)",no
9f95e0a20f9d3651a325f2f2f1fdb5af6325d974b47e7c0fe914c1a3a1536b30.wasm,"address, address, 206112",ok,"Error(Contract, #1)",no
9f9b1f8baf9be725465e23a8bf1d864af480a2e8ff6b15de2aaec8924835ccae.wasm,"address, address",ok,"Error(Contract, #2)",no
9fa1281e281d92a9e5b0901c405838dad8dc0cf687167e6454904b540ee920b6.wasm,address,ok,"Error(Contract, #1)",no
9fc698f1cfb1ff9f72c82408495445f5b3337df29249fa7230ea6da085ef13d3.wasm,"address, address, address, address, address, address",ok,"Error(Contract, #9)",no
9ff4e5eb4a501bb35364c82c5cfe9abc613445672646adbff83ca4b0c80380cb.wasm,"bytes[32], address, address, 855460, 861952, 579987, address, 825575","Error(Storage, MissingValue)","Error(Storage, MissingValue)",unknown
a05f2e51a074d6bc9b66329f3d7ffa435e7f3c047cb1599161d6d990e822c74e.wasm,"address, address, 471159, address",ok,"Error(WasmVm, InvalidAction)",no
a0b1ed527acca9637b9e1c817c3b840918d9782055e5e03ee297de02dbed7577.wasm,"address, 125723, zb, jki","Error(WasmVm, InvalidAction)","Error(WasmVm, InvalidAction)",unknown
a0bdcd380df1a1dd2e19da4b641bc499eddb48c786754252a897e7d08e483a6f.wasm,"address, address, , , 1, b","Error(Contract, #7)","Error(Contract, #7)",unknown
a0fdcf79215427674c81f4f69df44b40cad73d397a09ddaa6ca0779ba86f2c00.wasm,"address, address, address, 371900",ok,"Error(Contract, #2)",no
a1629dcdf9192727296124ca4ef0f5cc5829086073b4cf5b4f42e27331b22ce0.wasm,"address, [address address address address [address address] address], address, bytes[32], [], [469302 263879]","Error(Contract, #2001)","Error(Contract, #2001)",unknown
a18d0c7241f89450f39278efe6158408d6469bcc30cecb6d3ef866316fbd58df.wasm,"address, address, address, 769278, 402879","Error(Contract, #3)","Error(Contract, #3)",unknown
a1b8523b41b1f559945724415096be6291dfff0fc801049c167381d755b0936c.wasm,"address, t1, u",ok,"Error(WasmVm, InvalidAction)",no
a1d87b2d3a271bc0ba540c9508bf2e18a3144d92030b1337da0edce81039fbc5.wasm,"652663, l, , address, address, 812611","Error(WasmVm, InvalidAction)","Error(WasmVm, InvalidAction)",unknown
a231e5057ef9288fb427942892e18c5f939c77491be08249573c9a171514e294.wasm,[{address: address index: 422805 share: 30569}],ok,"Error(Contract, #402)",no
a27578aaeb9c1d1686b42d48c211436e977d7bf4f57dafca00c03af58984eee1.wasm,"address, address, 245723, 513564, address, address, 892828",ok,"Error(Contract, #1)",no
a27dce4886c51a5d6ff02ad2ec3ff4c61dd14f7abf6b63abbbce8a22c5c31dec.wasm,address,ok,"Error(Contract, #2)",no
a2b79883db0af8c9f4ea8d941236bdfdf870039b4f7f6d35d791b752da54b4fe.wasm,address,ok,"Error(Contract, #1)",no
a2f45c8de9a360e1397e93589f28f4ea61d58881fd76b57298b66208d8bb1bb1.wasm,"address, address, address, address, address",ok,"Error(Contract, #2)",no
a310f227764c270bd4c410f5c7bd51d0f449c4ac663b653230aae23590e82419.wasm,"address, address",ok,"Error(Contract, #2)",no
a316e2675d3dd3ccc3f42ed494f6d126d61e26bea87fe4702ce42b3027fc2fe4.wasm,"address, address, 772984",ok,"Error(Contract, #410)",no
a3632198eb7092dfe9cd98aa4db7d4f701be35698f73e8406f409e173c629efa.wasm,"address, address, address",ok,"Error(Contract, #1)",no
a3684956b61019700eb2ee86a6988961bde627336aafea22cb4e9f00250c8798.wasm,"address, address, address",ok,"Error(WasmVm, InvalidAction)",no
a3d42a7a2c0bd49cd9cededab38a4a15fb2c0e76211f1d6f12a12531f8d13f95.wasm,"address, address, address, 893680",ok,"Error(WasmVm, InvalidAction)",no
a3e1bc1cc6c8bc1969581b6ea242d707a61a3ae97af129ae11ec11d9740d2793.wasm,"address, address, address",ok,"Error(Contract, #1)",no
a3eecda3e9af3685fb83c7cc8e25b5445f8cb9ff8da2a9d6640021e51af7dadd.wasm,address,ok,"Error(WasmVm, InvalidAction)",no
a43a2a22b4661da94bc26407aab0524fd1bf1baa3a29614b534a249bc1cd715f.wasm,"address, 66065, 841008, address",ok,"Error(WasmVm, InvalidAction)",no
a476d5610d916f90f83cee21d6ad427dcae1432007b6037566955ef5c20e68bb.wasm,address,ok,ok,yes
a4c53be933a0dbbf6752a39f7246bb57e86d148faf21c731ee4b2d75c137b69b.wasm,"address, 490935, c3, p","Error(WasmVm, InvalidAction)","Error(WasmVm, InvalidAction)",unknown
a4cb184e4e265825f9f3604a7cd6d07e5a7b9831c4b4fd1797ef7c2cef28c8dd.wasm,"address, 227607, 9w6, jv, address, 419577","Error(WasmVm, InvalidAction)","Error(WasmVm, InvalidAction)",unknown
a4cde8018d927347eeb3697d688d50feee258900e40a7e09bba9b507ed6bf9d8.wasm,"address, address, address, address, address, address","Error(Contract, #9)","Error(Contract, #9)",unknown
a4dc568f446001660f9518ea9cf8f5668e6ca193588ff664f27510f28e5d5cf3.wasm,"address, address",ok,"Error(Contract, #4)",no
a50f65be69237efc6895e9af19e5102a6f0aa8cbd5886919aaab962a7ee09fa8.wasm,"address, 817488, 143111, 510092, 236698",ok,ok,yes
a51e7e68062ead67c3517d4010807b32f431a07fdae52de25bf9bdd748f80843.wasm,"address, {merkle_tree_id: address server_pub_key: bytes[64] verifier_id: address vk_hash: U256(UInt256Parts { hi_hi: 0, hi_lo: 0, lo_hi: 0, lo_lo: 655328 })}",ok,"Error(Contract, #1)",no
a54144b348366739782ab81fad1c30b3dffb2c1e483040b6b559a05910c9e805.wasm,"address, [address address address address [address]], address, bytes[32], [address address address], 884974, 330388","Error(Contract, #2003)","Error(Contract, #2003)",unknown
a552658eaf572b4c6230e8a3b94b6ebfbf458487a74f720d992fbec61e8fbb46.wasm,"address, address",ok,"Error(WasmVm, InvalidAction)",no
a56fe1313fb3ffe1c5a18341bf37854a5a32d6242197efcc8a0ac82546160603.wasm,"bytes[32], bytes[32], {admin: address default_slippage_bps: 844501 fee_recipient: address max_allowed_slippage_bps: 86418 max_allowed_spread_bps: 887413 max_referral_bps: 617913 stake_init_info: {manager: address max_complexity: 50101 min_bond: 142080 min_reward: 191249} swap_fee_bps: 907515 token_init_info: {token_a: address token_b: address}}, address, 839434, dpm, q, 734909, 328088","Error(WasmVm, InvalidAction)","Error(WasmVm, InvalidAction)",unknown
a5db0859d0c4498193bbab8074f2d5b1e186e6af7f22d37087974907a6f49b72.wasm,"address, address",ok,"Error(Contract, #2)",no
a610517ce7911d1ae2568d11627a1a400624283fac1a526f0ff1fd2933bc5053.wasm,"address, [Other y], address, , 4yl, 585194","Error(Contract, #20)","Error(Contract, #20)",unknown
a638770cb62c07e0ed07799cb642a81dc3b88a142b04b29f17624c2e89edbfd3.wasm,address,ok,"Error(WasmVm, InvalidAction)",no
a65fc38be708c9b6cc204d6b6046fcd3d8bd4a5e7e9a5a47233d4754bb5abd81.wasm,"address, address, bytes[32], [address address address], 905183","Error(Contract, #2001)","Error(Contract, #2001)",unknown
a68e8d0da3c2fbca44a32df84cc13ebd62aea5f11e766aa0ffdac234ff4fe3f2.wasm,"address, 316129, 0d, ","Error(WasmVm, InvalidAction)","Error(WasmVm, InvalidAction)",unknown
a6dc9e23fed0d6f006c64a80da83c4281b5242f9af60e69b8b85c0a09b5891cc.wasm,address,ok,"Error(Contract, #2)",no
a714fa7d78ea22d1f1988541119da873a392d712ab31874d6e5e3251b92e7f83.wasm,"address, 756296, , sxr","Error(Contract, #605)","Error(Contract, #605)",unknown
a72d2e12f5f1f1b07fdc78120fe1badfef176093952d00729f8e4390619f75ed.wasm,"address, address, {icon_asset_manager:  native_address: address upgrade_authority: address xcall: address xcall_manager: address}","Error(Object, InvalidInput)","Error(Object, InvalidInput)",unknown
a7463634674ca764401e713e4e29aef4e8521877f76ab78b1e91bea9d46ec6bb.wasm,"address, [Other 0gh], [[Stellar address] [Stellar address] [Stellar address]], [{asset: [Stellar address] decimals: 235963 oracle_id: address resolution: 561141} {asset: [Stellar address] decimals: 4559 oracle_id: address resolution: 76637}], 325175","Error(Contract, #101)","Error(Contract, #101)",unknown
a757a1ed02cb764a3d76d9c6a82fb3ab67fc1e5ccf980966f5a89a0bb280949c.wasm,"address, address, 809102, address, 15727, 653597, 625873","Error(Contract, #4)","Error(Contract, #4)",unknown
a757fd97e5a67f586c5aadf6ba8d17a9d3df872ccae093e564c2b3de143c05f3.wasm,"address, address, 995345, 962903, address, address, 722472",ok,"Error(Contract, #1)",no
a7c203aa733552f91783eff20658a6eef3881fa7a13ba0b7bbc5596b744d2e69.wasm,{admin: address chain_id: 656297},ok,"Error(Contract, #3)",no
a7e72f6d1125726d9efc443b553d730feb81afc1c77b53f56d76cab86c5a0502.wasm,"address, address, address, address, address, {downvote_ice_token: address govern_ice_token: address ice_token: address upvote_ice_token: address}, address, 377573",ok,"Error(Contract, #2)",no
a7fc77a01139a52eb4ed209b33222ffddada8833495fd802029d050da4f47fe0.wasm,"address, address, address, address, address, {downvote_ice_token: address govern_ice_token: address ice_token: address upvote_ice_token: address}, address, 916986",ok,"Error(Contract, #2)",no
a80e37912a85e673fc4ca69c8f7f313b6d2a7fef8f32ffff061e298af4778038.wasm,"address, , z",ok,"Error(WasmVm, InvalidAction)",no
a81ccd988cf9b52493e048309b1ff8b0d01cdcd6bece8cf173ef69dee42114fd.wasm,"address, address, 853502, 568208, address, address, 268643",ok,"Error(Contract, #1)",no
a8231e9573e6a4d978f98e30bf6bf23f97f1910a2dc509690dd0a502aedd3cce.wasm,"address, address",ok,"Error(Contract, #2)",no
a890a551d8b8883e69fe90f826203e2d7a77f9247f75771395285e1229494677.wasm,"address, address",ok,"Error(WasmVm, InvalidAction)",no
a89ca4283f5a713b476842a3ef8ba16c19e9ac42826b87907cad3bdc01356b56.wasm,"address, address, [{percent: 438794 time: 820813} {percent: 530955 time: 317677} {percent: 494305 time: 32186}]","Error(Contract, #100)","Error(Contract, #100)",unknown
a8e494180c0683a17671f9d14ea2add484927907b021d0c8d2ed23cecd705e02.wasm,address,ok,"Error(Contract, #504)",no
a90ecc36d38251494b70c53a2b46ca519726a898ed98ee22bba82ceb1e27a8eb.wasm,address,ok,"Error(Contract, #4)",no
a933f95f203410bc2d86d4f1cae26893046b8c391dd8b517855dc01d0adfe974.wasm,"address, bytes[32], [], 813492","Error(WasmVm, InvalidAction)","Error(WasmVm, InvalidAction)",unknown
a97e54340c1feb2010ae3a243345844984c93da820c9eb85ac645adca8f9b15f.wasm,"address, address, address, address","Error(Object, InvalidInput)","Error(Object, InvalidInput)",unknown
a9b7b0905e4fe764c8f2c9bc0a88585bca9b6896e0cdf4f9d147a5aec907e08b.wasm,"address, address, 453765, address, address, ax, 632612, 0, 116578, address",ok,"Error(Contract, #5)",no
a9f0a93a8648c9b8758f35831c9fc19b41af3530980f9ed6c1da252035e5d37f.wasm,address,ok,"Error(Contract, #4)",no
a9fa75b357cf1e4a9bcd1e6652256827a3af10d32401cbc9885edb8078f9a39d.wasm,"address, address, 297075",ok,"Error(WasmVm, InvalidAction)",no
aa069f7c28c992fe4378d62d8020a1228a2eb0049ae91409b56e81bcb6271e94.wasm,"address, [address address address], 5g4",ok,"Error(Contract, #1)",no
aa177afe68130967af8fa7ad400077c8f14795458d7e090b102f487a518dd28b.wasm,"address, {icon_bn_usd:  nid: 2a upgrade_authority: address xcall: address xcall_manager: address xcall_network_address: }",ok,"Error(Contract, #2)",no
aa30187a5d0a14ec4352b6e255bc1a33682dba1b0e84484c4a2778fd5bd38cbf.wasm,"address, address",ok,"Error(Contract, #2)",no
aa7d998cd78d3ac9042abf74fc270e70f2d7c7131582885194a3f709cddbefb6.wasm,"address, address, address, address, address, 517976, 709059, 324213",ok,"Error(WasmVm, InvalidAction)",no
aab6f670caa14f0e428bb592487e3bdfb10cc906967bb3139111409715d46b80.wasm,"82, x, address, address","Error(Object, InvalidInput)","Error(Object, InvalidInput)",unknown
aade985c19b718eac84b21b1f75f83a5e49bf7cb7f2524a192d62c5fb7d08822.wasm,address,ok,"Error(Contract, #3)",no
ab13f55a2938ed834d10aa4e008128edcec35969f56a925aade6fe5dafcbb7ab.wasm,address,ok,"Error(Contract, #3)",no
ab203460438ce7b7263237d7cc393294652965936afb7efb91bf89d22fd91c11.wasm,bytes[32],ok,"Error(Contract, #1)",no
ab3941461656a7681370104483aa524cbf442730550b0585d112587998033cba.wasm,"address, address, address",ok,"Error(Contract, #2)",no
ab47c199b35c5e17d426df91e14fed2a9c36c35c333d0efd8975d33c5c9403f1.wasm,"address, void, address, [ ], [], [], [], [561788 819252]","Error(Contract, #501)","Error(Contract, #501)",unknown
ab5a87f560b7ca8893bc6a2874acbfecd713647bfe9cebef828185848fea1497.wasm,"address, {alpha: bytes[64] beta: bytes[128] delta: bytes[128] gamma: bytes[128] ic: [bytes[64] bytes[64]]}",ok,"Error(WasmVm, InvalidAction)",no
ab68de681b2bfb8da36bd8a1a9796094b26f64b8cdb1bb1a2374ee3a0a01c82b.wasm,"7, address",ok,"Error(Contract, #402)",no
ab753755bebe2636e65b78daf07b905f6c267f494ae5eb5d189ac5d0a8fd68ea.wasm,"address, address",ok,"Error(Contract, #1)",no
ab77b2e9ced69b65ee9957ce8791e2a955b1f6fa908702e0bef4bfcbbdea1c22.wasm,"address, address, rem",ok,"Error(WasmVm, InvalidAction)",no
aba393eed4352f48b8189f98a91cdaba7f9146884c67f84d7a646d6b19cfd228.wasm,", 7, 91817, address, address, address, address, address, address","Error(WasmVm, InvalidAction)","Error(WasmVm, InvalidAction)",unknown
abb9968e7ebad5afcfb0cc9d803d55d5991075a5f67950082e69823cc5b55091.wasm,address,ok,ok,yes
ac334d4e04249e8b042e7bed535289585c5c6e2e08de02b24363576b554a727d.wasm,"address, address",ok,"Error(Contract, #410)",no
ac39c01f46de44eff785593aae42f6a470e487f3cbfb4daffec922c4bbba34ff.wasm,"{admin: address manager: address processor: address underlying_asset: address upgrader: void vault: address}, {emergency_cooldown: void limits_cooldown: void manager_change_cooldown: void manager_daily_limit: void manager_max_per_tx: void processor_change_cooldown: 665139 processor_cooldown: 898948 processor_daily_limit: void processor_max_per_tx: void}",ok,"Error(Contract, #81)",no
ac4e4f6301993031a8aa7bf6d69c6609c2b41cb0507a93383d08a0512ad80482.wasm,"address, address, address, address, address, address","Error(Contract, #9)","Error(Contract, #9)",unknown
ac63334c62a48aa3ea5c2187e423ebe89bcf285848e25251aa839667323083c8.wasm,"bytes[32], bytes[32], {admin: address fee_recipient: address max_allowed_slippage_bps: 300453 max_allowed_spread_bps: 958139 max_referral_bps: 220050 stake_init_info: {manager: address max_complexity: 167983 min_bond: 526191 min_reward: 716696} swap_fee_bps: 15017 token_init_info: {token_a: address token_b: address}}, address, 201536, , 7","Error(WasmVm, InvalidAction)","Error(WasmVm, InvalidAction)",unknown
ac76f6e6d3511a076e0e43e805c40942d648a6d29af4eb0f8d1c59f989546118.wasm,"address, 213048, 311878, address",ok,"Error(WasmVm, InvalidAction)",no
ac838c1d86551e39c5e87b497138ab23cbf8fb585bc7bb9acad24f1f151efdc3.wasm,"address, address, 905563, 648006, address, address, 107969",ok,"Error(Contract, #1)",no
acde2f0cc6881c547ff839fbebd8795dd220ce27fc6fc456a9ec6b2e7c185f2e.wasm,"address, address, address, address, address, address","Error(Contract, #9)","Error(Contract, #9)",unknown
ad2578e6fb0658db195c877290dc70dd9a2f0b70a699181c45b445c36b6091e3.wasm,"[address address], [address address], [RiskAdjusted]","Error(WasmVm, InvalidAction)","Error(WasmVm, InvalidAction)",unknown
ad26624713903d546f934481763de9003d412f6efff30f54384a9dd56b3184c4.wasm,"address, {apy_alpha: 936991 burn_receive_percentage: 621548 burnable_percentage: 303508 dogstar_fee_percentage: 345496 haw_ai_percentage: 593164 oracle_contract_id: address power_action_fee: 882016 power_to_usdc_rate: 120688 stake_interest_percentages: [] stake_periods: [870316] terry_per_deck: 735953 terry_per_fight: 9057 terry_per_lending: 339248 terry_per_power: 646981 terry_per_stake: 788084 withdrawable_percentage: 455382 xtar_token: address}",ok,"Error(WasmVm, InvalidAction)",no
ad2d5b94b5fd48c662b7240cd0fc5e0579ce160628e7f827e632255e4bf810eb.wasm,address,ok,ok,yes
ad81fc06b4932efe64d2915cb5068d687116339e023a99ec6c6116aa95c74fbb.wasm,address,ok,"Error(WasmVm, InvalidAction)",no
ad90cc26d514c44201d890ae5e61a0145dffd19dca3a7072c50b078b5e9fa213.wasm,"address, [address address address address [address] address], address, bytes[32], [address address], 147633, [429889 71615]","Error(Contract, #2003)","Error(Contract, #2003)",unknown
add458751ca624f37c929495ef6e55845a5120f67f4bef386c18690949236dbd.wasm,address,ok,"Error(Contract, #1)",no
adf28ca3fb4e36fcd4bb10dc17df5b86191c5826b2707fa4503313b5be2cfa7c.wasm,"address, address, address, address, 520016",ok,"Error(Contract, #1)",no
adfc960535c3ae4fd3be18390e684667bae6115f560cb1944e6c0484b604331d.wasm,"bytes[32], bytes[32], {admin: address fee_recipient: address max_allowed_slippage_bps: 311690 max_allowed_spread_bps: 486923 max_referral_bps: 498040 stake_init_info: {manager: address max_complexity: 428377 min_bond: 308630 min_reward: 648767} swap_fee_bps: 529710 token_init_info: {token_a: address token_b: address}}, address, 668239, a, tyn","Error(WasmVm, InvalidAction)","Error(WasmVm, InvalidAction)",unknown
ae0da5a84b15805c5c7931ac567a8d1b34be3f26b483993d9ff80cb2c3de9852.wasm,"address, [address address address address [] address], address, bytes[32], [], [747733 554679]","Error(Contract, #2001)","Error(Contract, #2001)",unknown
ae4b76f29fdd3dbb55fcfe99bf4a4b5d494b08d77d2036e7c4b86e111b9368c6.wasm,"l, address, address, address",ok,"Error(Contract, #1)",no
ae81e6d8869dd1586fe4adee2ed352ced158e99797aa47614b81d63dad69826d.wasm,address,ok,"Error(WasmVm, InvalidAction)",no
ae867e16a904304027b47f65fcea1e347f709cc672a67585ce3e8a498cc2ee82.wasm,"address, [Stellar address], 915806, 54373",ok,"Error(WasmVm, InvalidAction)",no
ae9c2b00148b2b4cacb4891f1f7aafc159d5a766e049b15c7f7f765ccce0b688.wasm,bytes[32],ok,"Error(Contract, #5)",no
aead11f442a5505e1b88329069fb3bd2df60e983075a45017be309361a1db1ed.wasm,"address, address, address","Error(Object, InvalidInput)","Error(Object, InvalidInput)",unknown
aeb181dd59500d1ca36aad24dd5ffc1dc1a50b642144a5a92bb9b0a3f01c6baf.wasm,"address, address, address",ok,"Error(Contract, #2)",no
aeb454317eef7883efc21d7cfd7c0cefb058e0279e8fb80fd9f3f56cdc715505.wasm,"address, address, bytes[32], [address address address], 766324","Error(Contract, #2001)","Error(Contract, #2001)",unknown
aed7aac1dbc238f621cd624bc36affe37fbc48fd6ac2559d10249e167b617dfe.wasm,"address, address, address",ok,"Error(Contract, #2)",no
af7bcef43d779b4c88bf4325a70de23deac55f401352be1e0ee3f3c378a5b4fd.wasm,"f, m, 527387",ok,ok,yes
b02077bee88de8d0b9dbdca3ceb20d9334d8283074c2615e34cc53451acf5a1a.wasm,"address, 776732, , 0","Error(Contract, #605)","Error(Contract, #605)",unknown
b0656c76a9e489718ace0e60390b32ea516b11c83d81bbab980d5145689703d3.wasm,"address, address, address",ok,"Error(Contract, #2)",no
b0718b590c112d928b2b4f1868f7a1b2ace50bff4beb8ae4031011ae73577d0f.wasm,{native_token: address network_id: gik sender: address upgrade_authority: address},ok,"Error(Contract, #2)",no
b0c4ee88a2d47f346ae35fb64aef1d167e2148cf7fca7493ba88b058d49068a3.wasm,"address, kwr, t",ok,"Error(WasmVm, InvalidAction)",no
b0fac63cdbb6f5b6287f33585db90ade921dc4b138fcdfecc6aa547c39450833.wasm,"3xn, 3",ok,"Error(Contract, #6)",no
b1555702a4cca7c44e02beb5aa82b0271c0367471c68f2ec9246c31b202e38ee.wasm,"address, address, address",ok,"Error(Contract, #3)",no
b171497d25b17e09a9725bfeff436938fa1c4533486dac14e6cdfb4678ffce57.wasm,"address, address, address",ok,"Error(Contract, #1)",no
b1a6152161a54be7a97c80b3156ca9a6a01416ed7bc35e660b5e322309c194c6.wasm,address,ok,"Error(WasmVm, InvalidAction)",no
b1d63b1744696324837aaaa841fabfc287db498835f470ab2c0947f8087942fe.wasm,address,ok,"Error(WasmVm, InvalidAction)",no
b206ad73749070ab2e5ebef8635121d20f305d953fbccaab5b238c4e65424a7c.wasm,"address, address, address",ok,ok,yes
b2475145ef8988df0d66ff4a9ceca829fdb883121f281c01d8fcf664afcebfc9.wasm,"address, , cf9, 596470",ok,"Error(Contract, #12)",no
b27daf202beb42d72771b0c8808ea3bc041ba04bc8c3472d4129db99c6334030.wasm,"address, 8844",ok,"Error(Contract, #4)",no
b28ebedebc2c41d54dfaa30256b82823de72c220d85664c7eed8871b78f3a943.wasm,address,ok,"Error(WasmVm, InvalidAction)",no
b2be006d3423d8dd1075f4df6f8f76e7000174c119149d4bd2021ddd050c13cb.wasm,"address, {apy_alpha: 641394 burn_receive_percentage: 255906 burnable_percentage: 802280 dogstar_fee_percentage: 147780 haw_ai_percentage: 274253 oracle_contract_id: address power_action_fee: 905442 power_to_usdc_rate: 248439 stake_interest_percentages: [293734 400155 911927] stake_periods: [] terry_per_deck: 659984 terry_per_fight: 291562 terry_per_lending: 343902 terry_per_power: 498914 terry_per_stake: 304764 withdrawable_percentage: 668086 xtar_token: address}",ok,"Error(WasmVm, InvalidAction)",no
b33759347acc1858216df962a0ec7f7f6a6de2630802244eb5e3873ae0d686e7.wasm,", address, address, address",ok,"Error(Contract, #3)",no
b35c14919180f1cc5be312b28e0d5a9ac9f112dc6dee799f52188b6826fdd2c4.wasm,"address, 422038, , dbt","Error(WasmVm, InvalidAction)","Error(WasmVm, InvalidAction)",unknown
b3a877585737e9f48f64146799e76f93158c4812c64ae3e95e9fc474784216b1.wasm,"address, k, 6",ok,"Error(WasmVm, InvalidAction)",no
b3bfc37d8f4396888605c66cfc19448cb0c552d67bd8355bf292d4515dd79ead.wasm,address,ok,"Error(Contract, #1)",no
b3c9fa65079416f5c6c8f58f200e7c8af68d48181066cf36d46e4811a184a6a8.wasm,"address, address, 450930",ok,"Error(Contract, #1)",no
b3e142604623f22f70bd6c145ff9b8db1069ffea4d9380333aac9573f5325f41.wasm,address,ok,ok,yes
b415cdb0876e95670d176a4acceee767fced4f4c79d88d2e58ab37e54898f6d5.wasm,address,ok,"Error(Contract, #3)",no
b427363f17a2bfd6007b33c1827c94f4c0d58646adfe3cfa65b4499ae77c24f0.wasm,"bytes[32], address, address",ok,"Error(Contract, #2)",no
b44e50d998f58b9fc1981a81391adbee20cf354be89dedef2271277d448525e2.wasm,"address, address, address, address, address, address",ok,"Error(Contract, #2)",no
b45839512882d9456e4c8af26367a3e89419825874015b77c4a695c317a83671.wasm,address,ok,"Error(WasmVm, InvalidAction)",no
b46eb071487fc9e944e0ca39c5bf220925b26ce4b966e8a236b67f3ecef099eb.wasm,address,ok,"Error(Contract, #1)",no
b4900bc1f258c377b17eb3809fa5b250540b7202faa44e6e84928fcb30134b9d.wasm,"address, address, address",ok,"Error(WasmVm, InvalidAction)",no
b4e621fbdc990177ef071c439100bc382c58d08e9d9710f82fbb993698e17931.wasm,"bytes[32], bytes[32], {admin: address default_slippage_bps: 387537 fee_recipient: address max_allowed_slippage_bps: 799246 max_allowed_spread_bps: 974124 max_referral_bps: 125546 stake_init_info: {manager: address max_complexity: 691802 min_bond: 651090 min_reward: 622692} swap_fee_bps: 944097 token_init_info: {token_a: address token_b: address}}, address, 763047, 5, a, 675446, 410497","Error(WasmVm, InvalidAction)","Error(WasmVm, InvalidAction)",unknown
b4f35b3f1373d63f37ab35c5ffb2e543fd0974caf5d3341aea55de6cd5d88765.wasm,address,ok,"Error(WasmVm, InvalidAction)",no
b5080a685a1e7af3be47cdb05d2b59034e5364746eeb260ef31894fc374599bb.wasm,"address, address, address, f, true, address, 586134, 75069, 564343","Error(WasmVm, InvalidAction)","Error(WasmVm, InvalidAction)",unknown
b526cf0cd8ec9c900d16b4caeddcc3bc34031fc27fa16ed303a63eba0fcf716d.wasm,"address, address, address",ok,"Error(WasmVm, InvalidAction)",no
b54ba37b7bb7dd69a7759caa9eec70e9e13615ba3b009fc23c4626ae9dffa27f.wasm,"address, [address address address address [address]], address, bytes[32], [address address], 514570","Error(Storage, MissingValue)","Error(Storage, MissingValue)",unknown
b5729cda915dc85b047dc56a8f64a106d63242c790c6ae89d0edc07ac727f671.wasm,{admin: address chain_id: 261754},ok,"Error(Contract, #3)",no
b68c078db43322193f6ba22fd20e54053935305c29e27050fd3b02a9bd749748.wasm,address,ok,"Error(Contract, #2)",no
b699527d2c20d3d2509be6bacfacb5bc70e4443e90217c55e0e031dc98e47d09.wasm,"address, address, address, 741407, 167169, address, 406715, address",ok,"Error(WasmVm, InvalidAction)",no
b6ce504930f43aac1af31b80078a65f83824c036311309fd8f99683946a16108.wasm,address,ok,"Error(Contract, #2)",no
b6f291b07430a8bdfc86f178d71b2759ad3b13e76b1f0232969f914103f432d0.wasm,address,ok,"Error(Contract, #1)",no
b70ba6ef1ba0b92213896a7ae286b414d1a17e9b862dffe88a980c2792755d87.wasm,"address, address, address","Error(Contract, #1)","Error(Contract, #1)",unknown
b74367b144fcbbb3b39489499d68721bcecde8db688d6f65a03b01c003080004.wasm,address,ok,"Error(Contract, #2)",no
b772487fffd3713d277d03185b214b87e5082d87ee4520ffc138462c84dcca8b.wasm,address,ok,"Error(Contract, #1)",no
b7a7ebb74f03a879aa2c43ef9ec3e7e720bae1601bf9868f44e5bd55e1a912f8.wasm,"address, address, address",ok,"Error(WasmVm, InvalidAction)",no
b7b85a40d548ab3c95af5252bd238f33c1b4b8b20abec75fb72470ae57ae904b.wasm,"address, g1",ok,"Error(Contract, #1)",no
b7d0fa1db16c4fe6f05507abce39feb0594feb298e4e3a582e4d325e3bff8a8b.wasm,"address, address, address, address, 891092","Error(Contract, #2)","Error(Contract, #2)",unknown
b7eb18e2eb98b67e8be57168b52f6555414570202825604b3beb5ec3e33ac41c.wasm,"address, bytes[32], [address address address], 989563, 739921, 220332","Error(Storage, MissingValue)","Error(Storage, MissingValue)",unknown
b809596396cf8beb58c1a7f1c4c4bd0b5ca385b2f20bf4eb03198fc9f7bae28e.wasm,"address, {apy_alpha: 956128 burn_receive_percentage: 437043 burnable_percentage: 420048 dogstar_fee_percentage: 298489 haw_ai_percentage: 967617 oracle_contract_id: address power_action_fee: 387353 power_to_usdc_rate: 912828 stake_interest_percentages: [291704 153910] stake_periods: [779054 709544 476302] terry_per_deck: 811555 terry_per_fight: 204561 terry_per_lending: 846148 terry_per_power: 439202 terry_per_stake: 931481 withdrawable_percentage: 813658 xtar_token: address}",ok,"Error(WasmVm, InvalidAction)",no
b8583edbc056cf7ffb4903520ab429db3404f02afc7a5aa631705267d0779dfb.wasm,"{asset_token: address borrower: address deposit_deadline: 894236 max_capacity: 457925 min_capacity: 464554 offer_book: address request_id: 369615 settlement_engine: address vault_id: 908198}, w2, ","Error(Contract, #9)","Error(Contract, #9)",unknown
b87cf19d474e54dd16b91628930ef5d4d9a095c47cdd99d71a9a2e0052d301d0.wasm,"address, address, address, 89110, 752190",ok,"Error(WasmVm, InvalidAction)",no
b893a6a0cfc68855cf8c0fd129bd8137860d9ca16c1bbf5c375625431f76425d.wasm,"address, [address address address address [address address address] address], address, bytes[32], [address address], 301818, [853174 394365]","Error(Contract, #2003)","Error(Contract, #2003)",unknown
b8f807de22e3720bdd2c33988f9bcd73215eb4b871a334eb5fa039c9e301cfe1.wasm,"address, address, address, address, 159250, 564238",ok,ok,yes
b901b221148cc36bb19e8d15f377d7511f84ff6a84555ddd3d4d929677a030e1.wasm,"address, address",ok,ok,yes
b92c5ea9933b42ae46874eb3a372fd5392dea692da952d5fb64aeff949868519.wasm,"address, address, address, address, bytes[3], address",ok,"Error(Contract, #2)",no
b9691a1928d603162bcc8ce360c28c64134e37c53be8b1fcd03c91f1a73e5784.wasm,"address, address, address",ok,"Error(WasmVm, InvalidAction)",no
b97f7deed3ed7d8e86f84ac89dd7d0b7b6ca348a0d60dc4eacb8c73fec772da1.wasm,"address, address, address, address, address, {downvote_ice_token: address govern_ice_token: address ice_token: address upvote_ice_token: address}, address, 80761",ok,"Error(Contract, #2)",no
b98a1ce669664992523158840f1985056fc5b0303bd727b50090d7a980b26be6.wasm,address,ok,ok,yes
b9a63c1d0aabe503799c68e67cde630374a082c565b26d4c3d83cfc3c238522c.wasm,"address, address, 198497, 863550, address, address",ok,"Error(Contract, #1)",no
b9f82f5456019016a1a152c6d68072930f77b89cd045392689521708d3bb69a2.wasm,"address, address, 330093, 564095",ok,"Error(Contract, #1)",no
ba052d2552c2b3086dbbc34e2e5eb2c9e7ac2fe0880d2121b97f0bd1d6a25e6b.wasm,"address, address, address, address","Error(Object, InvalidInput)","Error(Object, InvalidInput)",unknown
ba057fb6f20b6f4048ed8a5b142cfb35ff4b91d26f787295f2080623602d01e7.wasm,"address, bytes[32], [address], 97229, 553926, 784707","Error(WasmVm, InvalidAction)","Error(WasmVm, InvalidAction)",unknown
ba1d08b2abf93187663516ab6fa46b2c5c898fac42fdcefb038f0885cd83ac1a.wasm,"address, address, address, address, 556601",ok,"Error(Contract, #1)",no
ba4e6831a9d7c1bdbc290afacc99672b1f703a552bf35e91e8f4fe8a3ea9f143.wasm,"address, address, address",ok,"Error(Contract, #1)",no
ba97f944c07ed598ab50866caa761f56ebc781a1fa898d8c74df2ee456f16c0d.wasm,address,ok,ok,yes
baabbdd1d1816be62751880621a323168525f839442de5f4c1ce1c1a0ebf42b1.wasm,"address, [address address address address [address address address] address], address, bytes[32], [address address address], [26054 562787]","Error(Contract, #2001)","Error(Contract, #2001)",unknown
bae64212e66d36a12f0b398ea2a75830c7324d64f2f0b615dc49ccbd869432c0.wasm,"address, address, address, address, 959758","Error(Contract, #9)","Error(Contract, #9)",unknown
bae9f4fbfbc8646d4f1b2bb4ae17a6c719804961129acb93c34e80795a64118a.wasm,"address, {apy_alpha: 333639 burn_receive_percentage: 544595 burnable_percentage: 599130 dogstar_fee_percentage: 12529 haw_ai_percentage: 361681 oracle_contract_id: address power_action_fee: 199744 power_to_usdc_rate: 974731 stake_interest_percentages: [657265 143734 858266] stake_periods: [433917] terry_per_deck: 753314 terry_per_fight: 959469 terry_per_lending: 28871 terry_per_power: 210553 terry_per_stake: 433625 withdrawable_percentage: 19605 xtar_token: address}",ok,"Error(WasmVm, InvalidAction)",no
baeed8aba2449ba0a9e76d3e03d7ad19c634cc9808bcd4ef80384b2a5ab1c384.wasm,"address, address",ok,"Error(Contract, #2)",no
baf978f10efdbcd85747868bef8832845ea6809f7643b67a4ac0cd669327fc2c.wasm,"address, , address, 853117, 567720, address, address",ok,"Error(Contract, #3)",no
bb6e6a3279f34b87fa7e9b507a61ccbffaee86e98fb9982052b394d1fe8c3e8e.wasm,"address, address",ok,ok,yes
bb79374086c981f6937907516ba98af68aadf005bc34f0a18a863e7d02d37b48.wasm,"address, [address address address address [address] address], address, bytes[32], [], 577732, [833687 335752]","Error(Contract, #2003)","Error(Contract, #2003)",unknown
bb8f831a785d871b98169a1727e8ee8a831a070959eccd2225d9fc27a223a62e.wasm,"address, address, 104751, address",ok,"Error(WasmVm, InvalidAction)",no
bc054afff1d44565a17381250e3a52127ee3d39b95c5eae582f43f0f6077e577.wasm,"address, address, address, address",ok,"Error(Contract, #12)",no
bc09c05b214c19a5468214c345937b294d9ccf927293c2fda65b5696ffffd9ab.wasm,"address, address, address, address, address, address","Error(Contract, #9)","Error(Contract, #9)",unknown
bc37f48592dc3dfc233da1d7f9e6c8d30c892d88401acbfa31eee4e1479805f2.wasm,"address, address, address",ok,ok,yes
bca8da5612cec41e0450c51aed4d1f6dcf98bf8cb813314423719d967b6bcc0a.wasm,"address, address",ok,"Error(Contract, #2)",no
bcb7a41a868a62079053122377b389aa550922e2dff84b33c8989b771cacbfb5.wasm,address,ok,"Error(Contract, #2)",no
bd0fb75786a3e0c4e402f768a3b9cd2ba4ec8f8940e91ccae252cc5d4f74f12a.wasm,"address, 422400, , hp3","Error(Contract, #605)","Error(Contract, #605)",unknown
bd113f56282fd8d980eb7bf78ff1caf1bd50fdb5535c81001900ba8b5210579e.wasm,"address, address, address, address",ok,"Error(Contract, #9)",no
bd164a68b4b956b3c4aa1cc00ce215abfca26625e366c8ee514397eaf16cc5d2.wasm,"address, address",ok,"Error(WasmVm, InvalidAction)",no
bd29eb39a29ff52950fb3f8919b69031266f8df07879ebbd7f0c8e7b51038de1.wasm,address,ok,"Error(WasmVm, InvalidAction)",no
bd3f0148da91617a338d8c5c467c99c10d8c87317e89d31c26347f876d2b700b.wasm,"address, address, address, address, address, address",ok,"Error(WasmVm, InvalidAction)",no
bda5a770922d2974dc0ef0919c9b1c854baef96c1dc615a908ece4d63ef48cc9.wasm,"address, address, address, address","Error(Object, InvalidInput)","Error(Object, InvalidInput)",unknown
be0930f3ea601ace331ef591471e824f61a1f5c6e5721f126d9635a5dfec28ff.wasm,address,ok,"Error(Contract, #4)",no
be175f49637c6dacce479a69e05f8b6a6980405200ccffca561a5ae4afc125da.wasm,"address, address, 963070, 539761, address, address, 944919",ok,"Error(Contract, #1)",no
be6e4511fb230408b7c602bdbb539fbcdf7b5ed70950816285978b7048348a20.wasm,address,ok,"Error(Contract, #1)",no
be93c8a06701f046fcc91bcecdb68778ef07d18995124b00db66bdbb1656e4e2.wasm,"address, address, address, address","Error(Object, InvalidInput)","Error(Object, InvalidInput)",unknown
bebd8845c4ea8ba6f849a40f631cb29097815d37c877faa9305cc050f9f5f773.wasm,address,ok,"Error(Contract, #2)",no
bee6456eb84c244235eae43ae68f218f17d33e21926548f5342114f15bf35bda.wasm,"address, address",ok,"Error(Contract, #2102)",no
befa64d9d56feba32e18e09f1c364b8a4d863016337bb933ba12cc5c0a8e5b08.wasm,"address, 4w, vs",ok,"Error(WasmVm, InvalidAction)",no
bf65ed1b9bd21bc1306d3cde5e55370194bfa7e9e5acf9d71ce50d3ab1f4c7b4.wasm,"address, address, address",ok,"Error(WasmVm, InvalidAction)",no
bfb57f76fca020705458f0da9c03a168095bc4e18dc4d181b2ec2597291cc228.wasm,address,ok,ok,yes
bfd36d86410d32895a100cb168b52b9fea1ff18eb0b54b918540de7a0c8953c1.wasm,"address, address, address, address, address, address","Error(Contract, #9)","Error(Contract, #9)",unknown
bfded18fdd5f71d36723e765a8c9cfd69c21148b153e7c01545f3c6a3f699cdf.wasm,address,ok,"Error(WasmVm, InvalidAction)",no
bfe8f883a0170359712f60268da88fc1a2fdae146fee05f8efdceb6a14e1e917.wasm,"{admin: address manager: address processor: address underlying_asset: address vault: address}, {emergency_cooldown: void limits_cooldown: 84333 manager_change_cooldown: void manager_daily_limit: 956812 manager_max_per_tx: 911858 processor_change_cooldown: void processor_cooldown: void processor_daily_limit: void processor_max_per_tx: void}",ok,"Error(Contract, #81)",no
c03fb7c97d0f5f08862072cd1f7d50cf26fbbafb229fff654d22b6b6e18d717b.wasm,"address, bytes[32], address, address",ok,"Error(Contract, #2)",no
c06fad955f113f5fbff6844d9b4c668bb88bf2d46f00d63007db5ecdb730d285.wasm,address,ok,"Error(Contract, #4)",no
c0ca47e16ad9c1eee2f32d7da920325fd3cee7a1ab6d892fdfb1d0076a4ca27c.wasm,{admin: address stk_contract: address stk_lp_contract: address},ok,"Error(Contract, #1)",no
c0df2d794c04f2bcbfdce395d3dd293fed14a3662b524cfbad174c0b9b017e46.wasm,"address, address",ok,"Error(Contract, #1)",no
c10b999c532b3341e400b60944003dfbbbbfa1f3c28712917407adae519221d3.wasm,"address, address, address, address, address",ok,"Error(Contract, #1)",no
c12415ab4546287e819f9ede64392e4168cad4a8ef60a10842d8b559f70390ef.wasm,"address, 472878, 4, dcw","Error(WasmVm, InvalidAction)","Error(WasmVm, InvalidAction)",unknown
c134dbe2415f536d00f213db9ac76607086c1e6e15da65e84d6c8caf9cbdd47e.wasm,"address, address, address, 74739, 899953, 691835",ok,"Error(WasmVm, InvalidAction)",no
c14743ccfa00f0ad8e45dbcba5e87d175b76bfc12ded52d0fb87c790b4056647.wasm,address,ok,"Error(Contract, #3)",no
c14d849d12d8a63d0eac5764f794157ab2eb7166050291e95c5484b0b48f0b6e.wasm,address,ok,"Error(Contract, #2)",no
c16ef042a253caffaf15f6887a39573b7fa6bd272f7109917aae2a643b982171.wasm,"address, address, 375282, 813721, address, address, 733904",ok,"Error(Contract, #1)",no
c170274a12cb3c9c3aa8a660c1e6807938ff506dff3d1e2fa843949c175da72b.wasm,address,ok,ok,yes
c1835c705b5a8c5aca540cae42bc72985b4331fe8135ed06a7e5a46caee5442e.wasm,"{admin: address base_token_uri:  collection: address minted_total: 517759 num_tokens: 296055 payment_address: address platform_fee: {payment_address: address share: 306690} safe_transfer_contract: address stages: [{access: [Whitelist address] asset: address duration: 251720 max_per_wallet: 678372 price: 756845 title: b} {access: [Public] asset: address duration: 438548 max_per_wallet: 968797 price: 936774 title: 5wm} {access: [Whitelist address] asset: address duration: 827483 max_per_wallet: 562626 price: 41471 title: }] start_time: 731948}, address","Error(Contract, #2)","Error(Contract, #2)",unknown
c1aa54e88e5af6f82a2be5c8ebd033565a5c58af35cd71496199aa541166291f.wasm,"U256(UInt256Parts { hi_hi: 0, hi_lo: 0, lo_hi: 0, lo_lo: 671336 })","Error(Contract, #21)","Error(Contract, #21)",unknown
c1ba12557ac62d1da4632333d4715689ab444537129b20556f2829e003922bf6.wasm,"address, 908807",ok,"Error(WasmVm, InvalidAction)",no
c1fdf2283077e594a5c3bddf6de30c04c7f24b1e1fba2c5ca3a2f8a02ce5b5aa.wasm,"address, address, 314751",ok,"Error(Contract, #2)",no
c2434d1967c5555a703e9bad8baef88c94d1f1909a65bb2138866cf96b8d101d.wasm,,"skipped: cannot register: Error(Context, InvalidAction)",,
c258a820863b241501754edd7dacef90a8b6dae8627fe53228a5fe1ab2dab600.wasm,"address, address, address, address, address, {downvote_ice_token: address govern_ice_token: address ice_token: address upvote_ice_token: address}, address, 224649",ok,"Error(Contract, #2)",no
c298916e1e52c6428faeb57b6c1b3ca6aae47e2df40fe4bc7b176c943e19de91.wasm,"address, 957469, , 00f","Error(WasmVm, InvalidAction)","Error(WasmVm, InvalidAction)",unknown
c2a00eed46d65d7be8978635d494a5d3d48d28f22a2da9775f79ad5cd4028247.wasm,"address, address",ok,"Error(Contract, #410)",no
c34e201f34d2f6b303cc870cb6463763fd20ffcbc3f87c8940fb22ffdffc8b83.wasm,"address, 708684",ok,"Error(WasmVm, InvalidAction)",no
c3fcac432bf7fb59272fe9a9167bbcf9a54a6aec2d0c804c9f125d6ae73120ed.wasm,"address, address, address, address, address",ok,"Error(Contract, #1)",no
c4456aba5190401944297728a62415f37ad28354b9fbeb9cb2bf917ed2b9d8a2.wasm,"address, address, address, address, address",ok,ok,yes
c4a8b0b2b36d264d3e7fed8af5dc5aa581b8ab4492b5f305971595a95d44e751.wasm,address,ok,"Error(Contract, #4)",no
c4f6b42351f46e0c8190f21cfdedb734e7f4247c1fd610a7dff7d14f1d7c9ba5.wasm,"address, address, address, address, address, address",ok,"Error(Contract, #9)",no
c523f157b7ca86412223f954ebf29aeeb3cdd0c17ed680b2d9f4aad3ba748774.wasm,address,ok,"Error(Contract, #11)",no
c52a361115130ca0daa1b36f92d56b8b97f15982600878ef63a64461a664c6c7.wasm,"{alpha: bytes[64] beta: bytes[128] delta: bytes[128] gamma: bytes[128] ic: [bytes[64] bytes[64]]}, bytes[32]",ok,"Error(Contract, #1)",no
c5b78f174349358f1d453b0539717b1cf23c7d4edcc161f2027168b0efc24161.wasm,address,ok,"Error(Contract, #1014)",no
c6300501ec6d0f4db565dac26b4d28ff7c64a99ad485df03adda03e76f1b54ed.wasm,"address, address, address, address, 296399","Error(Contract, #9)","Error(Contract, #9)",unknown
c64855ddc83a77c39da80061fcbd950a49e9f78a46a66ef2fbd442c0f94c976e.wasm,"address, address, bytes[32], [address address address], 180024, 239138, 647620","Error(Contract, #2003)","Error(Contract, #2003)",unknown
c65799c2afcafb8202040b6b0de465b6382bbce02f543f60681802b2da20abd9.wasm,"address, address",ok,"Error(WasmVm, InvalidAction)",no
c695d8556eb33d82a422ba73d100261d7e0be22579e04e94cb1910fdcb7d9cf1.wasm,"address, 534295, , j8","Error(WasmVm, InvalidAction)","Error(WasmVm, InvalidAction)",unknown
c6c75980026559e1f872bdfb4c559c5b142462d40841d867d3f4f7198fe9f01b.wasm,"address, address, address",ok,"Error(WasmVm, InvalidAction)",no
c6e7e28b917632bbde7fd662cb63c064ca5faef85dbf35c8f2b6c7cd7c89e945.wasm,"address, 565445, , 48","Error(WasmVm, InvalidAction)","Error(WasmVm, InvalidAction)",unknown
c6f97f7c742a1752fdfcbc221ca806d67a9eb1d91a1364c3d662552c74de041a.wasm,"address, address, address",ok,"Error(Contract, #1)",no
c6fb33e7ea909d6050f33f52c617314ed1a3eca5fb15b7b4fbe72debd13309b0.wasm,"address, bytes[32], bytes[32], bytes[32], bytes[32], [address], 450396","Error(Storage, MissingValue)","Error(Storage, MissingValue)",unknown
c72d13a0a2fc5c55303d6ed3604334e73d7db2f579ee66da5d3c8e1f335d4142.wasm,"address, bytes[32], [address], 707975, 624170, 660887","Error(WasmVm, InvalidAction)","Error(WasmVm, InvalidAction)",unknown
c744b87d4aceae796e9ce8f57a6626f1bb65e35796540e13bc7f8b12f835133b.wasm,"address, address, address",ok,"Error(WasmVm, InvalidAction)",no
c753f779848400fe4960a314198c2b1b79b55ce28caba684bc4c58cf10ada04a.wasm,address,ok,"Error(Contract, #2)",no
c7bb4fea87e25db9fa7cf68b3c01a54c2644ab9c7102d2e5a08fae653639fccb.wasm,992605,ok,"Error(WasmVm, InvalidAction)",no
c7d9241805d92ba2dc24cd1aadb7185fa3b499ba245ff1c0bf9870b7ea86659d.wasm,"{alpha: bytes[64] beta: bytes[128] delta: bytes[128] gamma: bytes[128] ic: [bytes[64] bytes[64] bytes[64]]}, bytes[32], address, address, address, 661916",ok,"Error(Contract, #1)",no
c7e06c4548847465d90491ce7576d89eb5e47d8c4c59ee613206d09483f3581e.wasm,address,ok,"Error(WasmVm, InvalidAction)",no
c7f454de6029276c48af0047647ac195d0ccfb81a4ac13265f59e1dde19aeef0.wasm,"void, void, void, [0w], [], [875033], [], [759354]","Error(Contract, #501)","Error(Contract, #501)",unknown
c834b9ed6b60aa084d82fda7d6fc2d2f54b0bd72e34dded706121f62df808d53.wasm,"address, address, address, 643493, address","Error(WasmVm, InvalidAction)","Error(WasmVm, InvalidAction)",unknown
c839deb89b978c4f86f0593eca445061b09f47d692ea251583a86ad8e192b6e7.wasm,"address, address, address, address, address, bytes[2], address",ok,"Error(Contract, #2)",no
c83ad620de2036e813730d0a476adb2bbda3e6c0819e9408d1c1ccc8c18d5c32.wasm,"address, {icon_bn_usd: xpv nid: v2 upgrade_authority: address xcall: address xcall_manager: address}",ok,"Error(Contract, #2)",no
c860873f7ffdae8e93467272a9ab7caa2b6a9b37a3c4af6c201d5395eb15a0ad.wasm,"address, 771932, address",ok,"Error(Contract, #7)",no
c86dc7f0b5b17fc2aca373d7c2eba2b9e4ac4dd693c069db57c3f46e6b73e0b3.wasm,"address, bytes[32], [address address address], 213521, 591143, 755972","Error(Storage, MissingValue)","Error(Storage, MissingValue)",unknown
c86f5e0b4d2821b42dbcf788392d37c1d35319984608e18ddf9f6852d0fa499f.wasm,"address, address, address, address, address",ok,"Error(Contract, #1)",no
c8c2c8c441c0e4c42ebb278a8d421c24f2a9898991fbdbd2720a121bf43bc57e.wasm,"address, address, 78483, 579271, address, address, 123922",ok,"Error(Contract, #1)",no
c8cd6b600e14585463e5ace25571dcebf5dbef2ba884b25350aa2894fa6b504d.wasm,"address, 415692, yxa, 5n","Error(Contract, #605)","Error(Contract, #605)",unknown
c8f4793cd2e6c043586278880713005fdbbaaa9cca11183d84ce20f36d8cd407.wasm,address,ok,"Error(Contract, #1)",no
c908c656a4ae77390dc05d43419f8624ebe1eef3d1d14d122370017ec5231fe9.wasm,"address, address",ok,"Error(Contract, #1)",no
c961e5de68b41f90088f51b55579778ac8c0bba099076a68eb1b15b8bcd98e50.wasm,"address, bytes[32], [address address], 495853","Error(WasmVm, InvalidAction)","Error(WasmVm, InvalidAction)",unknown
c9cdd8f3f8c991783657809efb816c3330d4408500b8c87979ca0d263a107b8b.wasm,"835766, 794851, address, 262014, 758808, address, address",ok,"Error(Contract, #2)",no
c9d43882553a984c42b44927f9870f02ae83693dfde92d74d15d336a522b17a6.wasm,address,ok,"Error(Contract, #1014)",no
c9eb92a5bc645f7b125bb1b45a34fcbf1c710dc390d7230a08a4ddec111e0bd1.wasm,"address, address",ok,"Error(Contract, #1)",no
c9f673a1dee7ae1d0a2115ff948a4c2a25ab7fac9d91e544e438b9b94b6677b0.wasm,"address, address, address, address, address",ok,"Error(WasmVm, InvalidAction)",no
ca1e824dd71f52fb086f8770850a2ca43c8661dab5733d19c8d0de66e2b3a7e5.wasm,"address, address",ok,"Error(WasmVm, InvalidAction)",no
ca537137a3ea7d5a14680cc48373adfb4b7163c13d4f78e12668262fd319ab44.wasm,address,ok,"Error(Contract, #2)",no
ca5dc5774ebfde71c44618a773deddd36644656fddb3b8498d2206918cbe3e91.wasm,"address, address, address, address",ok,"Error(Contract, #9)",no
cab7f385e9d171155664d8860e09b91bb4d349b8c908b29237dea3eb9211c429.wasm,"address, bytes[32]",ok,"Error(Contract, #0)",no
cac93e1c0bb350bf728945fb0d979357ca800c8b0b421c0253ed3167983f1a2d.wasm,"address, address, address, address, address, {downvote_ice_token: address govern_ice_token: address ice_token: address upvote_ice_token: address}, address, 70894",ok,"Error(Contract, #2)",no
cad725da76353b34f3ddbca94b5c1e1dec2d4e5f9900b7a854ad7bbe13ff5141.wasm,"address, address, address, a, , 898261",ok,"Error(Contract, #12)",no
cae3eb4db28b70d37e7d05c239a8089ef237f9970169463a72eaa8247559c084.wasm,address,ok,"Error(Contract, #2)",no
cafc5a34cc17c49f29c1aaeefe20520ac3d6336747a6eb125cdd85e082857cc4.wasm,"address, address, address","Error(Object, InvalidInput)","Error(Object, InvalidInput)",unknown
cb237ace7051472eaa68a67a3261e951e936bb7554494886171e3781ad35b77f.wasm,"address, address",ok,"Error(WasmVm, InvalidAction)",no
cb28531b98c4badf845da8b01832ab7f251e89459e54bc24ff9de2b1b837c3bf.wasm,"address, address",ok,"Error(WasmVm, InvalidAction)",no
cb820e60539caa3663b6de42cfa16badca01e14a043dfbb543d6239595e2cc65.wasm,address,ok,"Error(Contract, #101)",no
cb87deed63947ffae253beadfc76f29c0f4b16f0fd98d9b481ea4bcfc8e139a8.wasm,"address, [address address address address [address address address]], address, bytes[32], [address address], 60906","Error(Storage, MissingValue)","Error(Storage, MissingValue)",unknown
cbf7a60a6554b5c2eebce2db35b518d4fbabc7b8f8f260ad7e7b193850a78bc2.wasm,"address, address",ok,"Error(Contract, #1)",no
cc0e40810209030946a09172fbcd77a8af9ab849c2f7d240ddf6551e459e80a1.wasm,"address, [address], bj",ok,"Error(Contract, #1)",no
cc16542c731002546ee1a82da2910d83f9646057eb32ce0af6b45ba444d41f0b.wasm,"address, 549455",ok,ok,yes
cc34133f9d6c2f2a75238e33c47f78498496fd534bbbc2cdaf643438fada1120.wasm,{native_token: address relayer: address upgrade_authority: address xcall_address: address},ok,"Error(Contract, #3)",no
ccbade3fd924c5502188092526aa38be4ae517cd5f7d390f4cb793b7fdb5dc80.wasm,"address, address, address",ok,"Error(Contract, #1)",no
cce3f725bf3454db80e6929a8d49e0fdb95b7ff937c088ca3e8818dcea5039e2.wasm,{admin: address assets: [g b] fee_fraction: 954482 lp_token_info: {name: h24 symbol: i token_wasm_hash: bytes[32]} oracle_registry: address privileged_addrs: {emergency_admin: address emergency_pause_admins: [address] operations_admin: address pause_admin: address rewards_admin: address} quote_max_insurance: 729938 router: address synthetic_sac_address: address tier: [A] token_b: address},"Error(Object, InvalidInput)","Error(Object, InvalidInput)",unknown
ccee8cb55ef85dcc44d1443782e70f94395b59780239cfb33eb35b612febe70f.wasm,"address, f",ok,"Error(Contract, #1)",no
ccf4aab9fa5e0e67bc59ba0a1c2eb92ad73bb10d273335707e47207183fb6768.wasm,"address, address, 164273, 6m, ",ok,"Error(WasmVm, InvalidAction)",no
cd2bd102d5858578733d54301d1ee18b94d35c3a4f88b16f113d982b76e531f8.wasm,address,ok,"Error(Contract, #410)",no
cd3e15f3a13d07dbda5561a4137035124f3cbdb964becfadf9bb54630f839daa.wasm,"address, bytes[32], address, address",ok,"Error(WasmVm, InvalidAction)",no
cd95bf715001c417b09f1ac19e54dd4cd032cc916efe2255ec3c63d16ee87adf.wasm,address,ok,"Error(Contract, #2)",no
cdbd8be1e10b794a44ca45bfb8cb3943b31b751ed76e9acc2c950b3c09151631.wasm,"address, address, address, 46301, 927262",ok,"Error(Contract, #2)",no
cdf7bf48f96ad2ecce862690af94041a56156be1fcfe84d8df3bac215cdf1e5d.wasm,"address, address, address, address, address",ok,"Error(Contract, #1)",no
ce229f02aefe80edc88f219e73b1e0224c62744130d9e329d2556d940994d53e.wasm,"address, {icon_bn_usd: 5c nid:  upgrade_authority: address xcall: address xcall_manager: address xcall_network_address: 7p}",ok,"Error(Contract, #2)",no
ce52a2af6678a2aa00d44220db604f4474bab3b78c285a52aebc77b13ba1898a.wasm,address,ok,"Error(Contract, #3)",no
cef52dd67fffbdfaf1bd368eadfe684d10384d26723e81d99caefef1e22f8bfd.wasm,address,ok,ok,yes
cf510d418d5673598f3c70430d71bcd733af161f7eb4a75303ac2f9aab9f464b.wasm,address,ok,"Error(Contract, #13)",no
cf9936d20bc9047c6beb25ccc318247d4d209f993aa806e2f4c66dd9004b39ed.wasm,"address, address, address, address, 591069","Error(Contract, #2)","Error(Contract, #2)",unknown
cfa2070d1adcee3f76306ebb6792ed7ae30b9e554bb6f300d0a7f870cfa13d06.wasm,"address, address, address, address, address",ok,"Error(Contract, #1)",no
cfa823e62197e720d9d293ee7dfa1ea3328d5b612b870c753c136e551b1cca30.wasm,"address, 233268, address, bytes[32], address, bytes[65], {bytes[65]: true bytes[65]: true}",ok,"Error(Contract, #1)",no
cfc3a4ac351b9cfd901bf5e8857a0ae486385b034882483c332d258bd27111b5.wasm,"address, address, address, address, address, address",ok,"Error(Contract, #9)",no
cfec83c1227c3cafd110eb422ec7215e246103cf9f3db59a13de3336be3d51a9.wasm,"address, address",ok,"Error(WasmVm, InvalidAction)",no
cff428d9fbfc44004a7727a74b0a54902d107c8dfe0fe41ad29a3f93b0631934.wasm,"address, 30156",ok,"Error(WasmVm, InvalidAction)",no
d0044d9028f6cbdd380333093a66a7e9e6b4b854044d81212d0363fdd34f1791.wasm,"address, address, address",ok,"Error(WasmVm, InvalidAction)",no
d0144805a2d8a2afd92b3eec27ceec05f8719f66d7e79a1bfc775c6255099986.wasm,address,ok,"Error(WasmVm, InvalidAction)",no
d023145534b1c4092289d95f389775a1f3925c56cddf49f9f60f5a5241d110f5.wasm,address,ok,ok,yes
d063a5ff4a2e0600ae8d2d644b240d274eff0547a3eefbc5d19c08b358e90546.wasm,"address, [{paused: false protocol_id: 2 router: address} {paused: true protocol_id: 3 router: address}], address, 220635, bytes[32]","Error(Contract, #617)","Error(Contract, #617)",unknown
d086369877582636ed194c40056b250b143478f87cd4283f25b0220a487569d9.wasm,"address, [address address address address [address] address], address, bytes[32], [address], [900637 607968]","Error(Contract, #2001)","Error(Contract, #2001)",unknown
d0c742856fbf55b3062d66814cea96704c52adbf7f4b3e183999af2d3105db06.wasm,"address, address, address, {capital_recipient: address delayed_settlement: true fee_recipient: address min_investment: 589031 min_redemption: 148501 offer_escrow_period: 436951 origination_fee_bps: 645440 payment_token: address redemption_fee_bps: 131361 redemption_lock_period: 838586 service_fee_bps: 235872}","Error(Object, InvalidInput)","Error(Object, InvalidInput)",unknown
d0de20f0b419313447c0b0e7c98518c837ebc5d4df61c7149071c70e181c9873.wasm,address,ok,"Error(Contract, #402)",no
d0eaa2bf4bb20c373c9704229f9e24139bec1571165d2fe4470b211be95ffd8e.wasm,address,ok,"Error(Contract, #2)",no
d0eed590de25b7d1a54e1e09897f4acd8a57a9c46c62a01eee350618e4d695b7.wasm,"address, address, 835944",ok,"Error(Contract, #2)",no
d110296f413d5e9f0a592795724d58a659a0f2678e36817df35e3ce38ddba95a.wasm,"address, []",ok,"Error(Contract, #502)",no
d14e8cf2e2c07ac4237e4804a50d02c717333ab2a1a4ed63cc63228e265b0a0d.wasm,", , address, address","Error(WasmVm, InvalidAction)","Error(WasmVm, InvalidAction)",unknown
d15769c1e97507561fa6000d016229ec1c9c0a8f4f1878f56d3f50466dd63e9e.wasm,"address, g7, bv, 802651",ok,"Error(WasmVm, InvalidAction)",no
d170938c145fcb6a1b1b13195237f93a795db66ad41534acf5dda868b4950251.wasm,address,ok,"Error(WasmVm, InvalidAction)",no
d1bc19216f3c6f1c9060935c161f034f0930a74e7140d2baeadd4cfa8a6a3a5b.wasm,"address, 680249, abc, 95","Error(WasmVm, InvalidAction)","Error(WasmVm, InvalidAction)",unknown
d28683f723ae932a0eae1ced62a91a23738af3d8bbb79bcfb1fc7b20e9a9f2f9.wasm,"address, address, address, address, address, address",ok,"Error(Contract, #9)",no
d2bac3ddc9d0d643fdd6f0dcd6dde2bcd421525307e73cbebe7b609d63a9b9b9.wasm,"address, address",ok,"Error(WasmVm, InvalidAction)",no
d2cd4e0db809ace6a6a711800ae42303b3fe7e7c1927f446611db1e9465bdeb6.wasm,"address, 554246, , ","Error(WasmVm, InvalidAction)","Error(WasmVm, InvalidAction)",unknown
d30802b77f8a5c12023af2f7158e979113803a4c623d52e8e03d0ae5b46c6039.wasm,"address, address, address, address, address, address","Error(Contract, #9)","Error(Contract, #9)",unknown
d332d0e11bc48141e472cb6ccbcc0871f3d6d092560a1704b1231f27da437b89.wasm,"address, address, address, address, address, []",ok,"Error(WasmVm, InvalidAction)",no
d34c166bae5bc00cf504d56bc44244a276db477968081b4bd445698ab71412ab.wasm,"address, [address address address address [address] address], address, bytes[32], [address], [282513 279546]","Error(Contract, #2001)","Error(Contract, #2001)",unknown
d370dc79be4af9922fc34d431c0dceff8268b5f9c81b18bf877e855645e48023.wasm,"address, ck, void",ok,"Error(Contract, #1)",no
d3921fbd2c60a4b359a0f29a792e3532a1809335c93435a71455e9acdf9b1c28.wasm,"address, address, address, address, address, address",ok,"Error(WasmVm, InvalidAction)",no
d3926a274eccc3713232625984f0a5177dba0267f58f40a9972371ba4bc97980.wasm,"address, address, 929697, 37269, address, address, 278531",ok,"Error(Contract, #1)",no
d3a1c7b6d177cc35ad6ce54492808f43aa8a2363f2b7a9446a34c381e05e5680.wasm,"address, [address address address [address]], address, bytes[32], [address address address], 621768, 802454","Error(Contract, #2003)","Error(Contract, #2003)",unknown
d3a8f996d3c1f5ba3aba01cea451578dbf89851ede900f8b61ea6c8b41aa95df.wasm,"address, address, address","Error(Contract, #1)","Error(Contract, #1)",unknown
d3b6d659172b8849453ab103491cfbadfc9af573fc311d95bf15d1522525eb9b.wasm,address,ok,"Error(Contract, #2)",no
d3cbd631a73f70413cb08274a4c6737f402660aa6d718480540c18512111973e.wasm,"address, address, address, address, address, address, address",ok,"Error(WasmVm, InvalidAction)",no
d40f0a005dd2b05c6d7240b62f7f11d6fc0cc1925532d9b160a182d9ac2efe48.wasm,"address, address, address","Error(Contract, #2)","Error(Contract, #2)",unknown
d44487d42355ac978ddb16c28ac4672d91771e918bab07e2cc4c768e7f6fcee6.wasm,"address, 864303, address, address, 728953, address",ok,"Error(WasmVm, InvalidAction)",no
d48701791d2fd7cb412a89093507608b472f9631ae404ca6c49d362e57380759.wasm,"address, address, address","Error(Contract, #2)","Error(Contract, #2)",unknown
d4c13dfd28241c3df62d604e91fca0510b926aebe315acaa0cdcf9451fde8c35.wasm,"address, 67444, s3, mh",ok,"Error(WasmVm, InvalidAction)",no
d4f516e320aea7aa4dd30cd5469f7a95976344cb8489f00142b0259743bfccf7.wasm,"address, address, address, address, address, [address address address]",ok,"Error(WasmVm, InvalidAction)",no
d531ae75dc2f47d86e6327aaa2198d7c50e3afc5187c53204684d95fcc99dd93.wasm,"address, address, address, address, address",ok,"Error(Contract, #2)",no
d567b550d95b4e57ef2024eba805f6046ac1f2cc30965908174940ef6973a879.wasm,address,ok,ok,yes
d5a656f1cee86ccbb94729638f158711680e29611f1a4171115e0dd2cb93c818.wasm,address,ok,"Error(WasmVm, InvalidAction)",no
d5c8ed84c56192201b061e68e11d7376e1342364da3aec7c2e053a33dcae03f1.wasm,"address, address, void, bytes[32], 149315, address","Error(Storage, MissingValue)","Error(Storage, MissingValue)",unknown
d62336ecc668bcef6dca23de9fa09adb978fa6e2ca241a1c1a356f5e249d617d.wasm,"address, address, {icon_asset_manager: e native_address: address upgrade_authority: address xcall: address xcall_manager: address xcall_network_address: 1}",ok,"Error(Contract, #3)",no
d62efe5ab89c35fb1ec0faa73d41a710c4b6a605ae6638b8d016d575200520e1.wasm,address,ok,"Error(Contract, #3)",no
d65b3bb0e0c61300e44efa61d50ae9ac6d32544382093b502182f884819740ec.wasm,"akr, b6s, 285108, address, 690050","Error(WasmVm, InvalidAction)","Error(WasmVm, InvalidAction)",unknown
d69a7783fea7e1110f7393c491794d08b9ce56af6d1c56c0fc0829a29bab6bb6.wasm,,ok,"Error(Contract, #2)",no
d6c6573dab16d78404ea3a07f61c78075862bc8a81795e0f09c6d2e0bd9eeb9b.wasm,"address, address, address, address, address, address",ok,"Error(Contract, #9)",no
d6cb6bc2da52e5a05e8069a4c45803b02148faf98c0814f787982ac0bbf78368.wasm,"address, address, address",ok,"Error(Contract, #1)",no
d6e5b31d1313c6577a64317923d8e9d7abb2555208a656fab2ee52eabbc57e5d.wasm,"address, address, address",ok,"Error(Contract, #2)",no
d7049478085a960fab7b0b9525755b810a02c3846fb8a87d3cb9ddd17aed3ecb.wasm,"address, bytes[32]",ok,"Error(WasmVm, InvalidAction)",no
d718b1806fe0b27e649851dc83704d958a07a2b0d11c76209c67bda7c235872d.wasm,"address, address, address, address, address, address",ok,"Error(Contract, #9)",no
d7ac4a995d3618be1fc6c06434db4ca734d2f587b486fb6280f80c2691aa7337.wasm,address,ok,"Error(Contract, #1014)",no
d7dba14ac5b1e933e4eb3452e5ecad3e67dfbe3c68acc3bc121964835d337136.wasm,address,ok,ok,yes
d7e946d08e900886c6160299ccf941b7e62bc201f7d798f4ed65d1000c94e000.wasm,{native_token: address network_id: 3 sender: address upgrade_authority: address},ok,"Error(Contract, #2)",no
d7fb60c602ab8fc3c5752f4e9da35d193d9077111ff95648350b2029693939e7.wasm,"428657, address",ok,"Error(Contract, #2)",no
d867a50a5b2c237924e356ca09f88748285dcf30426f42c216e19d54c6cc5039.wasm,"address, address, address, 445261","Error(Object, InvalidInput)","Error(Object, InvalidInput)",unknown
d88fc1a8751217f1341d333bde5676b69da5d01841ffcbaebdef841f0e6af969.wasm,"address, address, 669922",ok,"Error(Contract, #410)",no
d8b958fea35ae20bb62360623d95df210c562ee9bbda39333b7888ac6654043a.wasm,"address, ",ok,"Error(Contract, #1)",no
d8be630a761fa1b578f26cd22539e6c501c1a3287c3203d0a0b8fa5da89217c7.wasm,"address, , xc",ok,"Error(Contract, #1)",no
d8c9484b5ed6d0d9635c73e746467301b07c3529bc8527e624bdc21a074f18d5.wasm,"address, address, 579262",ok,"Error(WasmVm, InvalidAction)",no
d8cfce5e264b8632c26da735bdd40112d128bdb58a25dbd1bf70fe279f305132.wasm,"address, 685232, , 8","Error(WasmVm, InvalidAction)","Error(WasmVm, InvalidAction)",unknown
d8d1e3c135ed2cea40a157066e9ea035cee6052614ad0706362b0d46a48e5560.wasm,address,ok,"Error(WasmVm, InvalidAction)",no
d93d3f5a1b8175ceecd3536f1c6f58911f8610a99b32aa82c9cc9f3ba85001e7.wasm,"address, address, bytes[32], [address address], 582228, 746756, 733109","Error(Contract, #2003)","Error(Contract, #2003)",unknown
d9610e99b7e88f72d3a85543e4fd3bbd07b18e0ef016e6e4bd49c8343601099d.wasm,address,ok,"Error(WasmVm, InvalidAction)",no
d974b093835b0db3f3823736dbc03b1c75942e771a5eb84da3acc21add807862.wasm,address,ok,"Error(Contract, #3)",no
d9831ab45ff4f61f092c7a37acc3394c084cb9b2a3bc3b3349f5ffdfbffbbf55.wasm,"address, address, 863374, 80319",ok,"Error(WasmVm, InvalidAction)",no
d99614352163488ac1265b1adadfc0d5c8439017e0080594becbf829240f958f.wasm,address,ok,ok,yes
d9a98fa8c62906eca629ac5863086e7a7c917d2a65bf73d6f4e3b87f78420da2.wasm,"address, address, address, address, 561388","Error(Contract, #2)","Error(Contract, #2)",unknown
d9d9f2efff85539bf7b9e93cf9533fbeb3c6a804507f2137d7905e0617de4918.wasm,address,ok,"Error(Contract, #1)",no
d9db3bc7d8d59fe1c09a704169aa81f9e958277358917b9cb16bf0c43b375ce0.wasm,{admin: address fun_contract: address fun_contract_balance: 856538 max_token_supply: 896452 min_mint: 892231 mint_reward_range: [550826 649243] nlt_contract: address rewards_reserve: 393977 staking_daily_rate: {114885: 730260 684824: 485757} successful_mints: 714647 successful_mints_timestamps: [124118 314290]},"Error(Object, InvalidInput)","Error(Object, InvalidInput)",unknown
d9f7d66223d1bad4f1b0bf01494df3cd6f13eb5c84bae3617ebfdd5626b7d524.wasm,"address, ","Error(Object, InvalidInput)","Error(Object, InvalidInput)",unknown
d9fbec805855d9fc0471436efc23ce9dacfa2d71ce2672acf4fb29d002e5c88e.wasm,address,ok,"Error(WasmVm, InvalidAction)",no
da184792aa0b20504a82d573e3f6c32eea828731ad4f908e7e2b22aae0b144ce.wasm,"address, address, address",ok,"Error(Contract, #1)",no
da57adcedceb01f4d74fb11297ba5fcb49622ac3a1478bde2219beebe06c21c3.wasm,"address, address, address, address","Error(Object, InvalidInput)","Error(Object, InvalidInput)",unknown
da654383ed41da7821d5f0f5eb7e17e830b1703120ece10875201a1b876e5bc3.wasm,address,ok,"Error(Contract, #3)",no
daa8479ff3ad803729f57816ecc2311aa58a7c4b38e3a08ff2a60d976a47485e.wasm,"address, address, address, address, address, address",ok,"Error(Contract, #9)",no
dabfeec5f0fec3d38ea66a7be95f0c5b3b190032d72ffad3e6431b3951425cb8.wasm,"address, address, address",ok,"Error(Contract, #2)",no
daf9d0c1364c923320592e36cca456d9ffa7df460377844674761e6b2a4678a0.wasm,"address, address",ok,"Error(WasmVm, InvalidAction)",no
db0822038b22e09f8b37b7e4efc43c881b26a8abe1ecfbec8a19f5284218c509.wasm,"address, 9, vs, 14849, 724629",ok,ok,yes
db0fde4d3d89fbabd99b3ec429dcfc21b55a91c08a14a453573e3873b5e04267.wasm,address,ok,ok,yes
db303093675d950db4fdb1c5d9710bfe5c17e2e03f4c2ea683689c427ac586d6.wasm,"address, bytes[32], [address], 263937, 185164, 948115","Error(WasmVm, InvalidAction)","Error(WasmVm, InvalidAction)",unknown
db46d39540fea773b90c57fff76beb9e1364dd45131fc939a03d87bd2ccd931c.wasm,{admin: address stk_contract: address stk_lp_contract: address},ok,"Error(Contract, #1)",no
db76e90b58dc70a848bce1ae7d8a67a352f0437f6c64bf2afc8f70a88d9f6941.wasm,"address, address, address, address, address, address, address",ok,"Error(Contract, #1)",no
db7b9c254d46a2241160694f8895b2a40b7c91d984f9e1d696a8678f942a87a9.wasm,"address, 625160, 273367, 574186, 777845",ok,"Error(Contract, #27)",no
db8bf67ae190be073f1c172dfe9f4f7e4c7bf4aa294f82338913cdf2744796fe.wasm,"address, address, 110431, 13278, 375511, 648016, 641816","Error(Object, InvalidInput)","Error(Object, InvalidInput)",unknown
dba148c1f93579d4337a3af18835ea7251e1a8ffd1ea93dce3e8f32d1b08d3d6.wasm,"address, address",ok,"Error(Contract, #1)",no
dbd0fed83aba79e0f20696008e0efcdfcd2b260731d31477a9732ff1728018ae.wasm,"address, 270416, bjf, lj","Error(Contract, #605)","Error(Contract, #605)",unknown
dbd27d2b53d4e922627159ec5fcb362ea1bec9754dd72c93f94b4cd6ff3f646f.wasm,"address, address, address","Error(Object, InvalidInput)","Error(Object, InvalidInput)",unknown
dbe1b2df374332c95b96a12127656b56147be60e5fc2abbcc6e3ed704fb1e259.wasm,"address, address, address, address, address, address, address",ok,"Error(WasmVm, InvalidAction)",no
dc2a7fbf6affd4b0c98c7550fa260b48efc39cc87623ab553d801a0c8e6f56aa.wasm,,"skipped: cannot register: Error(Context, InvalidAction)",,
dc6a54133f088a51bdf6a1f83eefe776192015f3fd1998f96013317cacc50fbb.wasm,"{admin: address manager: address processor: address underlying_asset: address vault: address}, {emergency_cooldown: void limits_cooldown: 186732 manager_change_cooldown: 587183 manager_daily_limit: 387742 manager_max_per_tx: 898757 processor_change_cooldown: 13421 processor_cooldown: void processor_daily_limit: void processor_max_per_tx: 840804}",ok,"Error(Contract, #81)",no
dc6a81db12b29c536da8cd9bda8d06d0cc61c131855b4e7309d4c8f301c61e67.wasm,"address, 320919, 7f3, q, address, 664148","Error(WasmVm, InvalidAction)","Error(WasmVm, InvalidAction)",unknown
dc88e79071959a9c1c2afb93456878209301f27ca520329356e492153a4a241e.wasm,address,ok,"Error(WasmVm, InvalidAction)",no
dcda681b9c895d37fc69b27b956e6c2795624c3e1fd61868f5a30ca9f4c0f422.wasm,address,ok,"Error(WasmVm, InvalidAction)",no
dd305cc16a7a9a94b9869f0e51b337ba021e402ef2aefe151ad1fcd3d78a9436.wasm,"address, address, address, 196330",ok,"Error(WasmVm, InvalidAction)",no
dd83430703a4ff25047b46f621033a1633cd37abc7e8ebafd4a811bb9e287435.wasm,"address, address",ok,"Error(Contract, #2102)",no
ddd86de9575c14c7b04bdf0b9d8f433c12e828ff862c9c68bc0c9a9af9f53729.wasm,"address, address",ok,"Error(Contract, #2)",no
dddbb6ba2f1598d6de9dab08cd423db017e780f10a733afa871ab90ccde797b1.wasm,"address, address, 729098, 4874, 318066, address, address, 655532, 124163",ok,"Error(WasmVm, InvalidAction)",no
dde493852b3831860fae250c4b1f6334fc4010ec686ca69b4732904a44e8784e.wasm,"address, address, address, address, address",ok,"Error(Contract, #1)",no
ddf6e436ca42ac3ae389ee1e278633c8c2a1fac12d0f791681b756087dfeec2f.wasm,"address, address, address, address",ok,"Error(WasmVm, InvalidAction)",no
de00bc4e3d389ac8ffbcbf6ca53d88e940463fd82dddf25e874d4504d8cd3d90.wasm,"address, address, address, x, t, 697446",ok,"Error(Contract, #12)",no
de09877642e141184d6ddc8c5abcae278d2b820da6de8afaec2ff27fd87345d6.wasm,address,ok,"Error(Contract, #2)",no
de1fbf541604672701b9fdaa3dc44183e61ee1c8078fc966138e9aac181ca408.wasm,address,ok,"Error(Contract, #3)",no
de3c2cba30268f60caa470e6e3f3c14f34d16af0a3c19e01b728b3bd55a71991.wasm,"address, [{address: address paused: true protocol_id: 2wi}]",ok,"Error(Contract, #602)",no
de453b6db413a3793b8b944121a0b989c7acf160cd6df078c0dc92f720f81279.wasm,"address, 544822",ok,ok,yes
de81128df5889eca86e736ac3c8e353609f5439bd60fec83ea50f471dfd848ae.wasm,"address, 853514, cr, q","Error(Contract, #3)","Error(Contract, #3)",unknown
de858a06e22fda01b701af6bdfa03c349940fec3b4ddc191a80f03680b196393.wasm,"address, l9w, qht, 160726",ok,"Error(Contract, #1)",no
de9dfe1e2f0096acab346197e2006cd53ac54de1ba08b4d3a10033ff0650b0c6.wasm,address,ok,ok,yes
deca03ee948382db663585f7b4e90bbd8ef719a96f2bb986f7530a9654e738a2.wasm,address,ok,"Error(Contract, #500)",no
deea0b5ad6afc622e5da0cc1bc66032ab502bf40836138e59f3767345c9d60fb.wasm,"address, address, g, ","Error(Object, InvalidInput)","Error(Object, InvalidInput)",unknown
defa6f74e04bab35b74d8007adf39e20902dbe65995efadd79c0c35269621f9b.wasm,"address, address, 420010, 978243",ok,"Error(WasmVm, InvalidAction)",no
df06cfa8174d5523bb8b067a6179af7d669bcb30fa2ce34d811b5b85788f6f00.wasm,"address, 717999, 673148, address","Error(WasmVm, InvalidAction)","Error(WasmVm, InvalidAction)",unknown
df22f70ac2c1ec456cf8e8eeac2aac164aab4f2d79e6c490026a06f7a970a814.wasm,"address, address, address","Error(Contract, #1)","Error(Contract, #1)",unknown
df39861bdd6a838826acb7fc9d965563ab166d5d15cd83cc9a8671448e0696ee.wasm,"address, address, address, 648115, address, 582228, 445107, address","Error(Contract, #7)","Error(Contract, #7)",unknown
df437853c584f4b7cfc5b4d1afa17f242a425307be1b9dd86ecc65052477b9c0.wasm,"address, 634608, rn, fce","Error(WasmVm, InvalidAction)","Error(WasmVm, InvalidAction)",unknown
df6f458a63c7909794b1abb479e62aeacb092aa6b967695c1ace500f9420e381.wasm,"address, address",ok,"Error(Contract, #1)",no
df7038ed9bd30e83953acb56190d5e4ddb0e0e7a6dae2da97c609d87c77a29ef.wasm,"address, address, 241155, 981276, address, address, 351398",ok,"Error(Contract, #1)",no
df98000b665b7aac0f8827e725f706052ecf52487c73df33ebf201db33d57978.wasm,"address, address, 337146, 841031, address, address, 907909",ok,"Error(Contract, #1)",no
e00025d1082b29d8c4c3fb4317ec7b2f3d823e18a3e55d34b6f9e520f97e09fc.wasm,address,ok,"Error(Contract, #9)",no
e0139ee3b93d3b5ad51b8385f0ffa8ba98be42523399dc7669a14aa5d2b16878.wasm,"address, [address address address], [bytes[32] bytes[32]]","Error(Object, IndexBounds)","Error(Object, IndexBounds)",unknown
e070ed48c753b0d45e19392dd300370bba4fcd959d56d728d35e948d52fcf158.wasm,"address, address, address, address, address, address",ok,"Error(WasmVm, InvalidAction)",no
e0c931985f9bbb4f813a4e9093fd4f999d4caa3a9a4edcd06fa55d918e3bf6f1.wasm,"address, address, {counting_type: 694763 grace_period: 726540 proposal_threshold: 58811 quorum: 183155 timelock: 86910 vote_delay: 998995 vote_period: 134833 vote_threshold: 312148}","Error(Contract, #200)","Error(Contract, #200)",unknown
e0d60aed0865a37afda5b8989db02ebf2a77c86c1e76251d95eb4e6261ef2380.wasm,address,ok,"Error(WasmVm, InvalidAction)",no
e1429fb1b8de1085194cdfab86b8c94ae36003d0b0e5525d286794f9fbb762f8.wasm,"address, bytes[32], [872119 788994 555160], bytes[32]","Error(Storage, MissingValue)","Error(Storage, MissingValue)",unknown
e1464afcf0c7c01e4306e3eb9d16f653500fbaa31c3cce0afd675449d58cea14.wasm,"address, bytes[32], bytes[32], bytes[32], bytes[32], [], 729994","Error(Contract, #2)","Error(Contract, #2)",unknown
e1775f270149d57fd75b220736fedc2b34e2d9c86487aa13da367323a2fbc80d.wasm,"address, 748491, address, address, 902598, address",ok,"Error(WasmVm, InvalidAction)",no
e18bfefbf6e65d7f345331991cebcd1e5614d6539d1204a7b71bdf5c3b6032bf.wasm,"address, 461661, 633435, 615625, address, address, address, {182837: 422385}",ok,"Error(Contract, #1)",no
e1f9ac0ff71284b349b3b0a5003f3e07acad11e9ad744706199ce5f805d45eb5.wasm,"address, bytes[32], bytes[32], bytes[32], bytes[32], [], 501218","Error(Contract, #2)","Error(Contract, #2)",unknown
e214d697bfaf40be02b86addb54fbf8b4ad7597fadef2ea644bb860172449153.wasm,"address, address, address, , , 173177",ok,"Error(Contract, #12)",no
e235ace43d2eaea9a57d5717d6888e32d6bdd0fbf224ea4c83a602e94d3d8f6e.wasm,"bytes[32], bytes[32], {admin: address default_slippage_bps: 819177 fee_recipient: address max_allowed_slippage_bps: 779211 max_allowed_spread_bps: 148 max_referral_bps: 102342 stake_init_info: {manager: address max_complexity: 842258 min_bond: 667133 min_reward: 141310} swap_fee_bps: 65014 token_init_info: {token_a: address token_b: address}}, address, 455950, hj4, , 138137, 526447","Error(WasmVm, InvalidAction)","Error(WasmVm, InvalidAction)",unknown
e24384106303a32c2298af875978e649c4f948a8d9ad3fba7ced8d7fc9c2c72f.wasm,"address, address, address, 652817, address, address, address, [address address]","Error(WasmVm, InvalidAction)","Error(WasmVm, InvalidAction)",unknown
e26face3a94b11b73c61e25ceca1bb7c2d489e586f3ccbc7d99424a7157c8d29.wasm,"s, address",ok,"Error(Contract, #402)",no
e2c5b7018a4d7d5c5b4194c5b421b10986831c98fbc0e8d37f2e0ab9804e1094.wasm,", address",ok,"Error(Contract, #402)",no
e337b7a3aeb03923b923193358634b6c0fbfc379d78045a8bb509ff13fddbe6a.wasm,"address, 290661, address, 140325, address, 894232, address","Error(Contract, #409)","Error(Contract, #409)",unknown
e34228198b65f5e595eaf5573d7f86899f4f8577a0ed01e3650fe659954f9250.wasm,"807585, 934714, address, 355985, 235927, address",ok,"Error(Contract, #2)",no
e3519832acda3607fc6ae542ce33787aa2048b1032c7d0a300536d760b22c97f.wasm,"address, address, address",ok,"Error(Contract, #2)",no
e364c9b8bf16a8862d9e838f4a9c67da65fc0f08fb37a570ecd9f4d97cdbbb5e.wasm,"address, [address address address address []], address, bytes[32], [address address], 377751","Error(Storage, MissingValue)","Error(Storage, MissingValue)",unknown
e3675dabc646ac9d7af9a95f58c849ca036f6d99bf57c62b539dfe4d1e9f406b.wasm,"address, bytes[32], address, address",ok,"Error(WasmVm, InvalidAction)",no
e3bc5a2364d48d5dee5b0a55800f0038fa313bed66b68f494cc6125ebd208cf4.wasm,address,ok,"Error(Contract, #2)",no
e3cabb0c6fc1a64f09507f01ab9640018ab1843f25c46b00a0a1544559e312e9.wasm,"mn, address, address, address",ok,"Error(Contract, #1)",no
e3fea075e435d04d8783eaca1adf93acf0c2ca50427fd3ce3a288b949a7726bb.wasm,"address, address, address, address, address, address, bytes[32], 428261","Error(Contract, #7)","Error(Contract, #7)",unknown
e4013cdd3fd06ffe06952198389cdb99c88a16c2fc26371b8c455bfcbf916592.wasm,address,ok,"Error(WasmVm, InvalidAction)",no
e40426841d1343e5914c4eb0b5ec6697fca0dce2a47c0104062cad169368b8c4.wasm,"address, address, 555832, address",ok,"Error(WasmVm, InvalidAction)",no
e4860606e47717e144df89a886e54241cc7fb479b81d20dddd2172e461dd0e73.wasm,"address, address, address, address, 890018, 533928","Error(Contract, #3)","Error(Contract, #3)",unknown
e4932d3a1937dd5e399b127147ecda91197ae056874b2b8f859c1dcdc7709b2c.wasm,"address, address, address",ok,"Error(Contract, #1)",no
e49fbcf9fb09acd0a2e990863d43068541dd12fe61f1f31bd24d54f5a12d03c9.wasm,"address, bytes[32]",ok,"Error(WasmVm, InvalidAction)",no
e4a6e5080a29e22e74b143a7bc178e04180f92323d36d110cfba167ff8d8c496.wasm,"address, {alpha_g1: bytes[64] beta_g2: bytes[128] delta_g2: bytes[128] gamma_g2: bytes[128] ic: [bytes[64]]}",ok,"Error(Contract, #4)",no
e4eca1406cc39d8030033faa78aa8133aa2fda5360759b8515b6a0229e4b2a2d.wasm,"address, address, 623954, address",ok,"Error(WasmVm, InvalidAction)",no
e50b775d5e4f072a82ec683999f1897936ee0c681e00fc05f43c8ec06284a31b.wasm,address,"Error(WasmVm, InvalidAction)","Error(WasmVm, InvalidAction)",unknown
e53172f815bd4bd1c184444d352e0e6f55607f013f2b997b161772a59c3fd1f7.wasm,"address, address","Error(Contract, #1)","Error(Contract, #1)",unknown
e5928bcd5d038ad72c43c8f8cc8c98beedc8b181ba97a916f1766e57dc59816f.wasm,address,ok,"Error(Contract, #2)",no
e5b4da4df30a3e4ec3f08555a34eb7d931b83d6bed10eaa893281efb5c1d3ecd.wasm,"address, address, 94347",ok,"Error(Contract, #410)",no
e5b9ccd92be481e96555a92d82953758965010472bc564528c7940f25f4f1e71.wasm,"address, address, address, address",ok,"Error(Contract, #1)",no
e5ba3bbf58dbe9323807fc9cc5dfe41c8c9039047e498f78bb5b0aced10d8e58.wasm,"address, address, 508994, 226329, address, address, 672133",ok,"Error(Contract, #1)",no
e5c0a16b9b4afc9e5540504e6191a8e1190e9fbc0ccc0f96f3fe43021ae5bd8b.wasm,"address, address, address",ok,"Error(Contract, #1)",no
e5c4e3ddc32b15565c4aff1d93e3de075bf56cb391f3084f4367815c2d5acb94.wasm,address,ok,"Error(Contract, #4)",no
e5e5b5fd76102a987a1346106532595059dfedb7a6b008fbb72797a99b8bd39b.wasm,"address, address, address, address, address, bytes[3]",ok,"Error(Contract, #2)",no
e60aebb3425a93272006604026b85453371351f0460755aac9a26b976abe38df.wasm,address,"Error(WasmVm, InvalidAction)","Error(WasmVm, InvalidAction)",unknown
e6e9f6cc3ab3479652d81d96b6f2e0d7db6d1ff00a742407ae56941388d1b25f.wasm,address,ok,"Error(WasmVm, InvalidAction)",no
e70a5d96d2024c42c4f9a0dae380e8428f3a026b644f0c5fc3295c12bed82af9.wasm,address,ok,"Error(WasmVm, InvalidAction)",no
e72dca18bdeb7fd4e5980fcc679bf857fbcd2e0d2894676c564b6a81e2a28df8.wasm,"address, address",ok,"Error(Contract, #1)",no
e73f72f2a2a07c0cc2f1c80982498416d64a6e3e4178e7698f7ce93aa3eca905.wasm,"address, address, address, address, address, {downvote_ice_token: address govern_ice_token: address ice_token: address upvote_ice_token: address}, address, 283586",ok,"Error(Contract, #2)",no
e747f94bd6d54805390f66f608311628b054e77c5062336aaf38b46492d622b8.wasm,"bytes[32], bytes[32], {admin: address default_slippage_bps: 695592 fee_recipient: address max_allowed_slippage_bps: 822531 max_allowed_spread_bps: 615784 max_referral_bps: 979472 stake_init_info: {manager: address max_complexity: 951510 min_bond: 196307 min_reward: 840867} swap_fee_bps: 755460 token_init_info: {token_a: address token_b: address}}, address, 231542, kc8, c1, 951785, 226119","Error(WasmVm, InvalidAction)","Error(WasmVm, InvalidAction)",unknown
e794aac5533c712694654b338b7cf9de8e3da865edb8b6c9ab75430e4f20cf77.wasm,"address, address, address, address","Error(Object, InvalidInput)","Error(Object, InvalidInput)",unknown
e79bf0ef9284d07ecd0857dad53ce8d8cb28b23c57e5eb4a01b5629afb2a5575.wasm,"address, address, address",ok,"Error(WasmVm, InvalidAction)",no
e7b7ad52e1c29a9c268b77cd8b2c95eaf652a20262b7a167beabc56ff9d1696f.wasm,"address, address, address",ok,"Error(WasmVm, InvalidAction)",no
e827a658204e0c8762f5139a984e2a5b02e67ef260bfbd3faed3216ccd4c4330.wasm,"address, address, 743648, 793169, address, address, 568469",ok,"Error(Contract, #1)",no
e83f684427c08d14e191ffd6173a4b300e780f9cd7248e444412b4c248f8efcb.wasm,"address, address, address, address",ok,"Error(WasmVm, InvalidAction)",no
e87f1d175c031bac9d2681d0e85332cd1f0067974ef23536a5d173789f249c11.wasm,"address, address, address, {capital_recipient: address delayed_settlement: false fee_recipient: address min_investment: 172508 min_redemption: 75108 offer_escrow_period: 206197 origination_fee_bps: 541107 payment_token: address redemption_fee_bps: 139205 redemption_lock_period: 268152 service_fee_bps: 281736}","Error(Contract, #10)","Error(Contract, #10)",unknown
e8b59567db4fb30bf3ed591eccb0d8a2c666ab1f38cc100a51333dddb800e7af.wasm,address,ok,"Error(Contract, #16)",no
e8bf985b6e949ae21e618e04cdc924eda863c9226205a64afe35c9dd7f14a9ff.wasm,"address, f, b",ok,"Error(WasmVm, InvalidAction)",no
e8bf9c7c3c8a9f0edd25f9ff2db8471955c3ded4ff8b9dc174858fbc163bb261.wasm,{accountant: address admin: address asset_manager: address config_cooldown_secs: 36979 deposit_fee_bps: 493565 deposit_whitelist_enabled: true downside_cap_bps: void emergency_withdrawal_cooldown: 525748 fee_change_cooldown_secs: void guardian: address initial_price: 511758 management_fee_bps_per_year: 308509 manager: address max_deviation_bps: void max_price_staleness_secs: void max_shares_per_user: void max_total_idle: 344339 max_total_shares: 528228 min_shares_to_mint: void name: s oracle: address price_acceptance_cooldown_secs: 966557 price_update_cooldown_secs: 779109 processor: address role_change_cooldown_secs: 325631 share_decimals: 375609 swap_fee_bps: 447253 symbol: af system_penalty_bps: void underlying_mint: address withdraw_fee_bps: 499569 withdrawal_ttl_secs: void withdrawal_whitelist_enabled: void},"Error(Contract, #40)","Error(Contract, #40)",unknown
e8c0acba90903c9c93c97fe3ee4a6940d0139d7b2e72de9780a8d66e9fe1777f.wasm,"address, address, address",ok,"Error(WasmVm, InvalidAction)",no
e8f1566e432cdfbbb433b36bc7198bb140ca2fb6e38252d9e3c354d18393a7ea.wasm,bytes[32],ok,"Error(WasmVm, InvalidAction)",no
e9235b66a72abc1d478da300f663883bfb380d5768e4670476a950ad95b2d367.wasm,"address, bytes[32]",ok,"Error(Contract, #204)",no
e9a100e5ea262a53fc227f1be9eb6cd3c6b5142031b910963b6cdcd632546bff.wasm,"address, exr",ok,"Error(Contract, #1)",no
e9dcd65a454f04c3659cde994f86ed7a6c366a0c1a1c9f38322ecc47abab7aea.wasm,address,ok,ok,yes
e9efdc923a383c28b628d96ebc473132ab61818fbc8252b9843021dd2d7d55df.wasm,"address, address, address, {counting_type: 737985 grace_period: 236468 proposal_threshold: 249363 quorum: 115057 timelock: 657724 vote_delay: 694028 vote_period: 581710 vote_threshold: 39831}","Error(Contract, #200)","Error(Contract, #200)",unknown
e9fe472900f55a45fcd53bbba989e44a92a003a17dd6517098dec679ce7d4843.wasm,"address, address, 656204, 716085, address, address, 718727",ok,"Error(Contract, #1)",no
ea0e7893665c3d777fc71b6ee42fbc8ef9206c5d1d1aabc9456ba25853bd89f9.wasm,"address, address, 570620",ok,"Error(WasmVm, InvalidAction)",no
ea1a5b73f3c46c394917a353665c9518a68458eea5046a8780531f2b7d6820c5.wasm,"address, 339914, 7m, a8","Error(WasmVm, InvalidAction)","Error(WasmVm, InvalidAction)",unknown
ea1b958ff0fa0630b3b11f868aa87416800fb7beb7cf2bb51ce3273abadac3d9.wasm,address,ok,"Error(Contract, #0)",no
ea4bb87e251872f4fe66b6c15067ac0b84409e2abc3be799dd6821b9f7b55d3e.wasm,"address, address, address, address, address, {downvote_ice_token: address govern_ice_token: address ice_token: address upvote_ice_token: address}, address, 946775",ok,"Error(Contract, #2)",no
ead149adb6c37a6d78d02e8a6f73826e2cb6ae1ce5ff1849f672ecec15a7bbe8.wasm,address,ok,"Error(Contract, #3)",no
eae2b0a3a2c1430f7348e1586bb3e0217b8c961c0d0962bad4cbe578a3a09bca.wasm,"address, bytes[32], [address], 512675","Error(WasmVm, InvalidAction)","Error(WasmVm, InvalidAction)",unknown
eb80c42e386ca3b82f2c12b622a49d90d4605adc68fe62368bcf05bd18474172.wasm,"address, 434420, m, x","Error(WasmVm, InvalidAction)","Error(WasmVm, InvalidAction)",unknown
ebd8f39cfed991a5a5564e9ba85ca35c5d1d1bc52d9c00d6e9f9620725525140.wasm,"address, address, address, address, address, address",ok,"Error(Contract, #9)",no
ec10d53e03c9f85d84160fc3ba95fbb23cf4bbcda843632030ddac83440f0136.wasm,"address, address, address, address, address, 36204, , 235192",ok,"Error(Contract, #1)",no
ec4676691c0bb79896e3655b11e61e6a259e35497ab6d4ae666113a4c82d24ed.wasm,"address, , z, 679418",ok,ok,yes
ec5b4d12e6cacdc95b97089b04403ee6b7af4500290b938f9f2af85e6ed771ca.wasm,address,ok,"Error(Contract, #402)",no
ec81164f49fdddcb47f201db648647df0469b6dd621b8139f8a750b5f6254d1e.wasm,address,ok,"Error(Contract, #3)",no
ecba0ffceff42d43fc451ce9670de5252afd805755563c0f9f1908f115909eaa.wasm,"address, address",ok,"Error(Contract, #1)",no
ecca557e1c80998cf90029ce7b71324c44458c43ca93188c21ddc61e73642369.wasm,"address, [], ",ok,"Error(Contract, #1)",no
eccc1a4d9615e9aac43f4ea9acc4137d671b4418e47dfb211df2dab2793875a7.wasm,"address, address, address, {decimals: 518000 id: 2cw is_open_ended: true max_holders: 676310 metadata_uri: 5 token_name:  token_symbol:  total_size: 702052}","Error(Contract, #15)","Error(Contract, #15)",unknown
ecf47562973711ae6a1ba40101b6deae3d953f1b6cf870be42ce5081e0411933.wasm,"address, 114737, , neh","Error(Contract, #605)","Error(Contract, #605)",unknown
ecfd4f75344738828399a905768e124c1292226aeceffe597b40a43295c8251f.wasm,address,ok,"Error(WasmVm, InvalidAction)",no
ecff7ba1c111a39019223053da9bfcbc494d2165b8bea315736ee54e780d31cc.wasm,{native_token: address network_id: s sender: address upgrade_authority: address},ok,"Error(Contract, #2)",no
ed0f270240c2232fdc2112cb1b90b87bf6b49b464cabf23055ab2d0e716fef7c.wasm,"address, address, address, address, address, address","Error(Contract, #9)","Error(Contract, #9)",unknown
edc4241223fade8e003d574386ca375b5b549d732fb8401db469e064032f192d.wasm,"address, address, 979414, 48549",ok,"Error(WasmVm, InvalidAction)",no
edcd0154fd492ab53c01ae41b353d306a2b7996130a1bf3ee571a28007dfe507.wasm,"address, 586468, 546871, address","Error(WasmVm, InvalidAction)","Error(WasmVm, InvalidAction)",unknown
edd0af824ba82f3b20fbef97dada4523535175e147e53a2d59992dc61eac4b44.wasm,"address, [address address address address [address address address] address], address, bytes[32], [], 502900, [207453 921261]","Error(Contract, #2003)","Error(Contract, #2003)",unknown
edf81ba30dff8d775add946e66a7318bee08cc81b6e087b61bbf32662e69cfb4.wasm,", address, address, address",ok,"Error(Contract, #1)",no
edfe85707a761801024f76f740d4bd9756ae883de6e3b0f5f7d201758bf77a4e.wasm,"address, address, bytes[32], [address], 636889","Error(Contract, #2001)","Error(Contract, #2001)",unknown
ee65f4873b40765df89d2f938ca234aafffdadf7e6b48609ac0e55ecc56b968c.wasm,address,ok,"Error(WasmVm, InvalidAction)",no
ee870989b3d1a0dd842e916014b1bfd03be84087da0f879d5ac8aa95ed5ed89d.wasm,"address, address",ok,"Error(Contract, #1)",no
eedbd0cd0f48eac3a7598b663b86dc5f1e9e019f1dda06a3a9f7bd4bedb42130.wasm,"address, address, address, address, 187234, 427306",ok,ok,yes
ef0595487a59e925e5eee3f7c028818e2489100ee6b41e809dceaa7359fb8774.wasm,"address, address, address, address, address, address",ok,"Error(WasmVm, InvalidAction)",no
ef07fb53c7e9207f191371a9b87a757a05255938c6dd04b0b5507299ff6d119b.wasm,"address, 782844, , 8c, address, 796484","Error(WasmVm, InvalidAction)","Error(WasmVm, InvalidAction)",unknown
ef39a3db1905e73acb53fcfc0b4d7b2ee1198454c2fe624645049e5007569816.wasm,"address, address, address, address, 844737",ok,"Error(Contract, #1)",no
efa23ce49785e53d4dbd4be15c272642941fa64f151aea643b976b8643a6783d.wasm,address,ok,"Error(Contract, #2)",no
efcc04290bb0517845b954f21546f329bed6d8c32f52e3ff08cbe265e5dbf8c5.wasm,"address, 502734, address",ok,"Error(Contract, #7)",no
efd1bdeee02e27c0d94970321da011e8e7516fcbbb941c8ba6d48c31bc2a5132.wasm,"address, address, address, address, address","Error(Contract, #2)","Error(Contract, #2)",unknown
f04ff536b01199b14af821e291ba4844a24999b1594689f12e56c052ce48d503.wasm,"address, address, address, address, 825552, 461071, 242409, 387910","Error(Contract, #9)","Error(Contract, #9)",unknown
f05dcc19d56fe7458574b2f6fadf1fc84beb1ee16290281aa9bf037bb8c1ac1d.wasm,"address, address, 544807",ok,"Error(Contract, #2)",no
f090268151050dbd6145c97061205057bf33009d5186ef3016835a62947d3d57.wasm,"address, address, 167476, 9s, xo9","Error(WasmVm, InvalidAction)","Error(WasmVm, InvalidAction)",unknown
f0bcd60db7ba75541fba5a1042eeb48600f19ce6be8664367eb65286e3dc55f5.wasm,"address, address, address","Error(Contract, #2)","Error(Contract, #2)",unknown
f0c4ab6a7f21d1cad964702fe4d62a90745dae1748d6f251611a1f1d6388c10f.wasm,"address, address",ok,"Error(WasmVm, InvalidAction)",no
f0dba141759b715801d67eb697d046a9b6d1e4d9cba7db2a48687f88c5066d79.wasm,address,ok,"Error(WasmVm, InvalidAction)",no
f0f1ba47b170627ceb4afb9b50523346bad7876535336a07d6d2c2581f754731.wasm,"address, 846311, address, 946191, address, 236154, address","Error(Contract, #409)","Error(Contract, #409)",unknown
f102c0e7bc02baa38deb1ee1909afe75e945901603918de01f869e9ca07bac2a.wasm,"address, 586438, rl, i","Error(Contract, #605)","Error(Contract, #605)",unknown
f1077e0b77da5e62d596e13aeae4160104cad99e7ef7f3183a6c9b6ec9e747cd.wasm,"address, [address address address address [] address], address, bytes[32], [address address address], 12421, [352292 589463]","Error(Contract, #2003)","Error(Contract, #2003)",unknown
f11f6e56e50fa3f5964e4e270353737051928e0c10630971dccc3923d4a1bd61.wasm,"address, {apy_alpha: 409747 burn_receive_percentage: 491561 burnable_percentage: 149218 dogstar_fee_percentage: 781106 haw_ai_percentage: 645518 oracle_contract_id: address power_action_fee: 784186 power_to_usdc_rate: 291590 stake_interest_percentages: [290392] stake_periods: [260263 167588] terry_per_deck: 768444 terry_per_fight: 105566 terry_per_lending: 208102 terry_per_power: 933641 terry_per_stake: 201426 withdrawable_percentage: 927113 xtar_token: address}",ok,"Error(WasmVm, InvalidAction)",no
f13168a0fcd9008ba2802f8274fd4e4bcf3397c5d91860f2c84e8d3e93fb2677.wasm,"address, address, address, address",ok,"Error(Contract, #2)",no
f1b6240915e8704350668364192aa320240391f73f85d62419088eb5c748c041.wasm,address,ok,"Error(Contract, #2)",no
f1c1100ae02d704976177e4bf3ce4ee986cd92f3c62ff3e8dbb1007995fefbd0.wasm,address,ok,ok,yes
f23bb9267b1e6fc089b42906d4a7813b52659b8532d5e73dc0d9dccc501b76cd.wasm,address,ok,"Error(WasmVm, InvalidAction)",no
f29c8762a2b6976888d83ec8be6d16fa3808f7a783f58398d07ffa96e8850ad4.wasm,"{admin: address creator: address description: void explicit_content: false external_link: void image: 9ea minter: address name:  royalty_info: void start_trading_time: void}, false",ok,"Error(Contract, #1)",no
f2c19b9103a768fc71f53005f614f885bf17bcb2d34638ff7886c504d3ce24c4.wasm,"address, bytes[32], [], 562315, 183600, 159753","Error(WasmVm, InvalidAction)","Error(WasmVm, InvalidAction)",unknown
f365251ce702ef2a5b84d0f6f86ee7d8d08f17e3dd8a85a206a38fb8699488f5.wasm,"address, address, address, address, address",ok,"Error(Contract, #1)",no
f39aaeafde37f067b848011475524f5fa25916b1ff135ed273e79663c122490b.wasm,"address, 228247, i, my2, 448980, true, false, false","Error(WasmVm, InvalidAction)","Error(WasmVm, InvalidAction)",unknown
f46345fbba984034e937ff9f610103fd6c1cc13ab0c9f43b63e91b245656ada7.wasm,address,ok,"Error(Contract, #2)",no
f4705e206f6713be2b84845882c33c6fd96090f47fa0ffb870c9696afdb1b5bb.wasm,"address, address, 36573, 593431, address, address, 363482",ok,"Error(Contract, #1)",no
f4b28cb84c0c36642fb533074a4602f7eddfa054cdf39b8c1f032054e0ad2db7.wasm,address,ok,ok,yes
f4ca2ca3254846b1fde2a2b734086e4d3cfb2b21a1d545a039ccebcef3d83e1f.wasm,"address, bytes[32], address, address",ok,"Error(Contract, #2)",no
f4d1fc0e53aad737b7e93a45639a241721647d4a76226025d442891f71e26627.wasm,"address, address, address, address",ok,"Error(WasmVm, InvalidAction)",no
f4e3dba6d9a3603fc5488f0937d08ebc4e9f53934dc08336fa828e2f8954ca95.wasm,"address, address, address","Error(Object, InvalidInput)","Error(Object, InvalidInput)",unknown
f5431c199fa00a606cdcabed881c9fe519be946c5beba49f7f1a83f7a1108b4a.wasm,"address, address, 390248","Error(WasmVm, InvalidAction)","Error(WasmVm, InvalidAction)",unknown
f55016cec9190712a7e5e58e09087bcc899393eb0d99353a5fece47bb790a7fb.wasm,"address, 736232, 4d, l6","Error(WasmVm, InvalidAction)","Error(WasmVm, InvalidAction)",unknown
f5529df0050d96a8f496f277b00cec462fee393bb8ff2a2ebfd4d224b0a12ebb.wasm,"address, address, address",ok,"Error(Contract, #1)",no
f565f55e1f088735371750ef8089f05c69258b49fcb28bd0b4d10d7eb93b0988.wasm,"173291, , ","Error(WasmVm, InvalidAction)","Error(WasmVm, InvalidAction)",unknown
f586eb3501f8e08b39ed6d334740035b718062f540fde916e966711a85915c5c.wasm,"address, address, bytes[32], 489918, 801651, address, address, 882085",ok,"Error(Contract, #1)",no
f5bb5a1d69d1996bd6c883ebe026e7a24989cb7dacfe1ffa8d285e1da3ef692a.wasm,"address, 984281, 456798, address, 396467, 340990, 600811",ok,"Error(WasmVm, InvalidAction)",no
f5bdd7c4b58401cd3c28bd4ba4162650fe1971f9b22c27b5be7c4d3664596a96.wasm,"address, address, bytes[32], [address], 163442, 324874, 534781","Error(Contract, #2003)","Error(Contract, #2003)",unknown
f60388c750007590466300ca03072e72f667a61fbf0d9beea1906d711232c7fb.wasm,"address, address, 139118, 947614, address, address, address, address, address",ok,"Error(WasmVm, InvalidAction)",no
f6060459b9f9a2bf99ff17752674597262eef266a70b713a14e7de1d02d2fcd1.wasm,"address, address, address, 232800","Error(Object, InvalidInput)","Error(Object, InvalidInput)",unknown
f6d14e0cc579e5e7814a03112bed03df820f2cf70cb861930495858cf7107a30.wasm,"address, address, 588060, address",ok,"Error(WasmVm, InvalidAction)",no
f6e96a294eafa7ffc4b61f37d8cf8765228c2db77b387c4f6744ac7859f59f89.wasm,"address, bytes[32], address, address",ok,"Error(WasmVm, InvalidAction)",no
f74ddc09bef77783d379bbe7814a15a42c03060781a4a903dc9f9144472a6896.wasm,"address, address, {icon_governance: 7 upgrade_authority: address xcall: address}, [ x4 1], []",ok,"Error(Contract, #3)",no
f7610d3df2b5207b869bba1d3b9c4a7306b36af737746a1fb0eb3201d26c6d7c.wasm,"address, bytes[32], [address], 871044","Error(WasmVm, InvalidAction)","Error(WasmVm, InvalidAction)",unknown
f79dafb7d345e85397ec6da25f5167920f9750b337e495accefd80024bf84a78.wasm,"address, address",ok,"Error(WasmVm, InvalidAction)",no
f7a5ec9acee4acbdec635a5d2ec5db4c13a7df7e8f308b0fd3d39c80a8177cd8.wasm,address,ok,"Error(Contract, #2)",no
f7bf3da725847c25ba20f67e995d0a60f61176b543877a9303973ab9480c3f4a.wasm,"address, 141753, , 1yt","Error(WasmVm, InvalidAction)","Error(WasmVm, InvalidAction)",unknown
f800e709bf87802fa2e453abe7fc752143ad13307186ccef72d8e1b6ce52d4f4.wasm,"address, address, address",ok,"Error(Contract, #1)",no
f84321e8a35e598556761f331b22ec386f56338945152ec3f332d8b3ee9679f0.wasm,"{admin: address creator: address description: e explicit_content: true external_link: ia image: v5v minter: address name: 3r5 royalty_info: {payment_address: address share: 944228} start_trading_time: void}, false","Error(Contract, #4)","Error(Contract, #4)",unknown
f88a9f7bd280426943c82348a60f2a19cfcf302e49bbf0d627fe05b13ffb4185.wasm,address,ok,"Error(Contract, #6)",no
f88af120cc08110e3e0e8b7d4dbc70a61833b39c482ce6445ef0bf166255849f.wasm,"address, address, address, address, address","Error(Contract, #2)","Error(Contract, #2)",unknown
f89eb3cca7365ba80ab88ff1a03fcd06b9ebf58d85f727ab60c9d7e79db59b07.wasm,address,ok,"Error(Contract, #1)",no
f90d78f5bfe603d15e6157b4e403a7b379c4aae71818e34dc1221f974d022752.wasm,"address, {apy_alpha: 730010 burn_receive_percentage: 159215 burnable_percentage: 602800 dogstar_fee_percentage: 66499 haw_ai_percentage: 637077 oracle_contract_id: address power_action_fee: 55778 power_to_usdc_rate: 230094 stake_interest_percentages: [572564 259563 857489] stake_periods: [698912] terry_per_deck: 227766 terry_per_fight: 19621 terry_per_lending: 526445 terry_per_power: 244578 terry_per_stake: 550004 withdrawable_percentage: 642491 xtar_token: address}","Error(Storage, MissingValue)","Error(Storage, MissingValue)",unknown
f90fc838064695beefed9a4d4a2d45522c45e2b9136723048986bb48faf91bd5.wasm,"address, address, address, address, address, address",ok,"Error(WasmVm, InvalidAction)",no
f91e87156873f20bd14b47ae34e998670d398aceb87068fb5ad2585a3997ce5d.wasm,"address, address, address, address, address, address","Error(Contract, #9)","Error(Contract, #9)",unknown
f9703496d3eb02fe433971b1df925660dbecd71fa8742d56a1842f46da6edee4.wasm,"address, address, {icon_asset_manager: e native_address: address upgrade_authority: address xcall: address xcall_manager: address}",ok,"Error(Contract, #3)",no
f982bf01a715aa47aaaec9313ee87330e96ae0d6ff74bc3e1e6523d4827fc575.wasm,"address, 115763, , 7v","Error(WasmVm, InvalidAction)","Error(WasmVm, InvalidAction)",unknown
f9bcc2990b39977470b1ad04c3cc36e3a58204dc7b87405a8661712abe120824.wasm,"address, 471008, rvi, i",ok,ok,yes
fa050ebf125ed92957ab9b45f9ac18f8c373792a52c8a789ec2a77f075024028.wasm,{admin: address asset_manager_escrow: address underlying_asset: address},ok,"Error(Contract, #10)",no
fa076fe3b7570cf17faefa47d1bb2b561d3cee5ea2686ab88217460b743cab42.wasm,"address, address, address, address",ok,"Error(Contract, #2)",no
fa28ecb1604613e200c0858bb6c199d9ac1e7a0a5d9a7ff7ea3e78b5ddd72d07.wasm,address,ok,ok,yes
fa73738602a3c5dad819f4c2690946726f4bf83836f6a489bc330840c73c74ee.wasm,"address, address",ok,"Error(Contract, #1)",no
fad66860ede13d0fc0fed59828783a77828c1be530559d53e72c7282619a7956.wasm,"bytes[32], address, address, 986727, 332694, 901174, address, 528160","Error(Storage, MissingValue)","Error(Storage, MissingValue)",unknown
fb46c8bc449362c5ae1ced18aca8bea438f5df99247251f1d9d21e6eb117189d.wasm,address,ok,"Error(Contract, #1)",no
fb4d20b13edacf0454a1149a0db8d0fe4f0a29f7045d9ab952e299298bb88d64.wasm,address,ok,"Error(Contract, #402)",no
fb536966da5b8eff27d348fc8803d4942672c7aa01d2c1ec76540767afc49568.wasm,"address, address, address, address, address, address",ok,"Error(Contract, #9)",no
fb7106fd8db9bafe97dc312325bad43e39a58cee174c66f9cd925a502883720c.wasm,address,ok,"Error(WasmVm, InvalidAction)",no
fb824a851aaf30d482c4daa15860e2267e845f18a82f7eca0e159bf62df4fd03.wasm,"address, address, address, address",ok,"Error(Contract, #1)",no
fba4e26bb56b2d735fcc5255772a36156fa966b7173b814be515e22d184a301e.wasm,"address, bytes[32], [address address], 645623, 842119, 154826","Error(Contract, #2003)","Error(Contract, #2003)",unknown
fbbda860acc1e316e025469579755af05281534f8f8da6b86702a88c491a865c.wasm,{admin: address native_token: address relayer: address upgrade_authority: address xcall_address: address},ok,"Error(Contract, #3)",no
fbec8781f85b3a5f91d9297cc43da536a3020e20adae093923f02e69ec14a3af.wasm,"address, address",ok,"Error(Contract, #2)",no
fc1663b281b991e7a7afee176cc4d43eb577eac5c12e278c56a740dc0e865a66.wasm,"address, address, address, {capital_recipient: address delayed_settlement: false fee_recipient: address min_investment: 846642 min_redemption: 437953 offer_escrow_period: 299569 origination_fee_bps: 931790 payment_token: address redemption_fee_bps: 103521 redemption_lock_period: 590801 service_fee_bps: 692223}","Error(Contract, #5)","Error(Contract, #5)",unknown
fc1bbe9ca0b9b4c5b4fcb0b5d5f0b443320eb7f9efa406ee875bf2f820a8671c.wasm,"address, address, 318324, 528573, address, address, 18595",ok,"Error(Contract, #1)",no
fc26189836f1a1e6368a9ed07f6781c40d5e5c606fcd611d695072acb6d66c82.wasm,"address, address, address, address, address",ok,"Error(WasmVm, InvalidAction)",no
fc2cd0407a8a598b1dc956e51bcabec284841c1c8e5cf0342b1c973088eb9f68.wasm,address,ok,ok,yes
fc351dc94670a0864f1ec8e598fb6a0f12b759010697102127a990ecbfd260b4.wasm,address,ok,"Error(Contract, #4)",no
fc560f0a119ada47bfa3e4441874fabac22d5c915c2b2584df620e8925616142.wasm,"address, 832455, bytes[0], bytes[3]",ok,ok,yes
fc5ecbaf838665560cb4461818fc1adfe0a118aec9ce987c11604fe2f60f45d4.wasm,"address, address, address, 68638, 596822, 443721, address, 308694, address, {lp_token_amount: 933446 platform_fee_bps: 929276 platform_treasury: address}","Error(Contract, #7)","Error(Contract, #7)",unknown
fc6ca1bccc90c99f74c13ffacfd424496372dadefc2ead72d58a209349d6ccf9.wasm,"address, address, address",ok,"Error(Contract, #2)",no
fc741707bd138e1242759ed152d0c1a2ba0042fc68ae100b67ccfb1fe7967449.wasm,address,ok,"Error(Contract, #2)",no
fc9e8556c6ff8ce97f782290a70da308f2fd46b5526e0fe8b639ad054de55c60.wasm,"address, address, address, address, 528440, 998208","Error(WasmVm, InvalidAction)","Error(WasmVm, InvalidAction)",unknown
fca5857d1d02b9d34ae9588fdcf7e49e523620ae730e428c770eb3d0e1600e39.wasm,"address, address, address, address, address",ok,"Error(Contract, #2)",no
fcb0f7134e734386477b07f7d05bad3e2b5ba728b4ccf82e7d35115fd95bbc01.wasm,"address, address, address, address, address, address",ok,"Error(WasmVm, InvalidAction)",no
fcd1685d0e8b7eb82758b84430fdb1755c90816694f42d1757a0d7b5b1f0bbb3.wasm,"address, address, address, 197680, 467970, 831644, address",ok,"Error(WasmVm, InvalidAction)",no
fd0e6a0a87c9440c8d25907626d650f94cc075d7a8c3d1888d2c7cf7d341342d.wasm,address,ok,"Error(WasmVm, InvalidAction)",no
fd11bdee498f10d46d90a1b0391cd4bf5b4222894b057326c6d4ae4186e8c9fa.wasm,address,ok,"Error(Contract, #2)",no
fd1b1d97da7cbfdc9aa985048b082eee2d58755f785f87fa6ef9c313dcb86e0c.wasm,"address, address",ok,"Error(WasmVm, InvalidAction)",no
fd22f79670518e3d438c1e41927fd18682a03eba6c599f04a0720078a1c9d1b8.wasm,"address, address, address",ok,"Error(WasmVm, InvalidAction)",no
fd467fae9029ada13c4d3c1fd55117494c19c4a119917ce8f06ecc176228acdd.wasm,"address, address, address, 421801","Error(Contract, #6)","Error(Contract, #6)",unknown
fd54ee003f6cd0594f12ef3413a682324934f11005954f530c83b2fd32f41228.wasm,"address, address",ok,"Error(Contract, #1)",no
fdb6971a3197ba1d67567dcd7e2da1934c946096197481028e4495ea1b1eb81b.wasm,"address, address, address, address, address, address","Error(Contract, #9)","Error(Contract, #9)",unknown
fe16484087d72e2e4b471cb099792ad06b1a1987624bc2d22d942d660a8e81a2.wasm,{admin: address stk_contract: address stk_lp_contract: address},ok,"Error(Contract, #1)",no
fe7ce44b0d499d9c6aee6595ad1200fe650908eaecbcc3b0113c2524926e6ed3.wasm,"address, address, address, address, address, void",ok,"Error(Contract, #27)",no
feec0fc9b566c20928c326339eb20e931b46abfb162e7791ff7d25db1f7069a5.wasm,address,ok,"Error(Contract, #1014)",no
feed08a65666c1f22b476a62b15ccae69b202b29de08aeafe6e70b5732005456.wasm,{admin: address native_token: address relayer: address upgrade_authority: address xcall_address: address},ok,ok,yes
fefb2113acbfc73869dea6ad87f43c655e61fc5dce084fa36926b5e51e0e307e.wasm,"address, {apy_alpha: 805058 burn_receive_percentage: 380215 burnable_percentage: 965454 dogstar_fee_percentage: 883322 haw_ai_percentage: 468163 oracle_contract_id: address power_action_fee: 595491 power_to_usdc_rate: 616992 stake_interest_percentages: [406427 610917 816471] stake_periods: [] terry_per_deck: 416386 terry_per_fight: 830722 terry_per_lending: 281651 terry_per_power: 285866 terry_per_stake: 972392 withdrawable_percentage: 442764 xtar_token: address}",ok,"Error(WasmVm, InvalidAction)",no
ff0809a7f4d50c4fd2d834230905b1130c5cd8dd2c373995e90d363471501c89.wasm,,ok,ok,yes
ff7edeb5396eeb09bb26d7a2b29154b8f73698bd022e5d0ace77335246ec67f7.wasm,"{admin_fee: 49054 fee_receiver: address funds_receiver: address id: weh min_investment: 212273 name: 4li originator_wallet: address sbrl_token: address symbol: 27}, {admin: address operator: address}",ok,ok,yes
ff7f0e12bd7ddb6f91f6cff51a73eb5054d0f18d1c29052abb633fc4b0ee9e05.wasm,"address, bytes[32], [466946], bytes[32]","Error(Storage, MissingValue)","Error(Storage, MissingValue)",unknown
ffa62aebb6b340649dce6a4dae51c6798dc193178ddc9104ff190059de77f8a4.wasm,"address, address, address, [], 525688",ok,"Error(WasmVm, InvalidAction)",no
ffd2249433d021c6a215e08d21b834ee985e92b8e6dccb816849033fa4523ab9.wasm,"address, address, address, 312862",ok,"Error(Contract, #2)",no
ffd799287d904c23c6ca086a9d517df50f860f504502e917660b8730cbe915b5.wasm,"address, address",ok,"Error(Contract, #410)",no
ffddf40e7c479975864512a0e40dd43e0fe5ee0c8b8ea47329d973ba7477138e.wasm,"address, 197189, i2t, l","Error(WasmVm, InvalidAction)","Error(WasmVm, InvalidAction)",unknown
